budget,runtime,num_companies,num_genres,director_film_count,director_collab_count,director_hist_roi,actor_hist_roi,is_major_studio,is_english,is_us_production,has_homepage,is_summer,is_holiday,is_franchise,genre_Action,genre_Adventure,genre_Animation,genre_Documentary,genre_Drama,genre_Family,genre_Fantasy,genre_Horror,genre_Science Fiction,kw_independent_film,kw_3d,kw_sequel,hit
385907,178.0,2,1,0,0,0.0,0.0,0,1,1,0,0,0,0,0,0,0,0,1,0,0,0,0,0,0,0,0
245000,151.0,1,3,0,0,0.0,0.0,0,0,1,0,0,1,0,0,0,0,0,1,0,0,0,0,0,0,0,0
92620000,153.0,2,2,0,0,0.0,0.0,1,0,0,0,0,0,0,0,0,0,0,1,0,0,0,1,0,0,0,0
379000,100.0,1,3,0,0,0.0,0.0,0,1,1,0,0,0,0,0,0,0,0,1,0,0,0,0,0,0,0,0
3950000,127.0,1,3,0,0,0.0,0.0,0,1,1,0,0,1,0,1,0,0,0,1,0,0,0,0,0,0,0,0
4,89.0,1,3,0,0,0.0,0.0,1,1,1,0,0,1,0,0,0,0,0,1,0,0,0,0,0,0,0,0
439000,89.0,1,3,0,0,0.0,0.0,1,1,1,0,0,0,0,0,0,0,0,0,0,0,0,0,0,0,0,0
200000,77.0,1,1,0,0,0.0,0.0,1,1,1,0,0,0,0,0,0,0,0,0,0,0,0,0,0,0,0,0
325000,105.0,1,2,0,0,0.0,0.0,1,1,1,0,0,0,0,0,0,0,0,0,0,0,0,0,0,0,0,0
609000,101.0,1,3,0,0,0.0,0.0,0,1,1,0,0,0,0,0,0,0,0,0,0,0,0,0,0,0,0,0
1200000,115.0,1,4,0,0,0.0,0.0,1,1,1,0,0,0,0,1,1,0,0,1,0,0,0,0,0,0,0,0
1,87.0,2,2,0,0,0.0,0.0,0,1,1,0,0,0,0,0,0,0,0,1,0,0,0,0,0,0,0,0
1488423,83.0,1,3,0,0,0.0,0.0,1,1,1,1,0,1,0,0,0,1,0,0,1,1,0,0,0,0,0,1
2000000,106.0,1,3,0,0,0.0,0.0,1,1,1,0,0,0,0,0,0,0,0,1,0,0,0,0,0,0,0,0
1644736,126.0,1,2,1,0,13.846153846153848,0.0,1,1,1,0,1,0,0,0,0,0,0,0,0,0,0,0,0,0,0,0
4000000,178.0,2,3,0,0,0.0,8.063076923076924,0,1,1,0,0,1,0,0,0,0,0,1,0,0,0,0,0,0,0,1
1500000,129.0,1,2,2,1,9.182740784024821,4.5193277218957935,1,1,1,0,0,0,0,0,0,0,0,1,0,0,0,0,0,0,0,0
2777000,102.0,1,3,1,0,71.99768197727272,0.0,0,1,1,1,1,0,0,0,1,0,0,0,1,1,0,0,0,0,0,0
2280000,124.0,1,3,1,0,71.99768197727272,0.0,1,1,1,1,0,1,0,0,0,1,0,0,1,0,0,0,0,0,0,0
1288000,130.0,1,2,0,0,0.0,0.0,0,1,1,0,0,0,0,0,0,0,0,1,0,0,0,0,0,0,0,0
2600000,88.0,2,2,0,0,0.0,0.0,1,1,1,0,0,0,0,0,0,1,0,0,1,0,0,0,0,0,0,0
2000000,119.0,1,3,0,0,0.0,28.384035878933567,0,1,1,0,1,0,0,0,1,0,0,1,0,0,0,0,0,0,0,0
1250000,118.0,1,1,0,0,0.0,0.0,1,1,1,0,0,0,0,0,0,0,0,1,0,0,0,0,0,0,0,0
878000,102.0,1,2,1,0,2.28,0.0,1,1,1,0,0,1,0,0,0,0,0,1,0,0,0,0,0,0,0,0
858000,77.0,1,3,2,0,36.54385964912281,0.0,1,1,1,1,1,0,0,0,0,1,0,1,1,0,0,0,0,0,0,1
2361000,101.0,1,2,0,0,0.0,0.0,0,1,1,0,1,0,0,0,0,0,0,0,0,0,0,0,0,0,0,0
2627000,120.0,1,3,2,0,42.07643677545667,4.586,0,1,1,0,0,0,0,0,0,0,0,1,0,0,0,0,0,0,0,0
1500000,111.0,1,3,1,1,4.658385093167702,11.916287015945333,0,1,1,0,0,1,0,0,0,0,0,1,0,0,0,0,0,0,0,0
1250000,101.0,1,1,0,0,0.0,0.0,1,1,1,0,0,1,0,0,0,0,0,1,0,0,0,0,0,0,0,0
2160000,119.0,1,1,0,0,0.0,4.666666666666667,0,1,1,0,1,0,0,0,0,0,0,1,0,0,0,0,0,0,0,0
3180000,130.0,2,3,3,0,8.255160522683214,4.989495791421845,0,1,1,0,0,1,0,0,0,0,0,1,1,1,0,0,0,0,0,0
2100000,172.0,1,3,0,0,0.0,0.0,0,1,1,0,0,1,0,0,0,0,0,1,0,0,0,0,0,0,0,0
6000000,144.0,2,1,1,0,71.99768197727272,4.447222222222223,0,1,1,0,0,1,0,0,0,0,0,0,0,0,0,0,0,0,0,0
2000000,118.0,1,2,0,0,0.0,4.098148148148149,1,1,1,0,0,1,0,0,0,0,0,1,0,0,0,0,0,0,0,0
3700000,102.0,1,2,0,0,0.0,12.15519157364062,0,1,1,0,1,0,0,0,0,0,0,0,0,0,0,0,0,0,0,0
3000000,133.0,3,1,0,0,0.0,0.0,0,1,1,0,1,0,0,0,0,0,0,0,0,0,0,0,0,0,0,0
1600000,103.0,1,1,1,0,4.8,4.203,0,1,1,0,0,0,0,0,0,0,0,0,0,0,0,0,0,0,0,0
1000000,100.0,1,4,0,0,0.0,3.1895,0,1,1,0,0,1,0,1,0,0,0,1,0,0,0,0,0,0,0,0
3768785,107.0,1,5,1,0,2.919102075391783,0.0,0,1,1,0,0,0,0,1,0,0,0,0,0,0,0,0,0,0,0,0
1800000,125.0,2,1,1,0,3.9,71.99768197727272,1,1,1,0,0,0,0,0,0,0,0,1,0,0,0,0,0,0,0,0
8250000,171.0,1,3,0,0,0.0,0.0,0,1,1,0,0,1,0,0,0,0,0,1,0,0,0,0,0,0,0,0
2300000,107.0,1,2,2,1,2.520901048375726,2.122700021359669,0,1,1,0,1,0,0,0,0,0,0,0,0,0,0,0,0,0,0,0
730000,85.0,2,1,0,0,0.0,6.25,0,1,1,0,0,0,0,0,0,0,0,0,0,0,0,0,0,0,0,0
4000000,152.0,1,3,0,0,0.0,2.122700021359669,1,1,1,0,0,0,0,1,0,0,0,1,0,0,0,0,0,0,0,0
2540800,103.0,1,3,0,0,0.0,0.798918918918919,0,1,1,0,0,0,0,0,0,0,0,0,0,0,0,0,0,0,0,0
1650000,118.0,1,3,1,1,10.95890410958904,3.320181818181818,1,1,1,0,1,0,0,0,0,0,0,1,0,0,0,0,0,0,0,0
210000,80.0,1,3,0,0,0.0,0.0,0,1,1,0,1,0,0,0,1,0,0,0,0,0,1,1,0,0,0,0
4100000,135.0,1,1,0,0,0.0,0.0,1,1,1,0,0,0,0,0,0,0,0,1,0,0,0,0,0,0,0,0
1250000,92.0,1,3,0,0,0.0,3.4,1,1,1,0,0,0,0,0,0,0,0,1,0,0,0,0,0,0,0,0
2000000,178.0,1,2,0,0,0.0,0.0,0,0,0,0,0,0,0,1,0,0,0,1,0,0,0,0,0,0,0,0
5000000,139.0,1,2,2,0,7.098143507972666,8.78048780487805,1,1,1,0,1,0,0,0,0,0,0,1,0,0,0,0,0,0,0,0
5000000,127.0,1,3,0,0,0.0,0.0,1,1,1,0,0,1,0,0,1,0,0,1,0,0,0,1,0,0,0,0
910000,108.0,2,2,2,0,4.1722222222222225,4.444444444444445,1,1,1,0,1,0,0,0,0,0,0,1,0,0,0,0,0,0,0,0
1200000,99.0,2,3,2,0,4.662525879917185,0.0,1,1,1,0,0,0,0,0,0,0,0,0,0,0,0,0,0,0,0,0
1000000,89.0,1,5,0,0,0.0,0.0,1,1,1,0,0,1,0,1,0,0,0,1,0,0,0,0,0,0,0,0
4000000,105.0,1,1,0,0,0.0,18.484848484848484,0,1,1,0,0,0,0,0,0,0,0,1,0,0,0,0,0,0,0,0
4500000,116.0,2,2,0,0,0.0,3.8424873737373737,1,1,1,0,1,0,0,0,1,0,0,1,0,0,0,0,0,0,0,0
3000000,161.0,2,3,0,0,0.0,0.0,1,1,1,0,0,0,0,0,0,0,0,1,0,0,0,0,0,0,0,0
350000,96.0,2,1,0,0,0.0,0.0,0,1,1,0,0,0,0,0,0,0,0,1,0,0,0,0,0,0,0,0
3000000,108.0,2,2,0,0,0.0,0.0,0,1,1,0,0,0,0,0,0,0,0,1,0,0,0,0,0,0,0,0
3500000,149.0,1,1,2,0,14.721876297218763,0.0,1,1,1,0,1,0,0,0,0,0,0,1,0,0,0,0,0,0,0,0
2883848,122.0,2,2,1,0,8.8,5.2,0,1,1,0,0,0,0,0,0,0,0,0,0,0,0,0,0,0,0,0
5000000,139.0,1,4,2,0,37.69884098863636,4.129192546583851,0,1,1,0,0,1,0,0,0,0,0,1,0,0,0,0,0,0,0,0
3000000,146.0,1,1,1,0,5.8567746666666665,8.466334072431634,0,1,1,0,1,0,0,0,0,0,0,1,0,0,0,0,0,0,0,0
3000000,125.0,2,3,2,0,8.734486422307972,7.251153088974638,0,1,1,0,1,0,0,0,0,0,0,1,0,0,0,0,0,0,0,0
806948,109.0,3,3,3,0,5.052795031055901,0.0,1,1,1,0,1,0,0,0,0,0,0,1,0,0,1,0,0,0,0,0
3000000,178.0,2,2,0,0,0.0,5.915458907691303,0,1,1,0,0,1,0,0,0,0,0,1,0,0,0,0,0,0,0,0
6000000,152.0,3,3,0,0,0.0,0.0,0,1,1,0,0,0,0,0,0,0,0,1,0,0,0,0,0,0,0,0
4000000,124.0,2,3,1,0,2.311111111111111,16.207396424180356,0,1,1,0,0,0,0,1,0,0,0,1,0,0,0,0,0,0,0,0
2900000,136.0,1,2,4,0,6.949556241069015,0.0,0,1,1,0,0,1,0,0,0,0,0,1,0,0,0,0,0,0,0,0
2000000,134.0,2,1,0,0,0.0,5.8567746666666665,1,1,1,0,0,0,0,0,0,0,0,1,0,0,0,0,0,0,0,0
10000000,178.0,2,4,0,0,0.0,0.0,1,1,1,0,0,0,0,1,0,0,0,1,0,0,0,0,0,0,0,0
3200000,123.0,2,1,2,0,4.0875,16.34420496551705,1,1,1,0,0,0,0,0,0,0,0,0,0,0,0,0,0,0,0,0
2000000,153.0,3,2,0,0,0.0,5.64,0,1,1,0,1,0,0,0,0,0,0,1,0,0,0,0,0,0,0,0
2000000,129.0,1,2,0,0,0.0,3.7011111111111115,1,1,1,0,0,1,0,0,0,0,0,1,0,0,0,0,0,0,0,0
950000,110.0,2,3,0,0,0.0,0.0,0,1,0,1,0,0,0,1,1,0,0,0,0,0,0,0,0,0,0,0
15000000,178.0,1,4,1,0,11.1,11.1,0,1,0,0,0,1,0,0,1,0,0,1,0,0,0,0,0,0,0,0
4000000,172.0,2,5,0,0,0.0,0.0,0,1,1,0,1,0,0,0,1,0,0,1,0,0,0,0,0,0,0,0
1000000,128.0,1,4,0,0,0.0,0.0,0,1,0,0,0,0,0,0,1,0,0,0,0,0,0,0,0,0,0,0
31115000,178.0,3,3,0,0,0.0,7.318631235772358,1,1,1,0,1,0,0,0,0,0,0,1,0,0,0,0,0,0,0,0
9400000,163.0,2,4,1,1,3.333333333333333,3.3202751765850356,0,1,1,0,0,1,0,1,1,0,0,0,0,0,0,0,0,0,0,0
2000000,115.0,3,3,1,1,62.73684210526316,62.73684210526316,0,1,0,1,0,0,0,1,1,0,0,0,0,0,0,0,0,0,0,0
2500000,112.0,1,3,0,0,0.0,4.828387333333334,1,1,1,0,0,0,0,1,0,0,0,1,0,0,0,0,0,0,0,0
17000000,154.0,2,3,0,0,0.0,6.891304347826087,0,1,1,0,0,0,0,1,0,0,0,1,0,0,0,0,0,0,0,0
2686000,109.0,1,3,3,1,3.5583333333333336,4.1697500000000005,1,1,1,0,1,0,0,0,1,0,0,0,0,0,0,0,0,0,0,0
6000000,139.0,1,3,0,0,0.0,0.0,1,1,1,0,1,0,0,0,0,0,0,0,1,1,0,0,0,0,0,1
17000000,170.0,1,4,0,0,0.0,2.969500241041298,1,1,1,0,0,0,0,0,0,0,0,1,1,0,0,0,0,0,0,0
5800000,133.0,3,4,0,0,0.0,7.221212121212122,0,1,1,0,0,0,0,1,0,0,0,1,0,0,0,0,0,0,0,0
560000,88.0,3,2,0,0,0.0,0.0,0,1,0,1,1,0,0,0,0,0,0,0,0,0,0,0,0,0,0,0
1800000,95.0,2,3,1,0,4.625,0.0,1,1,1,0,0,0,1,0,0,0,0,1,0,0,0,0,0,0,0,0
200000,99.0,4,1,0,0,0.0,0.0,0,0,0,0,0,0,0,0,0,0,0,0,0,0,0,0,0,0,0,0
2500000,110.0,3,3,0,0,0.0,51.09311230263158,0,1,1,1,0,0,0,1,1,0,0,0,0,0,0,0,0,0,0,1
19000000,178.0,2,2,0,0,3.636363636363636,7.8831795,1,1,1,0,0,0,0,0,0,0,0,1,0,0,0,0,0,0,0,0
20000000,178.0,1,2,0,0,0.0,0.0,0,1,1,0,0,0,0,0,0,0,0,1,0,0,0,0,0,0,0,0
5500000,130.0,2,3,2,2,51.09311230263158,50.712883135087715,0,1,1,1,0,1,0,1,1,0,0,0,0,0,0,0,0,0,0,1
8200000,174.0,3,4,1,0,7.276137,17.0454545,1,1,1,0,0,0,0,0,0,0,0,1,1,0,0,0,0,0,0,1
11000000,178.0,1,3,2,1,7.8831795,0.0,0,1,1,0,0,1,0,0,0,0,0,1,0,0,0,0,0,0,0,1
3800000,123.0,2,2,0,0,0.0,4.794117647058823,1,1,1,0,0,0,0,0,0,0,0,0,0,0,0,0,0,0,0,0
3000000,128.0,1,2,4,0,13.703494070919529,15.263538040989161,1,1,1,0,1,0,0,0,0,0,0,0,0,0,0,0,0,0,0,0
1200000,161.0,4,1,1,0,71.99768197727272,71.99768197727272,0,0,1,1,0,1,0,0,0,0,0,0,0,0,0,0,0,0,0,0
3900000,120.0,2,2,3,0,11.033631817193461,1.1724137931034482,1,1,0,0,0,1,0,0,0,0,0,1,0,0,0,0,0,0,0,0
3500000,121.0,1,5,0,0,0.0,4.497527,1,1,1,0,0,0,0,1,0,0,0,1,0,0,0,0,0,0,0,0
9500000,117.0,1,3,0,0,0.0,44.45264680586124,0,1,0,1,1,0,0,1,1,0,0,0,0,0,0,0,0,0,0,1
3500000,134.0,2,2,2,0,4.661720666666667,5.833333333333333,1,1,1,0,0,1,0,0,0,0,0,1,0,0,0,0,0,0,0,0
2500000,92.0,2,4,0,0,0.0,2.457185405807893,0,1,1,0,1,0,0,1,0,0,0,1,0,0,0,0,0,0,0,0
950000,103.0,2,3,0,0,0.0,0.0,0,1,1,0,0,0,0,0,0,0,0,1,0,0,0,1,0,0,0,0
10500000,149.0,2,3,2,0,4.934797777777778,0.0,0,1,1,0,0,0,1,0,1,0,0,0,0,0,0,1,0,0,0,0
114000,96.0,4,1,0,0,0.0,0.0,0,1,1,0,0,0,0,0,0,0,0,0,0,0,1,0,0,0,0,0
5000000,175.0,3,1,2,1,38.49884098863636,2.857142857142857,1,1,1,0,0,1,0,0,0,0,0,0,0,0,0,0,0,0,0,0
1800000,114.0,1,1,0,0,0.0,38.49884098863636,0,1,1,0,1,0,0,0,0,0,0,0,0,0,0,0,0,0,0,0
3200000,136.0,2,3,0,0,0.0,0.0,1,1,1,0,1,0,0,0,0,0,0,1,0,0,1,0,0,0,0,0
10000000,153.0,3,3,1,0,3.6,0.0,1,1,0,0,0,0,0,0,0,0,0,1,1,0,0,0,0,0,0,0
9000000,98.0,3,1,0,0,0.0,0.0,1,1,1,0,0,0,0,0,0,0,0,0,0,0,0,1,0,0,0,0
1455000,113.0,3,1,0,0,0.0,24.505635427607654,0,1,1,0,0,1,0,0,0,0,0,0,0,0,0,0,0,0,0,0
100000,77.0,0,1,0,0,0.0,0.0,0,0,0,0,1,0,0,0,0,0,0,0,0,0,0,0,0,0,0,0
6244087,145.0,1,2,1,0,0.003913947368421,11.1,0,1,1,0,1,0,0,0,1,0,0,0,0,0,0,0,0,0,0,0
8000000,149.0,1,4,0,0,0.0,7.083333333333334,1,1,1,0,0,0,0,0,0,0,0,1,0,0,0,0,0,0,0,0
4000000,143.0,1,4,5,0,11.82946192340229,0.0,1,1,1,0,0,1,0,1,0,0,0,1,0,0,0,0,0,0,0,0
6500000,142.0,3,3,0,0,0.0,0.0,0,1,1,1,0,1,0,1,1,0,0,0,0,0,0,0,0,0,0,0
3600000,113.0,3,1,0,0,0.0,0.0,0,1,1,0,0,0,0,0,0,0,0,1,0,0,0,0,0,0,0,0
6000000,110.0,3,4,0,0,0.0,4.283735885714285,1,1,1,0,0,0,0,0,0,0,0,1,0,0,0,0,0,0,0,1
20000000,158.0,3,5,0,0,0.0,14.396872977293722,1,1,1,0,0,0,0,1,0,0,0,1,0,0,0,0,0,0,0,0
18000000,121.0,2,3,0,0,0.0,2.857142857142857,1,1,1,0,1,0,0,0,0,0,0,1,0,0,0,0,0,0,0,0
3716946,121.0,1,3,2,1,0.05309663589583565,1.0643016,1,1,1,0,0,0,0,1,0,0,0,0,0,0,0,0,0,0,0,0
600000,178.0,2,3,0,0,0.0,0.0,1,1,1,0,0,0,0,0,0,0,1,0,0,0,0,0,0,0,0,0
25000000,128.0,3,3,0,0,0.0,34.9041812195122,1,1,0,0,0,0,0,1,0,0,0,1,0,0,0,0,0,0,0,0
11000000,124.0,2,2,1,1,4.0,15.948377103792538,1,1,1,0,0,0,0,0,0,0,0,1,0,0,0,0,0,0,0,0
3000000,95.0,2,3,1,0,3.7777777777777777,4.444444444444445,1,1,1,0,0,0,0,0,1,0,0,0,0,0,0,1,0,0,0,0
25485000,144.0,1,5,1,0,5.64,3.610281130952381,1,1,1,0,0,0,0,1,1,0,0,1,0,0,0,0,0,0,0,0
12000000,172.0,1,3,0,0,0.0,7.8970230525030525,1,1,1,0,0,0,0,0,0,0,0,1,0,0,0,0,0,0,0,0
2090000,109.0,1,3,0,0,0.0,0.0,1,1,1,1,1,0,0,0,0,0,0,1,0,0,0,0,0,0,0,0
7200000,120.0,3,3,1,1,49.9524248,27.365291651614275,0,1,1,1,0,1,0,1,1,0,0,0,0,0,0,0,0,0,0,1
150000,97.0,1,3,0,0,0.0,0.0,0,1,1,1,0,0,0,1,0,0,0,1,0,0,0,0,0,0,0,0
2500000,98.0,2,2,0,0,0.0,5.094420944444444,1,1,1,0,0,0,0,1,0,0,0,0,0,0,0,1,0,0,0,0
3000000,100.0,2,2,0,0,0.0,0.0,1,1,1,0,1,0,0,0,0,0,0,0,1,1,0,0,0,0,0,0
1800000,104.0,3,3,0,0,0.0,0.0,1,1,1,0,0,0,0,1,0,0,0,0,0,0,0,0,0,0,0,0
9000000,178.0,3,2,0,0,0.0,0.0,0,1,1,0,0,1,0,0,0,0,0,1,0,0,0,0,0,0,0,0
2000000,82.0,2,1,0,0,0.0,0.0,0,1,1,0,0,0,0,0,0,0,0,0,0,0,0,0,0,0,0,0
6500000,131.0,1,2,2,0,21.0901591097561,0.0,1,1,1,0,0,0,0,0,0,0,0,0,0,0,0,1,0,0,0,0
3500000,116.0,1,4,6,0,10.107884936168576,0.0,1,1,0,0,0,0,0,0,0,0,0,1,0,0,0,0,0,0,0,0
6000000,175.0,2,2,0,0,0.0,7.496947496947497,1,1,1,1,0,0,0,0,0,0,0,1,0,0,0,0,0,0,0,1
1700000,88.0,2,2,0,0,0.0,3.6848905,1,1,1,0,1,0,0,1,0,0,0,0,0,0,0,1,0,0,0,0
12000,93.0,1,3,0,0,0.0,0.0,0,1,1,0,0,0,0,0,0,0,0,0,0,0,1,0,1,0,0,0
2000000,88.0,1,1,1,0,5.916848,5.916848,0,1,1,0,1,0,0,0,0,0,0,0,0,0,0,0,0,0,0,0
1700000,93.0,2,2,1,0,5.705882352941177,5.148481450980392,1,1,1,0,1,0,0,1,0,0,0,0,0,0,0,1,0,0,0,0
7000000,121.0,3,3,2,2,33.03312538611111,0.0,0,1,0,1,1,0,0,1,1,0,0,0,0,0,0,0,0,0,0,1
8000000,122.0,2,3,1,1,22.86597611111111,0.77366665,1,1,1,1,0,1,0,0,0,0,0,1,0,0,1,0,0,0,0,1
5500000,105.0,2,1,0,0,0.0,20.589849663762624,1,1,1,0,0,0,0,0,0,0,0,0,0,0,0,0,0,0,0,0
500000,110.0,1,2,0,0,0.0,0.0,0,1,1,0,0,0,0,0,0,0,0,1,0,0,0,0,0,0,0,0
5500000,129.0,1,3,1,0,17.0514815,11.73158749404762,1,1,1,0,0,1,0,0,0,0,0,1,0,0,0,0,0,0,0,1
777000,110.0,3,2,0,0,0.0,0.0,1,1,1,0,1,0,0,0,0,0,0,1,0,0,0,0,0,0,0,1
4638783,106.0,1,1,3,0,0.4837945504017694,0.0,0,1,1,0,0,0,0,0,0,0,0,0,0,0,0,0,0,0,0,0
2000000,89.0,1,3,2,1,7.4624965,7.4624965,0,1,1,0,0,1,0,0,0,0,0,0,0,0,0,1,1,0,0,0
85000,83.0,2,1,0,0,0.0,0.0,0,1,1,0,0,0,0,0,0,0,0,0,0,0,1,0,0,0,0,0
13000000,178.0,2,2,1,1,21.80345091666667,25.00838316666667,1,1,1,0,0,1,1,0,0,0,0,1,0,0,0,0,0,0,0,0
1600000,113.0,3,3,2,0,40.844401833333336,22.86597611111111,1,1,1,0,0,0,0,0,0,0,0,1,0,0,0,0,0,0,0,0
2800000,106.0,4,2,0,0,0.0,1.3333333333333333,1,1,1,0,0,1,0,0,0,0,0,0,0,0,0,1,0,0,0,0
7000000,125.0,3,3,3,3,29.725790066931214,23.111119428571428,0,1,1,1,0,1,0,1,1,0,0,0,0,0,0,0,0,0,0,0
2600000,93.0,2,2,1,0,30.811904642857144,16.07261898809524,1,1,1,0,0,0,0,0,0,0,0,0,0,0,0,0,0,0,0,1
400000,91.0,4,3,0,0,0.0,0.0,0,1,0,1,0,0,0,0,1,0,0,0,0,1,0,0,0,0,0,0
11000000,178.0,3,3,3,0,5.470817566137566,0.0,1,1,1,0,0,1,0,0,0,0,0,1,0,0,0,0,0,0,0,0
3000000,133.0,3,1,0,0,0.0,0.0,1,1,1,0,0,1,0,0,0,0,0,1,0,0,0,0,0,0,0,1
7000000,124.0,2,3,0,0,0.0,41.2949361506734,1,1,1,1,1,0,0,0,1,0,0,0,0,0,1,0,0,0,0,1
300000,80.0,1,3,0,0,0.0,0.0,0,1,1,0,0,0,0,1,0,0,0,0,0,0,0,1,0,0,0,0
5000000,113.0,4,1,0,0,0.0,11.378863082655828,0,1,0,0,0,0,0,0,0,0,0,0,0,0,0,0,0,0,0,0
2800000,111.0,2,2,0,0,0.0,2.761801736003115,1,1,1,0,1,0,0,0,0,0,0,0,0,0,1,0,0,0,0,0
1000000,119.0,1,1,0,0,0.0,26.666666666666668,0,1,1,0,0,1,0,0,0,0,0,1,0,0,0,0,0,0,0,1
3800000,121.0,2,1,1,0,2.857142857142857,4.629141259677241,0,1,1,0,0,1,0,0,0,0,0,1,0,0,0,0,0,0,0,0
1300000,114.0,3,2,1,0,6.0,6.0,1,1,1,0,0,0,0,0,0,0,0,1,0,0,0,0,0,0,0,0
9000000,119.0,1,4,0,0,0.0,0.0,0,1,1,0,1,0,0,1,1,0,0,0,0,0,0,1,0,0,0,0
35000000,102.0,1,2,0,0,0.0,0.0,1,1,1,0,0,0,0,0,0,0,0,0,1,0,0,0,0,0,0,0
2000000,121.0,1,3,7,0,9.178187088144494,0.0,1,1,1,0,0,0,0,0,0,0,0,0,0,0,0,0,0,0,0,0
14000000,125.0,3,3,1,0,11.74576705263158,18.524988285714286,0,1,1,1,1,0,0,1,1,0,0,0,0,0,0,0,0,0,0,1
4000000,93.0,1,3,3,0,8.0324525,7.223602778846153,0,1,1,0,0,0,0,0,0,0,0,1,0,0,0,0,0,0,0,0
22000000,121.0,3,3,2,0,39.014622118055556,45.05113091269841,1,1,1,0,1,0,0,1,1,0,0,0,0,0,0,0,0,0,0,0
14000000,118.0,1,3,1,0,1.28,32.34051083552519,1,1,1,0,1,0,1,0,0,0,0,0,0,1,1,0,0,0,0,0
11000000,121.0,2,3,1,0,71.99768197727272,0.0,1,1,1,1,0,0,0,1,1,0,0,0,0,0,0,1,0,0,0,1
22000000,175.0,2,3,0,0,0.0,40.844401833333336,0,1,1,0,1,0,0,0,0,0,0,1,0,0,0,0,0,0,0,0
10000,89.0,2,4,0,0,0.0,0.0,0,1,1,0,0,0,0,0,0,0,0,1,0,1,1,1,1,0,0,0
17000000,91.0,1,3,1,0,3.4285714285714284,0.0,1,1,1,0,0,0,0,1,1,0,0,0,0,0,0,1,0,0,0,0
20000000,135.0,3,2,1,0,67.23628571428571,69.61698384577922,1,1,1,0,0,1,0,0,0,0,0,1,0,0,0,1,0,0,0,1
3400000,94.0,2,2,2,0,38.3867215521978,0.0,1,1,1,0,0,1,0,0,0,0,0,0,0,0,0,0,0,0,0,0
500000,97.0,1,2,0,0,0.0,0.0,0,1,1,0,1,0,0,0,0,0,0,0,0,0,1,1,1,0,0,0
24000000,134.0,2,4,2,0,4.5456605075187975,0.0,1,1,1,0,0,0,0,0,1,0,0,0,1,1,0,0,0,0,0,0
6000000,110.0,2,1,0,0,0.0,0.0,1,1,1,0,1,0,0,0,0,0,0,0,0,0,0,0,0,0,0,1
55000000,143.0,3,4,1,0,21.75820714285714,18.61276560907611,1,1,1,0,0,1,0,1,1,0,0,0,0,1,0,1,0,0,0,1
20000000,116.0,1,2,0,0,0.0,30.215905456950455,1,1,1,0,1,0,1,0,0,0,0,0,0,0,1,0,0,0,1,1
5000000,118.0,1,4,4,0,25.779056835912698,43.955021816017315,1,1,0,0,0,1,0,1,1,0,0,0,0,0,0,0,0,0,0,0
15000000,178.0,2,2,0,0,0.0,8.316360384615384,1,1,1,0,0,1,0,0,0,0,0,1,0,0,0,0,0,0,0,0
300000,91.0,2,2,0,0,0.0,0.0,0,1,1,1,0,0,0,0,0,0,0,0,0,0,1,0,1,0,0,0
11,145.0,2,2,1,0,9.256036666666668,26.75538632160895,0,1,1,0,0,0,0,1,0,0,0,1,0,0,0,0,0,0,0,0
2700000,109.0,3,1,0,0,0.0,0.0,1,1,1,1,1,0,0,0,0,0,0,0,0,0,0,0,0,0,0,1
8000000,111.0,2,2,0,0,0.0,17.042788821919192,1,1,1,0,1,0,0,0,0,0,0,1,0,0,0,0,0,0,0,0
31500000,153.0,2,2,3,0,15.754681149572653,9.490671588368578,0,1,1,1,1,0,0,0,0,0,0,1,0,0,0,0,0,0,0,0
12000000,102.0,1,2,1,0,1.1724137931034482,71.99768197727272,1,1,1,0,0,0,0,0,0,0,0,0,0,0,1,1,0,0,0,0
20000000,98.0,1,4,0,0,0.0,39.655591190510414,1,1,1,0,0,1,0,1,1,0,0,0,1,0,0,1,0,0,0,0
9250000,125.0,1,3,0,0,0.0,2.7625,1,1,1,0,0,1,0,0,0,0,0,1,0,0,0,0,0,0,0,0
35000000,113.0,3,2,2,0,41.212858732142855,52.22222222222222,1,1,1,0,0,1,0,1,0,0,0,0,0,0,0,0,0,0,0,0
2700000,118.0,1,2,0,0,0.0,15.18943175,0,1,1,0,0,0,0,0,1,0,0,0,1,0,0,0,0,0,0,0
35000000,132.0,1,3,3,1,14.694801611632272,34.0,1,1,1,0,0,1,1,0,1,0,0,0,0,0,0,1,0,0,0,1
11000000,117.0,2,4,0,0,0.0,0.0,1,1,1,1,0,0,0,1,0,0,0,0,0,0,1,1,0,0,0,1
34000000,126.0,2,4,2,0,12.49569327631579,16.765198690476193,0,1,1,1,1,0,0,1,1,0,0,0,0,0,0,1,0,0,0,1
400000,93.0,3,4,0,0,0.0,0.0,0,1,0,0,0,0,0,1,1,0,0,0,0,0,0,1,0,0,0,1
15000000,125.0,1,2,0,0,0.0,0.0,1,1,1,0,0,0,0,0,0,0,0,1,0,0,0,0,0,0,0,0
1000000,89.0,3,1,1,1,71.99768197727272,71.99768197727272,0,1,1,1,0,0,0,0,0,0,0,0,0,0,1,0,0,0,0,0
27000000,133.0,1,4,1,0,52.22222222222222,13.736035741269841,1,1,1,0,1,0,0,1,0,0,0,0,0,0,0,0,0,0,0,1
18000000,129.0,1,1,2,1,13.87022076923077,10.357924957264958,0,1,1,0,0,1,0,0,0,0,0,1,0,0,0,0,0,0,0,0
19000000,144.0,3,2,4,1,4.557658629148629,36.32709166666667,1,1,1,0,0,0,0,0,0,0,0,0,0,0,1,0,0,0,0,0
3500000,88.0,1,1,0,0,0.0,0.0,1,1,1,0,1,0,0,0,0,0,0,0,0,0,0,0,0,0,0,0
5500000,95.0,1,2,0,0,0.0,0.0,0,1,1,1,1,0,0,0,0,0,0,0,0,0,0,1,0,0,0,0
18000000,124.0,2,3,0,0,0.0,58.98327325757575,1,1,1,1,0,0,0,1,1,0,0,0,0,0,0,1,0,0,0,1
6500000,105.0,2,3,0,0,0.0,1.793409090909091,0,1,1,0,1,0,0,0,0,0,0,0,0,0,1,0,0,0,0,0
6000000,98.0,2,1,0,0,0.0,0.0,1,1,1,0,1,0,0,0,0,0,0,0,0,0,0,0,0,0,0,0
54000000,127.0,3,4,1,0,21.963692857142856,6.393351462674363,1,1,1,0,0,1,1,1,1,0,0,0,0,1,0,1,0,0,1,1
10000000,99.0,1,2,0,0,0.0,26.666666666666668,0,1,1,0,0,0,0,0,0,0,0,0,0,0,0,0,0,0,0,0
5000000,124.0,1,2,1,0,71.99768197727272,0.0,0,1,1,0,0,0,0,0,0,0,0,1,0,0,0,0,0,0,0,0
4500000,104.0,1,3,1,0,30.302295,7.269230769230769,1,1,1,0,1,0,0,0,1,0,0,1,0,0,0,0,0,0,0,0
44000000,178.0,2,4,1,1,3.333333333333333,3.786742206706198,0,1,1,0,0,1,0,1,0,0,0,1,0,0,0,0,0,0,0,0
35000000,111.0,2,1,0,0,0.0,27.968467387500002,0,1,1,0,0,0,0,0,0,0,0,0,0,0,0,1,0,0,0,0
46000000,140.0,3,3,3,0,42.61938747448166,4.658385093167702,0,1,1,0,0,0,0,0,0,0,0,1,0,0,0,0,0,0,0,0
28000000,127.0,2,3,0,0,0.0,11.688159382703084,0,1,1,1,1,0,0,1,1,0,0,0,0,0,0,0,0,0,0,1
10000000,79.0,1,3,0,0,0.0,0.0,1,1,1,0,0,1,0,0,0,0,0,0,1,0,0,0,0,0,0,0
12000000,100.0,2,2,0,0,0.0,0.0,0,0,1,0,0,1,0,0,1,0,0,1,0,0,0,0,0,0,0,0
18000000,98.0,1,4,0,0,0.0,0.0,0,1,1,0,1,0,0,1,1,0,0,0,0,0,0,0,0,0,0,0
32000000,178.0,2,2,0,0,0.0,7.464120788461538,0,1,1,0,0,1,0,0,0,0,0,1,0,0,0,0,0,0,0,0
18000000,108.0,1,3,1,0,4.907538461538461,17.604916730769233,0,1,1,0,1,0,0,0,0,0,0,1,0,0,0,0,0,0,0,0
4000000,94.0,2,1,0,0,0.0,0.0,0,1,1,0,0,1,0,0,0,0,0,0,0,0,0,0,0,0,0,1
11000000,92.0,2,1,3,0,28.63654358381814,9.136187647058824,1,1,1,0,1,0,1,0,0,0,0,0,0,0,0,0,0,0,0,0
1250000,87.0,2,2,0,0,0.0,0.0,1,1,1,0,0,0,0,0,0,0,0,0,0,0,1,0,0,0,0,0
14000000,149.0,5,5,0,0,0.0,0.0,0,1,0,1,0,0,0,1,1,0,0,1,0,0,0,0,0,0,0,0
1000000,91.0,3,2,0,0,0.0,0.0,0,1,1,0,0,0,0,0,0,0,0,1,0,0,1,0,0,0,0,0
20000000,98.0,0,1,0,0,0.0,28.420988421717173,0,1,1,0,1,0,0,0,0,0,0,0,0,0,0,0,0,0,0,0
6000000,99.0,4,2,2,2,46.68802148863636,2.551139662211625,0,1,1,1,0,0,0,1,0,0,0,0,0,0,0,1,0,0,0,0
5000000,116.0,1,5,1,0,12.57237,13.615977445475705,0,1,0,0,1,0,0,0,1,0,0,0,1,1,0,1,1,0,0,0
18000000,115.0,2,2,3,0,27.77767479285714,33.949279673400675,1,1,1,1,1,0,0,1,1,0,0,0,0,0,0,0,0,0,0,1
17000000,102.0,1,2,0,0,0.0,0.0,0,1,1,1,0,1,0,0,1,0,0,0,0,0,0,0,1,0,0,0
350000,85.0,1,1,0,0,0.0,0.0,0,1,1,0,0,0,0,0,0,0,0,0,0,0,1,0,0,0,0,0
5000000,99.0,3,3,0,0,0.0,33.221449547979795,1,1,1,0,0,0,0,1,0,0,0,0,0,0,0,0,0,0,0,0
10000000,106.0,1,2,0,0,0.0,0.0,1,1,1,0,1,0,0,1,0,0,0,0,0,0,0,0,0,0,0,0
5500000,123.0,5,2,0,0,0.0,0.0,1,1,0,0,0,0,0,0,0,0,0,1,0,0,0,0,0,0,0,0
18000000,108.0,2,1,0,0,0.0,0.0,1,1,0,0,1,0,0,0,0,0,0,0,0,1,0,0,0,0,0,0
2000000,95.0,1,4,1,0,71.99768197727272,71.99768197727272,0,1,0,0,0,1,1,1,1,0,0,0,0,0,0,1,1,0,1,0
14000000,118.0,2,3,1,0,7.483333333333333,0.0,0,1,1,0,0,0,0,0,1,0,0,0,0,0,0,0,1,0,0,0
28000000,117.0,3,3,1,0,9.539254636363635,17.429335020580808,1,1,1,1,1,0,0,0,0,0,0,1,0,0,0,1,0,0,0,0
12000000,113.0,1,4,0,0,0.0,8.976190476190476,1,1,1,0,1,0,1,1,1,0,0,0,0,0,0,1,0,0,0,0
10500000,115.0,2,4,4,0,26.248894580753966,0.0,1,1,1,1,0,0,0,0,1,0,0,0,1,1,0,1,0,0,0,1
4500000,90.0,2,1,0,0,0.0,0.0,1,1,1,0,1,0,0,0,0,0,0,0,0,0,0,0,0,0,0,0
15000000,93.0,1,4,0,0,0.0,25.911355110984847,0,1,1,0,0,0,0,1,1,0,0,0,0,0,0,0,0,0,0,1
2500000,98.0,1,3,0,0,0.0,0.0,1,1,1,0,0,0,1,0,0,0,0,0,0,0,1,1,0,0,0,0
15000000,109.0,2,3,3,3,33.91671988131313,8.374116666666668,1,1,1,1,1,0,0,0,0,0,0,0,0,0,1,1,0,0,0,0
35000000,114.0,2,1,0,0,0.0,2.8793551818181817,1,1,1,0,1,0,0,0,0,0,0,0,0,0,0,0,0,0,0,0
18000000,136.0,1,4,1,0,2.8545454545454545,15.098157351599326,0,1,1,0,1,0,0,1,1,0,0,0,0,0,0,1,0,0,0,0
10700000,114.0,2,1,1,0,71.99768197727272,0.0,0,1,1,0,1,0,0,0,0,0,0,0,0,0,1,0,0,0,0,1
20000000,129.0,2,3,0,0,0.0,18.90381597261905,1,1,1,0,0,0,0,1,1,0,0,0,0,1,0,0,0,0,0,0
8000000,120.0,3,3,1,0,71.99768197727272,21.378361,1,1,1,0,0,1,0,0,0,0,0,0,0,1,1,0,0,0,0,0
3500000,104.0,1,5,0,0,0.0,5.64,0,1,0,0,0,0,0,1,0,0,0,1,1,0,0,0,0,0,0,0
4000000,95.0,2,2,1,0,17.3782208,0.0,1,1,1,0,1,0,0,0,0,0,0,0,0,0,1,0,0,0,0,0
21000000,116.0,5,2,0,0,0.0,13.517471131944443,1,1,1,0,0,1,0,0,0,0,0,0,0,0,0,0,0,0,0,1
22000000,178.0,6,2,1,0,2.3068181818181817,0.0,1,1,0,0,0,1,0,0,0,0,0,1,0,0,0,0,0,0,0,0
16000000,129.0,1,1,3,0,3.322788296679198,9.641615898886828,1,1,1,0,0,1,0,0,0,0,0,1,0,0,0,0,0,0,0,0
27000000,117.0,2,3,0,0,0.0,0.0,1,1,1,0,1,0,0,1,1,0,0,0,0,1,0,0,0,0,0,0
7000000,100.0,2,1,0,0,0.0,0.0,0,1,1,0,0,0,0,0,0,0,0,0,0,0,0,0,1,0,0,0
25000000,170.0,1,4,2,0,2.787102564102564,22.250771724358977,1,1,1,0,0,1,0,1,0,0,0,1,0,0,0,0,0,0,0,0
12000000,114.0,2,2,0,0,0.0,0.0,0,1,1,1,1,0,0,0,0,0,0,0,0,0,0,1,0,0,0,0
5952000,87.0,4,3,1,1,2.0766616,0.0,1,1,0,0,0,0,0,0,0,0,0,0,0,0,1,1,0,0,0,0
40600000,116.0,2,1,2,0,19.81169594197531,24.637780898815535,1,1,1,0,1,0,0,0,0,0,0,0,0,0,0,0,0,0,0,0
5000000,107.0,3,6,0,0,0.0,14.123092783333334,0,1,1,0,0,0,0,1,0,0,0,1,0,0,0,0,0,0,0,0
15000000,98.0,1,3,1,0,6.641057333333333,3.3779659916666667,1,1,1,0,1,0,0,0,1,0,0,0,0,0,0,0,0,0,0,0
12000000,132.0,3,3,0,0,0.0,0.0,0,1,1,0,0,1,0,0,0,0,0,1,0,0,0,0,0,0,0,0
10000000,101.0,1,5,5,0,28.244997962962962,0.0,1,1,1,0,1,0,1,0,0,0,0,1,0,1,1,1,0,0,0,0
27500000,131.0,1,3,1,1,6.975457214285714,12.69131712184874,0,1,1,1,1,0,0,1,1,0,0,0,0,0,0,0,0,0,0,1
27000000,178.0,2,2,0,0,0.0,0.0,1,1,1,0,0,0,0,0,0,0,0,1,0,0,0,0,0,0,0,0
32350000,135.0,2,3,0,0,0.0,36.21509362785795,1,1,1,1,0,0,0,1,1,0,0,0,0,0,0,1,0,0,0,1
4000000,95.0,1,3,0,0,0.0,0.8575431578947369,1,1,1,0,0,0,0,0,0,0,0,1,0,0,0,0,0,0,0,0
10000000,91.0,2,2,4,0,12.526013885989013,0.0,1,1,1,0,0,0,0,0,0,0,0,1,0,0,0,0,0,0,0,0
10000000,103.0,3,3,0,0,0.0,4.809221988636363,1,1,1,0,0,0,0,0,0,0,0,0,0,0,1,1,1,0,0,0
36000000,134.0,3,3,1,0,29.91111111111111,24.015998192613573,0,1,1,1,0,0,0,1,1,0,0,0,0,0,0,0,0,0,0,1
39000000,125.0,3,5,2,0,12.745352965608465,4.492761246127946,1,1,1,0,1,0,1,1,1,0,0,0,0,1,0,1,0,0,1,0
15000000,114.0,2,5,0,0,0.0,37.962378321969695,1,1,1,0,0,0,0,1,0,0,0,1,0,1,1,0,0,0,0,0
8000000,126.0,3,1,1,1,71.99768197727272,3.3697647,1,1,1,0,1,0,0,0,0,0,0,1,0,0,0,0,0,0,0,0
28000000,118.0,2,2,6,1,29.98972536671476,23.732866083329057,1,1,1,1,0,0,0,1,1,0,0,0,0,0,0,0,0,0,0,1
25000000,132.0,1,3,0,0,0.0,16.578978691450214,0,1,1,0,0,0,0,1,0,0,0,1,0,0,0,0,0,0,0,0
15000000,105.0,2,3,0,0,0.0,4.123620492610837,1,1,1,0,0,1,0,1,0,0,0,0,0,0,0,0,0,0,0,1
4200000,114.0,2,2,1,0,3.95570425,3.3697647,0,1,1,0,1,0,0,1,0,0,0,0,0,0,0,0,0,0,0,0
18000000,105.0,1,4,0,0,0.0,9.128042328042328,1,1,1,0,0,0,1,1,1,0,0,0,0,0,0,1,0,0,0,0
1800000,91.0,2,1,0,0,0.0,0.0,0,1,1,0,0,1,0,0,0,0,0,0,0,0,1,0,0,0,0,0
27000000,102.0,6,4,1,0,6.071428571428571,0.0,1,1,1,0,0,0,0,0,1,0,0,1,1,1,0,0,0,0,0,0
4500000,96.0,2,2,0,0,0.0,0.0,1,1,1,0,0,0,0,0,0,0,0,0,0,0,0,0,0,0,0,1
1250000,88.0,2,2,0,0,0.0,0.0,0,1,1,0,1,0,0,0,0,0,0,0,0,0,1,1,1,0,0,0
18000000,160.0,1,3,1,0,36.32709166666667,0.0,1,1,1,0,0,0,0,0,0,0,0,1,0,0,0,0,0,0,0,0
8000000,111.0,1,3,0,0,0.0,0.0,0,1,1,0,0,0,0,0,0,0,0,0,0,1,0,0,0,0,0,0
1500000,92.0,1,4,0,0,0.0,0.0,0,1,1,0,0,0,0,0,0,0,0,0,0,0,0,1,1,0,0,0
8000000,163.0,4,3,3,0,8.645100363636365,4.497964595238096,1,1,1,0,0,1,0,0,1,0,0,1,0,0,0,0,0,0,0,0
10000000,114.0,2,4,3,0,2.7365310827350426,0.1176470588235294,1,1,1,0,0,0,0,0,0,0,0,0,0,0,1,0,0,0,0,0
2600000,91.0,2,2,0,0,0.0,0.0,1,1,1,0,0,0,1,0,0,0,0,0,0,0,1,0,0,0,0,0
40000000,137.0,1,3,2,1,38.59992738863636,0.6118318518518518,0,1,1,0,0,1,0,1,1,0,0,0,0,0,0,1,0,0,0,0
18000000,103.0,1,3,2,0,3.39971926623504,3.95570425,0,1,1,0,1,0,0,1,1,0,0,0,0,1,0,0,0,0,0,1
11000000,106.0,2,3,1,1,10.465492450000001,0.0,1,1,1,0,1,0,0,0,0,0,0,0,0,1,1,0,0,0,0,1
58000000,127.0,3,4,5,0,10.69476404879121,0.0,0,1,1,0,0,1,0,0,0,0,0,1,0,0,0,0,0,0,0,0
8200000,107.0,2,4,0,0,0.0,0.6666666666666666,1,1,1,0,0,0,0,0,0,0,0,1,1,0,0,0,0,0,0,0
25000000,117.0,3,5,0,0,0.0,0.0,1,1,0,0,1,0,0,1,1,0,0,0,0,1,0,1,0,0,0,0
6400000,108.0,5,3,0,0,0.0,4.755629902777778,0,1,1,1,0,0,0,1,0,0,0,0,0,0,0,1,0,0,0,0
19000000,116.0,3,4,0,0,0.0,4.650452817460317,1,1,1,1,1,0,0,0,1,0,0,0,1,0,0,1,0,0,0,1
15000000,154.0,3,1,7,1,27.404458477592243,0.0,1,1,1,0,0,1,0,0,0,0,0,1,0,0,0,0,0,0,0,1
44000000,96.0,2,4,0,0,0.0,15.373058204393939,0,1,1,0,0,0,1,1,1,0,0,0,0,0,0,0,0,0,0,1
25000000,109.0,2,3,0,0,0.0,0.0,0,1,1,1,1,0,0,0,1,0,0,0,1,1,0,0,0,0,0,0
10000000,108.0,3,3,0,0,0.0,0.0,0,1,1,0,0,0,0,1,1,0,0,0,0,0,0,0,0,0,0,0
3500000,96.0,3,2,2,1,37.31313817613636,0.0,0,1,1,0,1,0,0,0,0,0,0,0,0,0,1,1,0,0,0,0
30000000,131.0,1,3,2,2,6.896819516233766,4.3405069427862655,0,1,1,1,0,0,0,1,1,0,0,0,0,0,0,0,0,0,0,1
4000000,91.0,3,2,0,0,0.0,0.0,0,1,1,0,0,0,0,0,0,0,0,0,0,0,1,0,1,0,0,0
3000000,117.0,3,2,0,0,0.0,0.0,0,1,0,0,0,1,0,0,0,0,0,1,0,0,0,0,0,0,0,0
10000000,90.0,3,3,1,0,1.1386778,7.252253268518518,1,1,1,0,0,0,0,1,1,0,0,0,0,0,0,0,0,0,0,0
2200000,92.0,2,2,0,0,0.0,0.0,1,1,1,0,0,0,1,0,0,0,0,0,0,0,1,0,0,0,0,0
17900000,89.0,3,3,3,0,4.118331362675211,6.876689951388888,0,1,1,0,0,0,0,1,1,0,0,0,0,1,0,0,0,0,0,0
860000,97.0,3,3,0,0,0.0,0.0,0,1,0,0,0,0,0,0,0,0,0,1,0,0,0,0,1,0,0,0
3000000,87.0,2,1,0,0,0.0,0.0,0,1,1,0,0,0,1,0,0,0,0,0,0,0,1,0,0,0,0,0
20000000,121.0,2,4,2,0,13.60835828051948,3.9494472765079363,1,1,1,0,0,0,0,0,1,0,0,1,0,1,0,0,0,0,0,0
12000000,113.0,1,4,0,0,0.0,22.041436234690213,1,1,1,0,0,0,0,0,0,0,0,1,0,0,0,0,0,0,0,0
2000000,104.0,1,2,0,0,0.0,0.0,0,0,0,0,0,0,0,1,0,0,0,0,0,0,0,0,0,0,0,0
31000000,161.0,2,1,1,0,8.438095238095238,13.740380188131311,1,1,1,0,0,1,0,0,0,0,0,1,0,0,0,0,0,0,0,1
12305523,107.0,1,3,2,1,29.081063292424236,20.25731407621212,0,1,0,0,1,0,1,1,1,0,0,0,0,0,0,1,0,0,1,0
37000000,110.0,2,3,0,0,0.0,14.597834858395991,1,1,1,0,1,0,0,0,0,0,0,0,0,1,0,1,0,0,0,0
17000000,117.0,5,2,1,0,23.23030075,4.444444444444445,0,1,1,0,0,0,0,0,0,0,0,1,0,0,0,0,0,0,0,0
25000000,94.0,1,3,0,0,0.0,0.0,0,1,1,0,0,1,0,0,0,0,0,0,0,0,1,0,0,0,0,0
12000000,100.0,1,1,3,1,41.70912136246814,3.95,0,1,1,0,0,0,0,0,0,0,0,0,0,0,0,1,0,0,0,0
13800000,119.0,2,1,3,0,9.672739772079773,10.420737307623106,0,1,1,0,0,0,0,0,0,0,0,1,0,0,0,0,0,0,0,0
8000000,89.0,4,2,0,0,0.0,12.684953846153846,1,1,1,0,1,0,0,0,0,0,0,1,0,0,0,0,0,0,0,0
25000000,94.0,1,3,1,0,1.0092369142857145,11.658649759277504,1,1,1,0,0,1,0,1,1,0,0,0,0,0,0,0,0,0,0,0
5000000,97.0,2,2,0,0,0.0,0.0,1,1,0,0,0,0,0,0,1,0,0,0,0,0,0,0,0,0,0,1
4700000,101.0,1,1,2,0,27.941765991645426,0.0,0,1,1,0,1,0,0,0,0,0,0,0,0,0,1,0,0,0,0,0
6000000,120.0,2,3,0,0,0.0,1.2962962962962965,0,1,1,0,0,1,0,1,0,0,0,1,0,0,0,0,0,0,0,1
3000000,86.0,1,3,0,0,0.0,0.0,1,1,1,0,1,0,1,0,0,0,0,0,0,0,1,0,0,0,0,0
24000000,119.0,1,2,1,0,4.833333333333333,7.988492063492063,1,1,1,0,0,1,1,0,1,0,0,0,0,0,0,1,0,0,0,1
15000000,110.0,1,3,0,0,0.0,2.9518014464285716,1,1,1,0,0,0,0,1,0,0,0,0,0,0,0,0,0,0,0,1
16000000,116.0,2,3,0,0,0.0,0.1953295,0,1,1,0,0,0,0,1,1,0,0,0,0,1,0,0,0,0,0,0
2700000,93.0,3,5,0,0,0.0,0.0,0,1,1,0,0,1,0,1,0,0,0,0,0,0,1,1,1,0,0,0
18500000,137.0,3,4,1,0,12.2455,10.892377318181818,1,1,1,0,1,0,0,1,0,0,0,0,0,0,1,1,0,0,0,1
18000000,103.0,2,4,6,0,8.986811192958191,0.0,0,1,1,0,0,0,0,0,0,0,0,1,0,1,0,0,0,0,0,0
25000000,99.0,2,4,4,4,25.764702577651512,18.66501361111111,1,1,1,1,0,0,0,1,1,0,0,0,0,1,0,0,0,0,0,0
17000000,90.0,4,3,0,0,0.0,6.273491969650926,1,1,1,0,1,0,1,1,1,0,0,0,0,0,0,1,0,0,1,0
55000000,107.0,1,3,0,0,0.0,3.9654938209325397,1,1,1,0,0,0,0,1,1,0,0,0,0,0,0,0,0,0,0,0
23000000,163.0,6,2,0,0,0.0,4.666359,1,1,0,0,0,0,0,0,0,0,0,1,0,0,0,0,0,0,0,0
20000000,100.0,3,3,1,1,23.78870673333333,14.494346719839443,1,1,1,0,0,0,1,1,0,0,0,0,0,0,0,0,0,0,1,1
1100000,99.0,1,2,0,0,0.0,3.55925,0,1,1,0,0,0,0,0,0,0,0,0,0,0,1,0,0,0,0,0
3500000,92.0,2,1,0,0,0.0,6.185532323529412,0,1,1,0,0,0,0,0,0,0,0,0,0,0,1,0,0,0,0,0
5000000,96.0,2,2,0,0,0.0,12.084455777777777,0,1,1,0,0,0,1,0,0,0,0,0,0,0,1,0,0,0,0,0
18000000,107.0,6,4,0,0,0.0,5.578990318653011,1,1,1,0,1,0,0,1,1,0,0,0,0,0,0,1,0,1,0,0
14000000,119.0,1,3,2,0,11.813265727941177,0.0,1,1,1,0,0,0,0,0,0,0,0,1,0,0,0,0,0,0,0,1
15000000,126.0,1,2,1,1,23.0884275,12.633307831128747,1,1,1,0,0,1,0,0,0,0,0,1,0,0,0,0,0,0,0,0
16000000,98.0,3,5,1,0,6.53592675,2.533333333333333,0,1,1,0,0,0,0,0,1,0,0,0,1,1,0,0,0,0,0,0
25000000,119.0,1,4,4,1,2.2724468120512817,22.058842817796663,1,1,1,0,1,0,0,0,0,0,0,1,0,0,0,0,0,0,0,0
1000000,94.0,4,1,0,0,0.0,0.0,0,1,0,0,0,0,0,0,0,0,0,0,0,0,1,0,0,0,0,0
27000000,101.0,4,2,0,0,0.0,5.558747006284915,0,1,1,0,0,1,0,1,0,0,0,0,0,0,0,1,0,0,0,0
13000000,121.0,2,3,0,0,0.0,0.0,0,1,1,0,0,1,0,0,0,0,0,1,0,0,0,0,0,0,0,1
23000000,89.0,1,2,0,0,0.0,9.39420035,1,1,1,0,1,0,1,0,1,0,0,0,0,0,0,0,0,0,1,0
8500000,97.0,1,2,0,0,0.0,9.610440298076924,1,1,1,0,1,0,0,0,0,0,0,0,0,0,1,0,0,0,0,0
40000000,130.0,2,3,3,0,6.291523677489177,0.0,0,1,1,1,1,0,0,1,1,0,0,0,0,0,0,0,0,0,0,1
3600000,84.0,2,3,1,0,71.99768197727272,71.99768197727272,0,1,1,0,0,0,0,0,0,0,0,0,0,1,1,0,0,0,0,0
6500000,108.0,2,2,0,0,0.0,0.0,1,1,1,0,1,0,0,0,0,0,0,1,0,0,0,0,0,0,0,0
22700000,96.0,2,2,4,0,22.19724648331815,3.7788536072192516,0,1,1,1,1,0,0,0,0,0,0,0,0,0,0,1,0,0,0,0
14000000,119.0,3,2,1,0,2.8506337209302326,12.32302178,1,1,1,0,0,1,0,0,0,0,0,1,0,0,0,0,0,0,0,0
4000000,110.0,2,1,2,2,13.00581605,1.5499358,0,1,1,0,0,1,0,0,0,0,0,1,0,0,0,0,1,0,0,0
3000000,97.0,3,4,0,0,0.0,0.0,1,1,1,1,1,0,0,1,0,0,0,0,0,0,1,1,0,0,0,0
4000000,94.0,3,4,5,0,20.69976206212121,1.3086506666666666,1,1,1,1,0,1,0,1,0,0,0,0,0,0,1,1,0,0,0,0
18000000,104.0,3,5,0,0,0.0,8.72766675,1,1,1,0,1,0,0,0,0,0,0,1,1,1,0,0,0,0,0,1
8000000,124.0,8,2,0,0,0.0,0.0,0,0,0,1,1,0,0,0,0,1,0,0,0,0,0,1,0,0,0,0
30000000,126.0,2,3,1,0,21.09069853333333,15.599503795482295,1,1,1,0,1,0,0,0,1,0,0,0,0,0,0,0,0,0,0,0
7000000,96.0,2,5,0,0,0.0,6.484506530702665,0,1,1,0,0,0,0,1,1,0,0,1,0,0,0,0,0,0,0,0
7000000,164.0,2,1,4,1,8.201909575436641,18.479324134615386,1,1,1,0,1,0,0,0,0,0,0,1,0,0,0,0,0,0,0,0
25000000,133.0,2,1,1,0,9.53249,8.149316754510949,0,1,1,0,0,1,0,0,0,0,0,1,0,0,0,0,0,0,0,1
1300000,102.0,1,4,1,0,0.0,0.0,0,1,1,0,0,0,0,0,0,0,0,1,0,0,1,0,0,0,0,0
2800000,88.0,1,2,0,0,0.0,0.0,1,1,1,0,0,0,1,0,0,0,0,0,0,0,1,0,0,0,0,0
15000000,92.0,2,2,0,0,0.0,0.0,1,1,1,0,0,0,0,0,0,0,0,0,0,1,0,0,0,0,0,0
20000000,108.0,2,2,0,0,0.0,2.4437823881168814,0,1,1,0,0,1,0,0,0,0,0,0,0,0,0,1,0,0,0,0
12300000,77.0,6,3,0,0,0.0,0.0,1,1,1,0,0,1,0,0,1,1,0,0,1,0,0,0,0,0,0,0
5000000,88.0,1,2,0,0,0.0,71.99768197727272,0,1,1,0,0,0,1,0,0,0,0,0,0,0,1,0,0,0,1,0
9000000,87.0,1,2,0,0,0.0,0.0,0,1,1,0,0,1,0,0,0,0,0,0,0,0,1,0,0,0,0,0
1500000,92.0,1,1,0,0,0.0,0.0,0,1,1,0,0,0,0,1,0,0,0,0,0,0,0,0,0,0,0,0
7000000,99.0,1,2,0,0,0.2728492307692308,9.479191033333333,0,1,1,0,1,0,1,0,0,0,0,0,0,0,1,0,0,0,1,0
13000000,107.0,2,5,0,0,0.0,4.937083282051282,1,1,1,0,1,0,0,1,1,0,0,1,0,0,0,0,0,0,0,0
63000000,102.0,2,4,0,0,0.0,13.695388196590908,0,1,1,0,0,0,0,1,1,0,0,0,0,0,0,0,0,0,0,1
10500000,98.0,1,2,0,0,0.0,4.297530341142191,0,1,1,0,1,0,0,0,0,0,0,0,0,0,1,0,0,0,0,0
28000000,131.0,3,2,1,0,5.457530444444444,0.0,1,1,1,0,1,0,0,1,0,0,0,0,0,0,0,0,0,0,0,1
15000000,107.0,1,1,1,0,8.53,20.646718108513642,1,1,1,0,0,1,0,0,0,0,0,0,0,0,0,0,0,0,0,1
16000000,96.0,2,3,2,0,4.2322700625,29.554989854953906,0,1,1,0,1,0,0,0,0,0,0,1,0,0,0,0,0,0,0,0
160000,91.0,2,2,0,0,0.0,0.0,1,1,1,0,0,0,0,0,0,0,1,0,0,0,0,0,0,0,0,0
8000000,89.0,1,2,0,0,0.0,9.771841641269841,0,1,1,0,1,0,1,0,0,0,0,0,0,0,1,0,0,0,0,0
11000000,107.0,2,1,0,0,0.0,16.095535149382716,1,1,1,0,0,0,0,0,0,0,0,0,0,0,0,0,0,0,0,0
16400000,129.0,2,1,1,1,5.72558275,9.53249,0,1,1,0,1,0,0,0,0,0,0,1,0,0,0,0,0,0,0,1
18000000,122.0,2,1,0,0,0.0,2.8523664166666665,0,1,1,0,0,1,0,0,0,0,0,0,0,0,0,0,0,0,0,0
5000000,96.0,1,2,0,0,0.0,14.961073162878785,0,1,1,0,0,0,1,0,0,0,0,0,0,0,1,0,0,0,1,0
30000000,125.0,3,3,2,0,5.36140621103896,12.89537705,1,1,1,0,0,0,0,1,0,0,0,0,0,0,0,0,0,0,0,0
48000000,127.0,2,2,8,2,25.198001242893216,15.773892152872017,1,1,1,1,0,0,0,1,1,0,0,0,0,0,0,0,0,0,0,1
19000000,113.0,1,3,0,0,0.0,15.712310522905986,1,1,1,0,0,0,0,0,0,0,0,1,0,0,0,0,0,0,0,1
7500000,99.0,2,2,0,0,0.0,2.023595400802773,0,1,1,0,0,1,0,0,0,0,0,1,0,0,0,0,0,0,0,1
70000000,139.0,3,4,2,0,11.077248783783784,5.220988021862442,1,1,1,0,1,0,0,1,1,0,0,0,0,0,0,1,0,0,0,0
35000000,126.0,3,2,1,0,4.8884444,10.58317808207201,1,1,1,0,1,0,0,1,0,0,0,0,0,1,0,0,0,0,0,1
10000000,90.0,1,3,0,0,0.0,0.0,0,1,1,1,0,0,0,0,1,0,0,0,0,0,0,1,0,0,0,0
6500000,120.0,2,1,0,0,0.0,0.0,1,1,1,0,1,0,0,0,0,0,0,1,0,0,0,0,0,0,0,0
30000000,107.0,1,4,0,0,0.0,7.496388888888888,1,1,1,0,1,0,1,1,1,0,0,0,0,0,0,1,0,0,0,0
5000000,100.0,3,2,0,0,0.0,6.846428928571428,1,1,1,0,1,0,1,0,0,0,0,0,0,0,1,0,0,0,0,0
55000000,104.0,1,3,0,0,0.0,10.388590582915892,1,1,1,0,0,1,0,1,1,0,0,0,0,0,0,0,0,0,0,0
14000000,145.0,2,2,3,3,8.959591699999999,11.06703646542443,1,1,1,0,0,1,0,0,0,0,0,1,0,0,0,0,0,0,0,1
32000000,133.0,1,3,4,1,5.913554614366883,4.779647425,0,1,1,1,1,0,0,1,1,0,0,0,0,0,0,0,0,0,0,1
15000000,114.0,3,2,0,0,0.0,9.13726119047619,0,1,1,0,0,0,0,1,0,0,0,0,0,0,0,0,0,0,0,0
40000000,108.0,3,4,1,1,20.05840852631579,13.414443963422068,1,1,1,1,0,1,1,0,1,0,0,0,1,0,0,1,0,0,1,1
11500000,103.0,1,2,0,0,0.0,0.0,1,1,1,0,0,0,0,0,0,0,0,1,0,0,1,0,0,0,0,0
47000000,103.0,1,5,1,1,1.26195809375,5.931371281523189,0,1,1,0,1,0,0,1,1,0,0,0,0,0,0,0,0,0,0,1
10000000,129.0,2,2,1,1,5.7377607692307695,1.4904647222222225,1,1,1,0,1,0,0,0,0,0,0,1,0,0,0,0,0,0,0,0
11000000,96.0,2,2,0,0,0.0,3.429494800352651,1,1,1,0,0,0,0,1,0,0,0,0,0,0,1,0,0,0,0,0
20000000,105.0,1,3,2,0,8.3206354,7.324429639024389,1,1,1,0,0,1,0,0,0,0,0,1,0,1,0,0,0,0,0,0
14000000,119.0,2,2,0,0,0.0,1.406009322281167,0,1,1,0,0,0,0,0,0,0,0,0,0,0,0,0,0,0,0,1
30000000,134.0,3,3,2,1,5.242478722222222,12.17413160123472,1,1,1,1,0,0,0,1,1,0,0,0,0,0,0,0,0,0,0,1
22000000,127.0,1,5,1,0,23.843868285714287,7.661549397619048,1,1,1,0,1,0,0,0,0,0,0,1,0,1,0,0,0,0,0,1
40000000,118.0,3,4,2,2,14.179204263157896,11.843277626705653,1,1,1,1,0,0,1,0,1,0,0,0,1,0,0,1,0,0,1,1
25000000,145.0,1,2,5,2,6.800772946063598,10.303265548846154,0,1,1,1,0,0,0,0,0,0,0,1,0,0,0,0,0,0,0,0
26000000,115.0,2,4,1,0,3.7908902352941176,6.600462977485928,1,1,1,0,1,0,0,0,0,0,0,1,0,0,1,1,0,0,0,0
49000000,104.0,2,5,3,1,4.686335905494506,0.0,1,1,1,0,1,0,0,1,0,0,0,0,0,0,0,0,0,0,0,0
3000000,100.0,2,3,0,0,0.0,0.0,0,1,1,0,0,0,0,0,0,0,0,0,1,0,0,1,0,0,0,0
22000000,178.0,2,3,0,0,0.0,3.05081816,0,1,1,0,0,1,0,0,1,0,0,1,0,0,0,0,0,0,0,1
15000000,111.0,2,1,2,0,11.4854796,6.150671381565539,1,1,1,0,0,1,0,0,0,0,0,0,0,0,0,0,0,0,0,1
50000000,106.0,2,3,2,2,11.615876845454546,13.916645636363636,1,1,1,0,1,0,1,0,0,0,0,0,0,1,1,0,0,0,0,0
31000000,103.0,3,2,0,0,0.0,0.0,0,1,1,0,1,0,0,0,0,0,0,0,0,0,1,0,0,0,0,0
13000000,84.0,1,2,0,0,0.0,3.844260222222222,1,1,1,0,0,1,0,0,0,0,0,1,0,0,1,0,0,0,0,0
18000000,103.0,2,2,0,0,0.0,2.003887688888889,1,1,1,1,0,1,0,0,0,0,0,0,1,0,0,0,0,0,0,1
70000000,124.0,3,2,2,0,5.314996043956044,5.027427,1,1,1,0,1,0,1,1,0,0,0,0,0,0,0,0,0,0,1,1
65000000,113.0,3,3,0,0,0.0,6.963246324354554,0,1,1,0,1,0,0,1,1,0,0,0,0,0,0,1,0,0,0,1
60000000,107.0,2,1,2,0,19.393479266666667,7.201115142396878,1,1,1,0,1,0,0,0,1,0,0,0,0,0,0,0,0,0,0,1
35000000,108.0,4,3,1,1,2.771044875,9.7528006,1,1,1,0,0,1,0,1,0,0,0,0,0,0,0,1,0,0,0,0
54000000,162.0,1,3,7,2,8.03141626856734,6.895498122496487,1,1,1,1,0,1,1,0,0,0,0,1,0,0,0,0,0,0,0,1
35000000,128.0,4,2,6,0,5.979553415052998,7.177836114289784,1,1,1,0,0,1,0,0,0,0,0,0,0,0,0,0,0,0,0,1
11000000,89.0,1,3,0,0,0.0,8.02164244970238,0,1,1,0,0,0,1,0,0,0,0,0,0,0,1,0,0,0,0,0
6000000,107.0,2,4,0,0,0.0,0.0,0,1,1,0,1,0,1,1,1,0,0,0,0,1,0,1,0,0,1,0
27000000,113.0,1,4,1,0,8.066666666666666,6.564473544973545,1,1,1,0,0,1,1,1,1,0,0,0,0,0,0,1,0,0,0,0
65000000,100.0,2,3,0,0,0.0,4.9829910417582415,0,1,1,0,0,0,0,1,1,0,0,0,0,0,0,0,0,0,0,0
19000000,119.0,2,3,0,0,0.0,4.7066778199999995,0,1,1,0,0,0,0,0,0,0,0,1,0,0,0,0,0,0,0,1
14000000,107.0,3,4,2,0,21.6903815,9.338252217523385,1,1,1,0,0,0,0,1,1,0,0,1,1,0,0,0,0,0,0,0
48000000,143.0,2,1,0,0,0.0,15.302812697575757,1,1,1,0,1,0,1,0,1,0,0,0,0,0,0,0,0,0,0,1
23000000,98.0,3,2,0,0,0.0,0.3345399683257918,0,1,1,1,1,0,0,1,0,0,0,0,0,0,0,0,0,0,0,0
100000000,137.0,5,3,3,1,7.813404417760618,9.457224631344165,0,1,1,0,1,0,1,1,0,0,0,0,0,0,0,1,0,0,0,1
15000000,110.0,1,4,0,0,0.0,7.870746,0,1,1,0,1,0,0,1,0,0,0,1,0,0,0,0,0,0,0,0
70000000,144.0,2,4,9,0,23.495843248312486,13.02941367085428,0,1,1,0,0,1,0,0,1,0,0,0,1,1,0,0,0,0,0,1
38000000,140.0,4,2,4,4,8.702806767142857,10.121106869444445,0,1,1,0,0,0,0,0,0,0,0,1,0,0,0,0,0,0,0,0
30000000,99.0,3,3,0,0,0.0,8.658810636440059,1,1,1,0,0,1,0,0,0,0,0,0,0,1,1,0,0,0,0,1
6500000,112.0,1,2,0,0,0.0,0.0,1,1,1,0,1,0,0,0,0,0,0,1,0,0,0,0,0,0,0,0
23000000,85.0,1,2,0,0,23.843868285714287,2.2084019285714285,1,1,1,0,1,0,1,0,0,0,0,0,0,0,0,0,0,0,0,0
40000000,178.0,4,3,5,5,9.594724096428571,7.317480945606061,1,1,1,0,0,1,0,0,0,0,0,1,0,0,0,0,0,0,0,1
11000000,98.0,1,3,0,0,0.0,0.0,1,1,0,0,1,0,0,0,1,0,0,1,0,0,0,0,0,0,0,0
8000000,79.0,2,2,2,0,3.4443389,0.0,1,1,1,0,1,0,0,1,0,0,0,0,0,0,0,0,0,0,0,0
24000000,137.0,1,2,2,0,10.5227431,9.404043477700348,0,1,1,0,0,0,0,0,0,0,0,1,0,0,0,0,0,0,0,0
25000000,88.0,2,5,0,0,0.0,11.55169876113539,0,1,1,0,0,0,1,1,1,0,0,0,1,0,0,1,0,0,0,0
30000000,132.0,1,2,1,0,2.533333333333333,3.8709523809523807,1,1,1,0,0,1,0,0,0,0,0,1,0,0,0,0,0,0,0,0
20000000,94.0,1,2,0,0,0.0,0.0,1,1,1,0,0,0,0,0,0,0,0,0,0,0,0,0,0,0,0,1
55000000,104.0,1,2,3,3,11.490532700438598,3.526123850419473,1,1,1,0,1,0,0,0,0,0,0,0,0,1,0,0,0,0,0,1
50000000,114.0,2,3,0,0,0.0,6.458421830982801,1,1,1,0,0,0,1,1,0,0,0,0,0,0,1,1,0,0,1,1
28000000,90.0,1,6,0,0,0.0,7.489443972858594,1,1,1,1,0,1,0,0,1,1,0,0,1,1,0,0,0,0,0,1
40000000,138.0,1,1,3,0,4.755337249999999,16.495599778564355,0,1,1,1,0,1,0,0,0,0,0,1,0,0,0,0,0,0,0,1
1200000,99.0,3,2,0,0,0.0,9.645555989010989,1,1,1,0,0,0,0,0,0,0,0,0,0,0,0,0,0,0,0,0
35000000,114.0,3,1,4,0,9.332661475974026,0.0,1,1,1,0,0,0,0,0,0,0,0,1,0,0,0,0,0,0,0,0
10000000,101.0,1,2,1,0,4.0485039,1.379885717948718,1,1,1,0,0,0,0,0,0,0,0,0,1,0,0,0,0,0,0,0
220000,81.0,1,3,0,0,0.0,0.0,1,0,1,0,0,0,0,1,0,0,0,0,0,0,0,0,0,0,0,0
3705538,112.0,6,4,0,0,0.0,0.0,0,1,0,1,0,0,0,0,0,0,0,1,0,0,0,0,0,0,0,0
80000000,126.0,2,2,3,1,6.4304236,13.049335957777778,1,1,1,0,1,0,0,1,0,0,0,0,0,1,0,0,0,0,0,1
12500000,100.0,3,3,0,0,0.0,7.961381051816285,0,1,1,0,0,0,0,0,0,0,0,1,0,0,0,0,0,0,0,0
12000000,91.0,2,4,5,2,2.4281210816410255,3.9244644461788614,1,1,1,0,1,0,0,0,0,0,0,1,0,0,1,0,0,0,0,0
40000000,112.0,1,6,0,0,0.0,2.8506337209302326,0,1,1,0,0,0,0,1,1,0,0,1,0,0,0,0,0,0,0,0
7,90.0,4,5,0,0,0.0,9.246532486507936,0,1,0,0,0,0,0,1,0,0,0,0,0,0,1,1,0,0,0,0
40000000,128.0,3,2,8,0,7.344077341477903,5.179408984619883,1,1,1,0,0,1,0,0,0,0,0,0,0,0,1,0,0,0,0,1
25000000,129.0,3,5,0,0,0.0,8.90086643090909,1,1,1,0,0,1,0,1,0,0,0,1,0,0,0,0,0,0,0,1
10000000,108.0,2,3,0,0,0.0,0.0,0,1,1,0,0,0,0,0,0,0,0,0,0,0,1,1,0,0,0,0
8000000,95.0,3,3,0,0,0.0,0.28203975000000003,0,1,1,0,0,0,0,1,0,0,0,0,0,0,0,1,0,0,0,0
40000000,117.0,1,2,0,0,0.0,10.377067219638752,1,1,1,0,1,0,0,0,0,0,0,0,0,0,0,0,0,0,0,0
11000000,120.0,3,2,0,0,0.0,9.557430072785714,1,1,1,0,0,0,0,0,0,0,0,1,0,0,0,0,0,0,0,0
40000000,99.0,5,3,6,0,17.791840385101008,6.172039283333333,1,1,1,1,0,0,0,0,0,0,0,0,0,1,0,1,0,0,0,0
40000000,128.0,2,1,1,0,8.426043,5.224168737056737,1,1,1,0,1,0,0,0,0,0,0,0,0,0,0,0,0,0,0,1
18000000,120.0,2,4,1,1,26.482481944444444,18.09449657535714,1,1,1,0,0,1,1,0,1,0,0,0,1,0,0,0,0,0,0,1
45000000,117.0,2,4,0,0,0.0,20.872342288027674,1,1,1,0,1,0,0,1,0,0,0,1,0,0,0,0,0,0,0,1
34000000,178.0,3,2,2,2,3.6765600346153846,1.5529120111111112,1,1,1,0,0,1,0,0,0,0,0,1,0,0,0,0,0,0,0,0
14000000,131.0,2,1,2,0,3.3908100606060607,11.620727387994558,1,1,1,0,1,0,0,0,0,0,0,0,0,0,0,0,0,0,0,1
35000000,118.0,2,5,3,0,9.379438853679654,12.489008391944708,1,1,1,0,0,0,0,1,1,0,0,0,0,0,0,0,0,0,0,1
63000000,127.0,2,2,10,1,20.94254918639971,8.515189698214286,1,1,1,1,1,0,0,0,1,0,0,0,0,0,0,1,0,0,0,1
3500000,97.0,1,3,0,0,0.0,0.0,0,1,1,0,0,0,0,1,0,0,0,1,0,0,0,0,0,0,0,0
6900000,102.0,3,2,0,0,0.0,0.0,0,1,1,0,0,0,0,0,0,0,0,1,0,0,0,0,0,0,0,0
1500000,96.0,1,4,0,0,0.0,0.0,0,1,1,0,0,0,0,1,0,0,0,1,0,0,0,0,1,0,0,0
14600000,101.0,1,4,2,0,5.3671804000000005,4.397446769230769,1,1,1,0,0,0,0,0,0,0,0,1,0,1,0,0,0,0,0,0
14000000,109.0,1,2,1,0,8.846779846153845,0.0,1,1,1,1,1,0,0,0,0,0,0,1,0,0,0,0,0,0,0,0
44000000,130.0,1,5,0,0,0.0,11.09604336005824,1,1,1,0,1,0,0,1,1,0,0,0,0,0,0,0,0,0,0,1
45000000,141.0,1,4,0,0,0.0,8.181357323107447,1,1,1,0,0,1,0,0,0,0,0,1,0,0,0,0,0,0,0,1
25000000,130.0,2,5,1,0,6.827282545454546,5.723151742663476,0,1,1,0,0,1,0,1,1,0,0,1,0,0,0,0,0,0,0,0
14000000,98.0,1,1,0,0,0.0,0.0,1,1,1,0,0,0,0,0,0,0,0,0,0,0,0,0,0,0,0,1
22000000,178.0,2,3,11,0,21.576051527766953,3.533540409090909,1,1,1,1,0,1,0,0,0,0,0,1,0,0,0,0,0,0,0,1
19000000,93.0,1,3,0,0,0.0,0.0,1,1,1,0,0,1,0,0,0,0,0,0,1,1,0,0,0,0,0,0
25000000,125.0,2,3,2,0,23.21323211111111,6.401006942714867,1,1,1,0,0,1,0,0,0,0,0,1,1,0,0,0,0,0,0,1
42000000,154.0,3,3,2,0,6.291615441628265,8.771723224145987,1,1,1,0,1,0,0,0,0,0,0,1,0,0,0,0,0,0,0,1
11500000,134.0,2,2,1,1,6.9888813333333335,6.324542302894737,1,1,1,0,0,1,0,0,0,0,0,1,0,0,0,0,0,0,0,0
48000000,104.0,5,4,0,0,0.0,1.707632340425532,1,1,1,0,0,0,0,0,1,0,0,0,1,1,0,0,0,0,0,0
11500000,100.0,3,4,0,0,0.0,5.265852375,0,1,1,0,0,0,0,1,0,0,0,1,0,0,0,0,0,0,0,0
32000000,120.0,2,4,1,0,1.7163929032258065,8.433470052264807,1,1,1,0,0,0,0,1,1,0,0,1,0,0,0,0,0,0,0,0
21000000,96.0,3,6,0,0,0.0,3.12,0,1,1,0,0,0,0,1,1,0,0,0,1,1,0,1,0,0,0,0
800000,114.0,2,2,0,0,0.0,0.0,0,1,1,0,0,0,0,0,0,0,0,1,0,0,0,0,1,0,0,0
7000000,121.0,4,2,0,0,0.0,5.323747137545787,0,1,0,0,0,0,0,0,0,0,0,1,0,0,0,0,0,0,0,1
70000000,112.0,6,3,4,0,3.6189528934065938,9.939932816241354,0,1,1,0,0,0,0,1,1,0,0,0,0,0,0,0,0,0,0,1
28000000,96.0,1,3,0,0,0.0,3.154016,1,1,1,0,1,0,0,0,0,0,0,0,1,1,0,0,0,0,0,0
3000000,87.0,3,1,0,0,0.0,3.95570425,0,1,1,0,0,0,0,1,0,0,0,0,0,0,0,0,0,0,0,0
2000000,97.0,1,4,0,0,0.0,0.0,0,1,1,0,0,0,0,0,0,0,0,0,0,0,1,1,0,0,0,0
3000000,87.0,2,3,0,0,0.0,4.823214464285714,0,1,1,0,1,0,1,0,0,0,0,0,0,1,1,0,1,0,1,0
6000000,99.0,2,1,1,0,2.0068478,2.0068478,0,1,1,0,1,0,0,1,0,0,0,0,0,0,0,0,0,0,0,0
12500000,120.0,4,4,3,2,13.806323583333333,8.546967075000001,1,1,1,0,0,0,0,1,0,0,0,0,0,0,0,0,0,0,0,0
85000000,130.0,2,5,3,0,5.708319148148148,4.711399460312877,1,1,1,0,1,0,0,1,1,0,0,0,1,1,0,0,0,0,0,1
34000000,139.0,1,2,7,3,5.8694131312699165,3.021392552377261,1,1,1,0,0,0,0,0,0,0,0,1,0,0,0,0,0,0,0,0
11000000,118.0,1,2,0,0,0.0,2.65,1,1,1,0,0,1,0,0,0,0,0,1,0,0,0,0,1,0,0,0
2600000,91.0,0,3,0,0,0.0,0.0,0,1,1,0,0,0,0,1,1,0,0,0,0,0,0,0,0,0,0,0
26000000,125.0,2,1,1,1,14.354890631578948,3.108555929593631,0,1,1,0,0,1,0,0,0,0,0,1,0,0,0,0,0,0,0,1
22000000,104.0,1,5,0,0,0.0,2.3070842490842494,0,1,1,0,0,0,1,1,1,0,0,0,0,0,0,1,0,0,1,0
28000000,77.0,3,5,0,0,0.0,9.873203083657224,0,1,0,0,0,0,0,0,1,1,0,0,1,1,0,1,0,0,0,0
10500000,99.0,1,2,0,0,0.0,0.0,0,1,1,0,0,0,0,0,0,0,0,1,0,0,0,0,0,0,0,0
40000000,128.0,2,2,2,0,5.5562563125,9.268198601340996,0,1,1,0,1,0,0,0,0,0,0,0,0,0,0,0,0,0,0,0
8000000,154.0,3,2,1,1,12.217505833333334,15.484480833333334,0,1,1,0,0,0,0,0,0,0,0,0,0,0,0,0,0,0,0,1
25000000,108.0,1,5,1,0,0.36875,6.501674857584541,1,1,1,0,1,0,0,1,1,0,0,0,0,1,0,1,0,0,0,0
46000000,91.0,3,3,0,0,0.0,5.292136977177525,1,1,1,0,0,0,0,0,0,0,0,0,1,1,0,0,0,0,0,1
15000000,102.0,5,3,0,0,0.0,0.284444625,0,1,1,0,0,0,0,1,0,0,0,0,0,1,0,0,0,0,0,0
45000000,119.0,3,4,2,0,3.077930983031674,5.99917663888889,1,1,1,0,1,0,0,0,0,0,0,1,0,0,0,0,0,0,0,1
38000000,118.0,1,4,0,0,0.0,0.0,1,1,1,0,0,1,1,1,1,0,0,0,0,0,0,1,0,0,0,1
9000000,79.0,1,1,0,0,0.0,0.0,0,1,1,0,0,0,0,0,0,0,0,0,0,0,0,0,0,0,0,0
14000000,112.0,1,4,1,0,14.169173888888889,9.307630033921356,0,1,1,0,0,0,0,0,0,0,0,0,0,1,1,0,0,0,0,0
50000000,99.0,1,4,1,0,5.123191,0.0,1,1,1,0,1,0,0,1,1,0,0,0,1,0,0,0,0,0,0,0
16000000,107.0,2,1,0,0,0.0,6.466711823352034,0,1,1,0,0,1,0,0,0,0,0,0,0,0,0,0,0,0,0,1
18000000,127.0,1,3,4,2,5.6978177,1.7498319962121212,0,1,1,0,0,0,0,0,0,0,0,1,0,0,0,0,0,0,0,0
27000,92.0,2,1,0,0,0.0,0.0,0,1,1,1,0,0,0,0,0,0,0,0,0,0,0,0,0,0,0,0
23000000,101.0,2,4,1,0,8.9586444,7.1478264,0,1,1,0,1,0,0,0,0,0,0,0,0,1,0,0,0,0,0,1
15000000,86.0,2,2,0,0,0.0,1.1835577857142856,1,1,1,0,0,0,1,0,0,0,0,0,0,0,0,0,0,0,0,1
50000000,102.0,1,2,0,0,0.0,2.759768073882639,1,1,1,0,0,0,0,1,0,0,0,0,0,0,0,0,0,0,0,0
45000000,110.0,3,2,0,0,0.0,6.148333781682777,1,1,1,0,0,0,0,1,0,0,0,0,0,0,0,0,0,0,0,1
50000000,104.0,2,3,3,0,15.4154222027869,10.668374298840348,1,1,1,0,0,0,1,1,0,0,0,0,0,0,0,0,0,0,1,1
22000000,97.0,2,4,0,0,0.0,14.03653011111111,1,1,1,0,0,1,0,0,0,0,0,1,1,1,0,0,0,0,0,1
20000000,107.0,5,1,1,0,8.13528975,0.0,1,1,1,0,0,0,0,0,1,0,0,0,0,0,0,0,0,0,0,0
27000000,99.0,6,4,0,0,0.0,4.239421942857143,1,1,1,0,0,0,0,1,0,0,0,0,0,0,0,1,0,0,0,1
26000000,99.0,4,3,0,0,0.0,1.3622601295289856,0,1,0,0,0,1,1,1,0,0,0,0,0,1,0,1,0,0,0,0
45000000,89.0,2,3,0,0,0.0,2.5960433356481483,1,1,1,1,1,0,0,0,0,1,0,1,1,0,0,0,0,0,0,1
63000000,178.0,4,3,0,0,0.0,6.40688430383187,1,1,1,0,1,0,0,1,0,0,0,1,0,0,0,0,0,0,0,0
115000000,141.0,2,2,4,0,7.160053313320463,18.996472700751557,1,1,1,0,1,0,0,1,0,0,0,0,0,0,0,0,0,0,0,1
62000000,141.0,2,3,1,1,3.9567019333333335,14.040407185100234,1,1,1,0,1,0,0,1,0,0,0,1,0,0,0,0,0,0,0,1
35000000,102.0,2,3,0,0,0.0,5.66110555,1,1,1,0,0,1,0,1,1,0,0,0,0,0,0,0,0,0,0,0
25000000,142.0,1,2,0,0,0.0,7.003474618586443,0,1,1,0,0,0,0,0,0,0,0,1,0,0,0,0,0,0,0,0
25000000,97.0,2,3,0,0,0.0,7.250059396553584,0,1,1,0,0,0,0,0,0,0,0,1,0,0,0,0,0,0,0,0
60000000,123.0,1,2,1,0,16.879855772630048,8.864471092831263,0,1,1,0,0,1,0,0,0,0,0,0,0,0,1,0,0,0,0,1
10000000,100.0,2,3,0,0,0.0,3.1954709,0,1,1,0,0,1,0,1,0,0,0,0,0,0,0,0,0,0,0,0
13000000,95.0,2,4,1,0,71.99768197727272,2.299046722222222,0,1,1,0,0,0,0,0,0,0,0,0,0,0,1,0,1,0,0,0
55000000,123.0,2,5,2,0,13.022245,11.812303226136365,1,1,1,0,0,1,0,0,0,0,0,1,0,0,0,0,0,0,0,1
30000000,116.0,1,3,0,0,0.0,2.5600947486480496,1,1,1,0,1,0,0,1,1,0,0,0,0,0,0,0,0,0,0,1
55000000,142.0,1,3,4,0,9.29527520714713,4.4379754555288455,1,1,1,0,1,0,0,0,0,0,0,1,0,0,0,0,0,0,0,1
30000000,133.0,3,4,1,0,1.4904647222222225,4.595757445795575,0,1,1,0,0,1,0,0,1,0,0,1,0,0,0,0,0,0,0,1
30000000,83.0,1,2,0,0,0.0,3.2558560341614906,1,1,1,0,0,0,1,0,0,0,0,0,0,0,0,0,0,0,0,0
6000000,117.0,3,3,0,0,0.0,2.560767762381454,0,1,0,1,0,0,0,0,0,0,0,1,0,0,0,0,0,0,0,1
5000000,99.0,4,2,0,0,0.0,0.0,0,1,0,1,0,0,0,0,0,0,0,1,0,1,0,0,1,0,0,0
700000,171.0,2,1,0,0,0.0,0.0,0,1,1,0,0,0,0,0,0,0,1,0,0,0,0,0,1,0,0,0
52000000,178.0,4,2,8,0,5.254322666331766,6.828463032357696,1,1,1,0,0,1,0,0,0,0,0,1,0,0,0,0,0,0,0,1
50000000,95.0,1,4,3,0,26.191566260521885,3.890261333333333,1,1,1,0,0,0,0,1,0,0,0,0,0,0,0,0,0,0,0,0
175000000,135.0,4,2,2,0,4.075271625,8.740231019547858,1,1,1,0,1,0,0,1,1,0,0,0,0,0,0,0,0,0,0,1
18000000,101.0,2,2,0,0,0.0,0.7054641850961539,0,1,1,0,1,0,0,1,0,0,0,0,0,1,0,0,0,0,0,1
100000000,121.0,2,3,3,0,2.9231777738729683,6.806966039124476,1,1,1,0,0,0,0,1,0,0,0,0,0,1,0,0,0,0,0,1
35000000,108.0,1,3,1,0,0.34453848,10.644019462121213,0,1,1,0,1,0,0,1,0,0,0,0,0,0,1,1,0,0,0,1
11000000,113.0,1,3,0,0,0.0,6.1048231,0,1,1,0,0,0,0,0,0,0,0,1,0,0,0,0,1,0,0,0
35000000,135.0,3,4,0,0,0.0,0.0,0,0,0,0,0,0,0,0,1,0,0,1,0,0,0,0,0,0,0,0
62000000,106.0,2,3,4,0,5.08675405,9.646726092264753,1,1,1,0,0,1,0,0,0,0,0,1,0,0,0,0,0,0,0,1
50000000,100.0,3,3,0,0,0.0,1.4785250783162016,1,1,1,0,0,0,0,0,0,0,0,0,1,1,0,0,0,0,0,1
6000000,106.0,2,3,0,0,0.0,0.0,0,1,1,1,1,0,0,0,0,0,0,1,0,0,0,0,0,0,0,0
45000000,128.0,3,1,1,1,4.020275707692308,0.8394249802631579,0,1,1,0,0,0,0,0,0,0,0,1,0,0,0,0,0,0,0,0
50000000,109.0,2,6,2,0,1.4321637797379032,6.266666666666667,1,1,1,0,1,0,0,1,1,0,0,1,0,0,0,1,0,0,0,1
11000000,122.0,3,1,0,0,0.0,4.317155677777778,0,1,1,0,0,1,0,0,0,0,0,1,0,0,0,0,0,0,0,0
6000000,94.0,3,2,1,1,71.99768197727272,0.0,0,1,1,0,0,0,0,0,0,0,0,0,0,0,0,0,0,0,0,0
50000000,132.0,6,4,5,0,7.492711906493507,7.057602845999278,1,1,1,0,0,0,0,1,1,0,0,0,0,0,0,0,0,0,0,0
50000000,127.0,4,4,2,0,3.4090255449735447,9.204523535167748,1,1,1,0,0,0,0,1,0,0,0,1,0,0,0,1,0,0,0,1
22000000,114.0,1,5,0,0,0.0,11.681604833333331,1,1,1,0,1,0,0,1,0,0,0,1,0,0,0,0,0,0,0,1
20000000,106.0,2,4,0,0,0.0,3.0008884583333337,1,1,1,0,0,0,0,0,0,0,0,1,0,1,0,0,0,0,0,0
2500000,105.0,1,2,1,1,1.1584114492753623,3.1421327934632695,0,1,1,0,0,0,0,0,0,0,0,1,0,0,0,0,0,0,0,0
3600000,112.0,2,2,0,0,0.0,2.299046722222222,0,1,1,1,0,0,0,0,0,0,0,1,0,0,0,0,0,0,0,0
24000000,135.0,3,2,3,1,6.050003064213565,8.331435083589204,1,1,1,0,0,0,0,0,0,0,0,1,0,0,0,0,0,0,0,1
32000000,107.0,1,2,2,0,36.82148598863636,4.889478388626411,0,1,1,0,0,0,0,1,0,0,0,0,0,0,0,0,0,0,0,0
6000000,98.0,2,3,0,0,0.0,4.527013454545455,0,1,1,0,0,0,0,0,0,0,0,0,0,0,1,0,0,0,0,0
50000000,135.0,2,3,0,0,0.0,5.874715277384371,0,1,1,0,0,0,0,0,0,0,0,1,0,0,0,0,0,0,0,0
30250000,105.0,2,3,1,0,6.3834142,9.605390138461637,0,1,1,0,0,0,0,0,0,0,0,0,0,0,0,0,0,0,0,1
20000000,107.0,2,4,0,0,0.0,0.0,0,1,1,0,0,0,0,1,0,0,0,1,0,0,0,0,0,0,0,0
30000000,106.0,1,4,1,0,3.2101,1.9599563384315255,1,1,1,0,1,0,0,1,0,0,0,0,0,0,0,1,0,0,0,0
4000000,98.0,2,2,0,0,6.453129188311689,17.723903291666666,0,1,1,0,0,1,0,0,0,0,0,0,0,0,0,0,0,0,0,0
1500000,91.0,1,2,0,0,0.0,0.0,0,1,1,0,1,0,0,0,0,0,0,1,0,0,0,0,0,0,0,0
44000000,178.0,2,2,6,6,7.403290257706767,5.445581092992627,0,1,1,0,0,1,0,0,0,0,0,1,0,0,0,0,0,0,0,0
30000000,90.0,2,3,0,0,0.0,12.629590787318842,0,1,1,0,0,1,1,0,1,0,0,0,0,0,0,0,0,0,0,1
55000000,134.0,2,4,2,1,23.39920687012987,16.957537740731098,1,1,1,0,1,0,0,1,1,0,0,1,0,0,0,0,0,0,0,1
33000000,127.0,3,3,1,0,3.1954709,6.657956716476191,0,1,1,1,0,0,0,0,0,0,0,0,0,0,0,0,0,0,0,1
60000000,103.0,1,3,0,0,0.0,1.6153593,1,1,1,0,0,1,0,1,0,0,0,0,0,0,0,0,0,0,0,0
16500000,136.0,2,2,0,0,0.0,15.026884526570049,1,1,1,0,0,1,0,0,0,0,0,1,0,0,0,0,0,0,0,1
7000000,104.0,2,3,1,0,9.276909090909092,0.84053072,1,1,1,0,1,0,0,1,0,0,0,0,0,0,0,0,0,0,0,0
53000000,116.0,2,3,4,0,10.6003737075,5.144769556513135,0,1,1,0,0,0,0,1,0,0,0,1,0,0,0,0,0,0,0,1
19000000,118.0,2,4,0,0,0.0,0.0,1,1,1,0,0,0,0,1,0,0,0,0,0,0,0,0,0,0,0,1
8,98.0,1,3,0,0,0.0,2.41226098030303,0,1,1,0,0,0,0,0,0,0,0,0,0,1,1,0,0,0,0,0
55000000,81.0,2,4,0,0,0.0,19.355838006360422,1,1,1,0,1,0,0,0,1,1,0,1,1,0,0,0,0,0,0,1
72000000,177.0,3,4,0,0,0.0,17.178591590148837,0,1,1,0,0,0,0,1,0,0,0,1,0,0,0,0,0,0,0,1
52000000,140.0,2,1,1,0,8.72766675,6.7684001746806235,1,1,1,0,1,0,0,0,0,0,0,1,0,0,0,0,0,0,0,1
30000000,89.0,2,4,0,0,0.0,0.0,1,1,1,0,1,0,0,0,0,0,0,1,1,1,0,0,0,0,0,1
3500000,91.0,1,1,0,0,0.0,8.846779846153845,0,1,1,1,0,0,0,0,0,0,0,0,0,0,0,0,0,0,0,0
7500000,91.0,2,4,0,0,0.0,0.0,0,1,0,0,0,0,0,1,0,0,0,0,0,0,0,0,0,0,0,0
30000000,81.0,1,3,0,0,0.0,8.226655213738345,0,1,1,1,0,0,0,0,0,1,0,0,1,0,0,0,0,0,0,1
28000000,139.0,2,1,0,0,0.0,8.02384672550505,0,1,1,0,0,0,0,0,1,0,0,0,0,0,0,0,0,0,0,0
90000000,128.0,2,2,4,0,4.685058446405229,14.799402486788212,1,1,1,0,0,0,1,1,0,0,0,0,0,0,0,0,0,0,1,1
5000000,88.0,1,2,0,0,0.0,25.959961392424237,0,1,1,0,0,0,1,0,0,0,0,0,0,0,1,0,0,0,0,0
25000000,98.0,1,4,1,0,3.170184818181818,0.0,0,1,1,0,0,0,0,1,0,0,0,0,0,1,0,1,0,0,0,0
60000000,100.0,5,2,0,0,0.0,2.1507298333333336,1,1,1,0,1,0,1,1,0,0,0,0,0,0,0,0,0,0,0,1
8000000,116.0,1,2,0,0,0.0,5.1174769875389865,0,1,1,0,0,1,0,0,0,0,0,1,0,0,0,0,1,0,0,0
14000000,100.0,1,3,2,1,7.730664837301587,4.512126721546251,1,1,1,0,0,0,0,0,0,0,0,0,0,0,1,0,0,0,0,0
98000000,119.0,4,2,5,0,3.6237343461538467,1.9094272205357143,0,1,1,0,0,1,0,1,1,0,0,0,0,0,0,0,0,0,0,0
58000000,130.0,2,3,0,0,0.0,10.4307739,0,1,1,1,0,1,0,1,1,0,0,0,0,0,0,0,0,0,0,1
14000000,139.0,2,2,2,0,4.504784623188406,3.8507456976190477,0,1,1,0,0,0,0,0,0,0,0,1,0,0,0,0,0,0,0,0
80000000,117.0,2,2,2,0,7.7795827307692305,13.73372686287764,0,1,1,0,0,1,0,1,0,0,0,0,0,0,0,0,0,0,0,1
45000000,100.0,3,2,1,0,0.3232489565217391,0.0,1,1,1,0,1,0,0,1,1,0,0,0,0,0,0,0,0,0,0,0
19000000,108.0,4,4,2,1,4.6604194588744585,11.565120474358974,0,1,1,1,0,0,0,1,0,0,0,0,0,0,1,0,0,0,0,0
7000000,91.0,2,3,0,0,0.0,0.0,1,1,1,0,0,0,0,0,0,0,0,1,0,0,0,0,1,0,0,0
25000000,105.0,1,3,1,0,0.6927,3.0785734700854706,0,1,1,0,0,0,0,0,0,0,0,1,0,0,0,0,0,0,0,0
46000000,111.0,2,4,0,0,0.0,3.157894736842105,1,1,1,1,0,1,1,1,1,0,0,0,0,0,0,1,0,0,0,1
47000000,104.0,2,4,2,1,2.6635568604651163,6.7474420597985345,0,1,1,0,0,0,0,0,0,0,0,1,0,0,1,0,0,0,0,0
80000000,110.0,2,3,6,3,2.5396850263675215,10.225874452465838,1,1,1,1,0,0,1,1,1,0,0,0,0,0,0,0,0,0,0,1
46000000,117.0,1,4,2,0,3.4225470777777782,4.061526161572982,0,1,1,0,1,0,0,0,0,0,0,1,0,0,0,0,0,0,0,1
12000000,92.0,3,1,0,0,0.0,2.100348285714286,1,1,1,0,0,0,0,0,0,0,0,0,0,0,0,0,0,0,0,0
55000000,133.0,2,4,0,0,0.0,1.9396793743939396,1,1,1,0,0,0,0,1,1,0,0,1,0,0,0,0,0,0,0,1
65000000,120.0,3,4,6,0,3.036814883699634,7.0487788850529105,0,1,1,0,0,0,0,1,0,0,0,0,0,0,0,0,0,0,0,0
25000000,98.0,1,3,0,0,0.0,5.455463488400487,0,1,1,0,1,0,0,1,0,0,0,0,0,0,0,0,0,0,0,0
28000000,132.0,2,2,2,0,10.303799619648357,10.034159548632816,1,1,0,0,0,0,0,0,0,0,0,1,0,0,0,0,0,0,0,0
15000000,101.0,1,4,0,0,0.0,6.402993984285715,1,1,1,0,0,0,0,0,0,0,0,1,0,1,1,0,0,0,0,0
70000000,106.0,1,3,5,0,4.623670348888888,9.510471074606206,0,1,1,1,0,1,0,0,0,0,0,0,0,1,0,1,0,0,0,1
15000000,93.0,5,3,2,0,1.1456437,0.284444625,0,1,0,0,1,0,0,1,0,0,0,1,0,0,0,0,0,0,0,0
1000000,135.0,1,1,0,0,0.0,0.0,0,1,1,0,1,0,0,0,0,0,0,1,0,0,0,0,1,0,0,0
200000,94.0,3,2,0,0,0.0,0.0,0,1,1,0,0,0,0,0,0,0,0,0,0,0,0,0,1,0,0,0
14000000,111.0,2,3,3,2,5.62520512962963,7.1478264,0,1,1,0,0,1,0,0,0,0,0,0,0,0,1,0,0,0,0,1
75000000,145.0,2,3,0,0,0.0,8.588718327185878,1,1,1,0,1,0,0,1,1,0,0,0,0,0,0,1,0,0,0,1
4500000,108.0,2,4,0,0,0.0,0.39283453888888886,0,1,1,0,0,0,0,0,0,0,0,1,0,0,0,0,0,0,0,0
3500000,96.0,1,2,0,0,0.0,15.286235086956522,0,1,1,0,1,0,0,0,0,0,0,0,0,0,0,0,1,0,0,0
80000000,115.0,2,3,1,1,2.022234649122807,6.09133908629305,1,1,1,0,0,1,0,1,1,0,0,0,0,0,0,0,0,0,0,1
80000000,88.0,3,5,0,0,0.0,0.0,1,1,1,1,0,1,0,0,0,1,0,1,1,1,0,0,0,0,0,1
14500000,120.0,2,2,0,0,0.0,1.5815057907196968,1,1,1,1,0,0,0,0,0,0,0,1,0,0,0,0,0,0,0,1
50000000,108.0,3,4,0,0,0.0,8.906074072668734,1,1,1,0,0,0,0,1,1,0,0,1,0,0,0,0,0,0,0,1
47000000,96.0,1,3,0,0,0.0,8.15325660061232,1,1,1,0,1,0,0,0,0,0,0,1,0,0,0,0,0,0,0,1
25000000,100.0,1,3,0,0,0.0,3.67999929457672,1,1,1,0,0,0,0,1,1,0,0,0,0,0,0,0,0,0,0,0
75000000,136.0,2,3,1,0,7.442474947368421,8.424659478550133,0,1,1,0,1,0,0,1,1,0,0,0,0,0,0,0,0,0,0,1
12500000,99.0,1,2,0,0,0.0,1.297014606744071,0,1,1,0,0,0,0,0,0,0,0,1,0,0,0,0,0,0,0,0
13000000,91.0,2,3,0,0,0.0,1.9309142924242422,0,1,1,0,0,0,0,0,0,0,0,1,0,0,0,0,0,0,0,0
50000000,97.0,2,4,7,1,15.301427590800865,2.6255793222222223,1,1,1,1,1,0,0,1,1,0,0,0,0,0,0,1,0,0,0,0
4000000,93.0,5,2,0,0,0.0,0.3781864,0,1,0,1,0,0,0,0,0,0,0,1,0,0,0,0,0,0,0,0
100000000,115.0,2,4,2,0,12.12243974347826,13.607921853035355,1,1,1,1,1,0,0,1,0,0,0,1,0,0,0,0,0,0,0,1
27000000,113.0,2,1,1,1,15.454710875,0.402994075,0,1,1,0,1,0,0,0,0,0,0,0,0,0,0,0,0,0,0,0
50000000,115.0,2,3,0,0,0.0,4.925023571028139,1,1,1,0,1,0,0,0,0,0,0,1,0,0,0,0,0,0,0,1
40000000,149.0,2,3,4,0,3.033706190404726,8.804504239309765,1,1,1,0,1,0,0,0,0,0,0,1,0,0,0,0,0,0,0,1
25530000,95.0,3,2,0,0,0.0,32.88680741428571,1,1,1,0,0,0,0,0,1,0,0,0,1,0,0,0,0,0,0,0
38000000,129.0,3,2,3,0,4.084184274025973,2.5394893958333333,0,1,1,0,0,0,0,1,0,0,0,1,0,0,0,0,0,0,0,0
100000000,91.0,1,3,0,0,0.0,4.983752884090909,1,1,1,0,1,0,0,0,0,1,0,1,1,0,0,0,0,0,0,1
3000000,117.0,2,3,1,0,0.2575296363636363,0.0,0,1,1,0,0,0,0,0,0,0,0,1,0,0,0,0,0,0,0,0
38000000,118.0,3,2,1,0,4.478852466666667,10.58990140668771,1,1,1,0,0,0,0,0,0,0,0,1,0,0,0,0,0,0,0,0
92000000,113.0,4,3,1,0,11.681604833333331,4.270518880074786,1,1,1,0,0,0,0,1,1,0,0,1,0,0,0,0,0,0,0,1
44000000,147.0,3,3,3,0,9.978557812121212,5.662094142889398,1,1,1,0,0,0,0,0,0,0,0,1,0,0,0,0,0,0,0,1
45000000,135.0,2,3,0,0,0.0,4.01528194378138,1,1,1,0,1,0,0,0,0,0,0,1,0,0,0,0,0,0,0,0
2962051,108.0,3,2,0,0,0.0,4.608325342641844,0,1,1,0,1,0,0,0,0,0,0,1,0,0,0,0,1,0,0,0
5000000,135.0,3,3,0,0,0.0,8.340833230769231,1,1,1,0,1,0,0,0,0,0,0,1,0,0,0,0,0,0,0,0
2400000,120.0,2,1,3,0,2.295385913141026,4.402558559615384,1,1,1,0,0,0,0,0,0,0,0,1,0,0,0,0,0,0,0,0
55000000,134.0,2,3,0,0,0.0,2.1084875945782673,0,1,1,1,0,1,0,0,0,0,0,1,0,0,0,0,0,0,0,1
57000000,103.0,1,1,0,0,0.0,0.5969735449735449,1,1,1,0,0,0,0,0,0,0,0,0,0,1,0,0,0,0,0,1
60000000,89.0,2,2,1,0,7.426765391304348,5.907646048379179,1,1,1,0,0,1,0,0,0,0,0,0,1,0,0,0,0,0,0,1
27000000,162.0,2,3,0,0,0.0,8.097222831564492,0,1,1,0,0,1,0,0,0,0,0,1,0,0,0,0,0,0,0,1
40000000,96.0,1,3,2,0,2.836206896551724,6.40789535644537,0,1,1,0,1,0,0,0,0,0,0,0,0,1,1,1,0,0,0,0
12000000,108.0,2,1,4,0,2.9232940230769233,1.6153593,0,1,1,0,0,0,0,0,0,0,0,0,0,0,0,0,1,0,0,0
54000000,95.0,2,4,1,1,7.1478264,4.011100393653691,1,1,1,0,1,0,0,0,0,0,0,0,0,1,0,1,0,0,0,1
26000000,102.0,1,1,1,0,32.488643555555555,3.409845221490007,0,1,1,0,0,0,0,0,0,0,0,0,0,0,0,0,0,0,0,1
32000000,123.0,1,4,1,1,11.061742928571428,12.455628651773416,0,1,1,0,1,0,0,0,0,0,0,1,0,1,0,1,0,0,0,1
55000000,116.0,2,3,5,1,9.074212909396227,4.102357741532544,0,1,1,0,1,0,0,0,0,0,0,1,0,0,0,0,0,0,0,0
50000000,107.0,3,4,1,0,8.38354,8.415208524715005,1,1,1,0,1,0,0,1,0,0,0,1,0,0,0,1,0,0,0,0
9000000,118.0,1,3,1,0,8.061690857142857,2.6619296500000003,0,1,1,1,0,1,0,1,0,0,0,1,0,0,0,0,0,0,0,0
7000000,92.0,1,2,0,0,0.0,6.206529593684211,0,1,1,0,0,0,0,0,0,0,0,0,0,0,0,0,1,0,0,0
50000000,109.0,2,1,2,0,2.2015269803571424,7.0851555412155935,1,1,1,0,0,0,0,0,1,0,0,0,0,0,0,0,0,0,0,0
50000000,139.0,2,3,0,0,0.0,8.57025171248341,0,1,1,0,0,1,0,0,0,0,0,1,0,0,0,0,0,0,0,1
90000000,126.0,2,5,1,0,0.1953295,2.1448178556806976,1,1,0,0,0,0,0,1,1,0,0,0,0,1,0,1,0,0,0,1
90000000,98.0,3,4,2,1,5.09421324876033,4.720010000931773,1,1,1,1,1,0,0,1,1,0,0,0,0,0,0,1,0,0,0,1
250000,90.0,7,3,0,0,0.0,0.0,0,1,0,0,0,0,0,0,0,0,0,0,0,0,0,1,0,0,0,0
16500000,94.0,3,3,0,0,0.0,4.431321963888889,0,1,1,0,0,0,1,0,0,0,0,0,0,0,0,1,0,0,0,0
38000000,105.0,1,2,0,0,0.0,5.9589786834336,0,1,1,0,1,0,0,0,0,0,0,0,0,0,0,0,0,0,0,1
250000,113.0,2,3,2,2,36.17572107196969,11.473551833333334,0,1,1,1,0,0,0,0,0,0,0,1,0,0,0,0,1,0,0,0
45000000,86.0,2,1,2,0,4.76622195,5.675741801100534,1,1,1,0,0,0,0,0,0,0,0,0,0,0,0,0,0,0,0,1
60000000,124.0,9,4,1,1,1.1284611071428572,7.5229440840382225,1,1,1,0,0,1,0,1,1,0,0,0,0,0,0,0,0,0,0,1
24000000,120.0,4,2,4,0,7.309022829365079,9.706837974603175,0,1,1,0,0,1,0,0,0,0,0,0,0,0,1,0,0,0,0,1
180000,89.0,1,3,0,0,0.0,0.0,0,0,0,1,1,0,0,0,0,0,0,1,1,0,0,0,0,0,0,0
200000000,178.0,3,3,5,1,6.386968582830283,5.419363287617554,1,1,1,1,0,1,0,0,0,0,0,1,0,0,0,0,0,1,0,1
26500000,134.0,4,3,0,0,0.0,0.0,0,0,0,0,1,0,0,0,1,1,0,0,0,1,0,0,0,0,0,1
68000000,116.0,3,5,2,0,3.7193809424731183,9.671716913238305,1,1,1,0,0,0,0,1,1,0,0,0,0,0,0,1,0,0,0,1
50000000,114.0,2,3,0,0,0.0,9.346251193942404,1,1,1,0,0,1,0,1,0,0,0,1,0,0,0,0,1,0,0,0
30000000,95.0,2,3,0,0,0.0,8.348829894894894,0,1,1,0,0,1,1,1,0,0,0,0,0,1,0,1,0,0,0,0
17000000,100.0,3,3,0,0,0.0,0.0,1,1,1,0,0,0,0,0,0,0,0,0,0,0,1,0,0,0,0,1
8000000,106.0,1,2,1,0,11.186587142857142,0.0,0,1,1,0,0,0,0,0,0,0,0,1,0,0,0,0,0,0,0,0
45000000,89.0,6,3,1,0,3.785835155555556,6.04183413179945,1,1,1,0,0,0,0,0,1,0,0,0,0,0,1,0,0,0,0,1
40000000,135.0,2,3,9,0,7.127687336869247,13.785885308029101,1,1,1,0,0,1,0,0,0,0,0,1,0,0,0,0,0,0,0,0
40000000,96.0,3,6,0,0,0.0,4.089372697696018,0,1,1,0,1,0,0,1,1,0,0,0,0,1,1,1,0,0,0,0
57000000,144.0,6,4,0,0,0.0,7.005998671663551,1,1,1,0,0,0,0,0,0,0,0,1,0,0,1,0,0,0,0,1
90000000,150.0,2,3,5,1,9.901476162081341,6.5520859576888,1,1,1,1,1,0,0,0,0,0,0,1,0,0,0,1,0,0,0,1
70000000,109.0,2,3,0,0,0.0,4.621747895017545,1,1,1,0,0,1,1,1,0,0,0,0,0,0,1,1,0,0,1,1
36000000,155.0,1,3,13,2,19.085446933326224,5.933414616558828,0,1,1,0,0,1,0,0,0,0,0,1,0,0,0,0,0,0,0,0
10000000,110.0,4,4,0,0,0.0,0.1130434782608695,0,1,1,0,0,0,0,0,0,0,0,1,0,0,0,0,1,0,0,0
27000000,115.0,2,4,1,0,0.06622075,4.104139067741161,1,1,1,0,0,0,0,0,0,0,0,1,0,0,0,0,0,0,0,0
18000000,112.0,3,1,1,0,8.181818181818182,3.9294284529279278,0,1,1,0,0,0,0,0,0,0,0,1,0,0,0,0,1,0,0,0
73000000,129.0,2,3,12,1,20.414400246263227,5.125712942723475,1,1,1,0,0,0,1,1,1,0,0,0,0,0,0,1,0,0,0,1
80000000,177.0,2,2,1,0,19.28222036363636,6.893496642438672,1,1,1,0,0,1,0,0,1,0,0,1,0,0,0,0,0,0,0,0
5000000,112.0,2,1,0,0,0.0,0.0,0,1,0,0,0,0,0,0,0,0,0,1,0,0,0,0,1,0,0,0
28000000,134.0,1,1,9,0,4.918612402123963,0.0,0,1,1,0,0,1,0,0,0,0,0,1,0,0,0,0,0,0,0,0
20000000,97.0,4,4,0,0,0.0,6.693320993150685,1,1,1,0,0,1,0,1,0,0,0,0,0,0,0,0,0,0,0,0
25000000,93.0,1,5,0,0,0.0,0.0,1,1,0,0,0,1,0,0,1,0,0,1,0,1,0,0,0,0,0,1
20000000,96.0,1,2,4,0,8.4150534375,7.108262531249999,0,1,1,0,1,0,0,0,0,0,0,1,0,0,0,0,1,0,0,0
80000000,138.0,6,4,1,0,3.00540294,5.400498243827342,1,1,1,0,1,0,0,1,0,0,0,0,0,0,0,1,0,0,0,1
45000000,103.0,2,2,2,0,4.543742572727273,6.857556299691358,0,1,1,0,0,0,0,1,0,0,0,0,0,0,0,0,0,0,0,0
20000,111.0,1,4,0,0,0.0,0.0,0,0,0,0,0,1,0,0,0,0,0,0,0,0,1,0,0,0,0,0
85000000,124.0,3,2,3,1,3.5384140966490296,8.709429940698463,1,1,1,0,1,0,0,1,0,0,0,0,0,0,0,0,0,0,0,1
16000000,97.0,3,3,0,0,0.0,0.0,1,1,1,0,1,0,0,1,1,0,0,0,0,0,0,1,0,0,0,0
15000000,104.0,3,3,0,0,0.0,7.606960885431917,0,1,1,1,1,0,0,1,0,0,0,1,0,0,0,0,1,0,0,0
37000000,118.0,3,4,0,0,0.0,2.668256640849036,1,1,1,0,0,0,0,1,1,0,0,0,0,0,0,0,0,0,0,0
90000000,107.0,1,3,1,0,4.339290133333333,10.20247470381343,1,1,1,0,0,0,0,0,0,0,0,1,0,0,0,0,0,0,0,1
50000000,129.0,3,3,2,0,6.55700604090909,3.9856352398789383,0,1,1,0,0,0,0,0,0,0,0,1,0,0,0,0,0,0,0,1
60000000,96.0,3,3,1,0,6.788662222222222,7.656150821736874,1,1,1,0,1,0,0,0,0,0,0,0,0,0,1,1,0,0,0,0
80000000,93.0,2,3,0,0,0.0,7.184463893929055,1,1,1,0,0,1,0,0,0,0,0,0,1,0,0,1,0,0,0,1
3000000,109.0,5,3,0,0,0.0,0.0,0,1,0,1,1,0,0,0,0,0,0,0,0,0,0,0,0,0,0,0
50000000,125.0,6,2,4,1,3.1309013634142167,4.1335564961509315,0,1,1,0,1,0,0,1,0,0,0,1,0,0,0,0,0,0,0,0
32000000,77.0,3,4,0,0,0.0,0.0,1,1,1,0,0,0,0,0,0,1,0,0,1,0,0,0,0,0,0,0
105000000,129.0,3,4,2,2,2.236257342735043,0.0,0,1,1,0,0,1,0,1,1,0,0,0,0,0,0,1,0,0,0,1
60000000,110.0,9,3,1,1,3.764688185185185,7.693191633333333,1,1,1,0,0,0,0,0,0,0,0,0,0,0,1,0,0,0,0,0
15000000,97.0,3,2,4,0,8.42491429659091,6.164719804364191,0,1,1,0,0,1,0,0,0,0,0,1,0,0,0,0,0,0,0,0
12000000,154.0,1,3,2,0,13.344533694444445,5.395022471928419,0,1,1,0,0,1,0,0,0,0,0,0,0,0,0,0,0,0,0,0
36000000,95.0,3,3,0,0,0.0,9.097086355555556,1,1,1,0,0,0,0,1,0,0,0,1,0,0,0,0,0,0,0,0
28000000,86.0,2,4,2,0,2.1009772371428572,1.4503190534188035,1,1,1,0,1,0,0,0,1,0,0,0,1,1,0,0,0,0,0,0
75000000,135.0,3,4,6,0,6.344936828744589,8.547887382087724,1,1,1,0,1,0,0,1,0,0,0,1,0,0,0,0,0,0,0,1
50000000,121.0,3,3,4,2,5.290265580194806,6.636410618747681,1,1,1,0,0,0,0,0,0,0,0,1,0,0,0,0,0,0,0,0
3500000,91.0,3,1,0,0,0.0,0.0,1,1,0,0,1,0,0,0,0,0,0,0,0,0,0,0,0,0,0,1
20000000,127.0,2,1,0,0,0.0,1.8162122416666666,0,1,1,0,0,0,0,0,0,0,0,1,0,0,0,0,0,0,0,0
1000000,84.0,1,2,0,0,0.0,0.0,0,1,1,0,0,0,0,0,0,0,0,1,0,0,0,0,0,0,0,0
35000000,138.0,3,4,1,0,0.1780201428571428,13.719089741666668,1,1,1,0,0,0,0,0,0,0,0,1,0,0,0,0,0,0,0,1
36000000,106.0,2,4,0,0,0.0,2.8872760950974516,1,1,1,0,0,0,0,0,0,0,0,0,0,0,0,1,0,0,0,0
125000000,125.0,2,3,5,1,3.188294987323781,3.3836206093329317,1,1,1,0,1,0,0,1,0,0,0,0,0,1,0,0,0,0,0,1
50000000,139.0,2,2,0,0,0.0,8.479923618842214,0,1,1,0,0,1,0,0,0,0,0,0,0,0,0,0,0,0,0,1
3000000,98.0,1,3,0,0,0.0,0.0,1,1,1,0,1,0,0,0,0,0,0,1,1,0,0,0,0,0,0,0
160000000,121.0,2,3,2,1,8.5281476557971,6.573143841258182,1,1,1,0,1,0,1,1,1,0,0,0,0,0,0,0,0,0,0,1
35000000,155.0,2,4,5,3,6.433508725243507,3.122008086253369,1,1,1,0,0,1,0,0,0,0,0,1,0,0,0,0,0,0,0,0
75000000,115.0,5,3,0,0,0.0,3.304706144105546,0,1,1,0,1,0,0,1,0,0,0,0,0,0,0,0,0,0,0,1
35000000,127.0,4,3,1,0,42.45013866666667,5.677734837816371,0,1,1,0,0,0,0,0,0,0,0,1,0,0,0,0,0,0,0,0
10000000,126.0,3,1,1,0,1.0642257,9.69081893602124,0,1,1,1,0,1,0,0,0,0,0,1,0,0,0,0,0,0,0,1
55000000,100.0,2,3,0,0,0.0,8.943422494166667,0,1,1,0,0,0,0,1,0,0,0,0,0,0,0,0,0,0,0,0
12716953,113.0,1,3,0,0,0.0,4.3189396,0,1,0,0,0,0,0,1,0,0,0,0,0,0,0,0,0,0,0,0
70000000,136.0,4,3,1,0,4.6050465,3.6613445100079742,0,1,1,0,0,0,0,0,1,0,0,1,0,0,0,0,0,0,0,1
15000000,155.0,3,1,0,0,0.0,1.3685716007142856,0,1,1,0,0,0,0,0,0,0,0,1,0,0,0,0,0,0,0,0
116000000,108.0,2,3,2,1,1.791899282857143,6.660717120672239,1,1,1,0,0,0,0,1,1,0,0,0,0,0,0,0,0,0,0,1
110000000,119.0,1,3,0,0,0.0,5.771223536990595,0,1,1,1,0,1,0,1,1,0,0,0,0,0,0,0,0,0,0,1
53000000,94.0,5,2,0,0,6.866735447154472,4.907040760277884,1,1,1,0,0,1,0,0,0,1,0,0,1,0,0,0,0,0,0,1
27000000,100.0,2,2,1,1,6.266666666666667,2.302367095673077,0,1,1,0,0,0,0,0,0,0,0,0,0,0,0,1,0,0,0,0
70000000,169.0,5,3,14,3,17.86902612062832,9.88892331677229,1,1,1,0,1,0,0,0,0,0,0,1,0,0,0,0,0,0,0,1
13000000,84.0,3,2,0,0,0.0,3.315022951851852,0,1,1,0,0,0,0,0,0,0,0,0,0,0,0,0,0,0,0,0
75000000,120.0,4,3,0,0,0.0,2.769093355719869,1,1,1,0,0,0,0,1,0,0,0,1,0,0,0,0,0,0,0,1
2000000,91.0,1,3,0,0,0.0,0.0,0,1,1,0,0,0,0,1,1,0,0,0,0,0,0,1,1,0,0,0
75000000,104.0,5,3,0,0,0.0,3.8700433450031566,1,1,1,0,0,0,0,0,0,0,0,1,0,1,0,0,0,0,0,0
66000000,121.0,2,3,1,0,1.096255,0.0,1,1,1,0,1,0,0,0,0,0,0,0,0,0,0,1,0,0,0,1
13000000,91.0,1,4,0,0,0.0,3.199432055992196,0,1,1,0,0,0,0,1,1,0,0,0,0,0,0,0,0,0,0,0
25000000,117.0,2,1,0,0,0.0,1.9695310515151514,1,1,1,0,0,0,0,0,0,0,0,1,0,0,0,0,0,0,0,0
26000000,121.0,1,3,0,0,0.0,19.944325903409087,1,1,1,0,1,0,1,0,0,0,0,1,0,0,0,0,0,0,0,0
15000000,117.0,3,2,0,0,0.0,3.170549323567347,0,1,1,1,0,0,0,0,0,0,0,0,0,0,0,0,0,0,0,0
30000000,108.0,1,2,2,2,1.7345825149601062,1.6142858534715505,1,1,1,0,0,0,0,0,0,0,0,1,0,0,0,0,0,0,0,0
15000000,93.0,3,3,0,0,0.0,15.081720139884188,1,1,1,0,0,1,0,0,0,0,0,1,0,0,0,0,0,0,0,0
70000000,115.0,3,1,0,0,0.0,5.655554586438562,1,1,1,0,0,0,0,0,0,0,0,1,0,0,0,0,0,0,0,0
24000000,93.0,1,3,0,0,0.0,0.0,1,1,0,0,0,0,0,0,0,1,0,0,1,0,0,0,0,0,0,0
25000000,122.0,3,2,0,0,0.0,6.328447957575756,1,1,1,0,0,1,0,0,0,0,0,0,0,0,0,0,0,0,0,1
70000000,98.0,4,4,3,1,12.144935022222223,8.96291120696195,0,1,1,0,1,0,0,1,1,0,0,0,0,0,0,0,0,0,0,1
140000000,127.0,3,5,7,0,5.6994369655906,9.048122457700735,1,1,1,0,1,0,0,1,1,0,0,0,0,0,0,0,0,0,0,1
27000000,113.0,2,3,2,0,1.6862867246376811,3.4513802395038873,1,1,1,0,0,0,0,1,0,0,0,1,0,0,0,0,0,0,0,0
12000000,100.0,2,3,0,0,0.0,10.41035029107143,0,1,1,0,0,0,0,0,0,0,0,1,0,0,0,0,0,0,0,0
65000000,100.0,3,3,0,0,0.0,7.387419647058824,1,1,1,0,0,1,0,0,0,0,0,0,0,0,1,0,0,0,0,0
30000000,87.0,1,4,0,0,0.0,3.642860157142857,1,1,1,0,0,0,0,1,0,0,0,1,0,0,0,0,0,0,0,0
1500000,110.0,0,4,0,0,0.0,3.253421059565217,0,1,1,0,0,0,0,0,0,0,0,1,0,0,0,0,0,0,0,0
60000000,103.0,2,2,2,0,10.05364857012195,5.416191487461603,1,1,1,0,1,0,0,0,0,0,0,1,0,0,0,0,0,0,0,1
140000000,151.0,3,4,2,1,5.954988280350877,20.942333740205033,0,1,1,0,1,0,0,1,1,0,0,0,0,0,0,1,0,0,0,1
25000000,89.0,2,2,0,0,0.0,1.9361780793650794,1,1,1,0,0,0,0,0,0,0,0,0,0,0,1,0,0,0,0,0
90000000,178.0,2,3,2,0,11.185576033333332,4.276983159774135,1,1,1,1,0,1,0,0,0,0,0,1,0,1,0,0,0,0,0,1
1350000,105.0,5,2,0,0,0.0,0.0,0,1,0,1,0,0,0,0,0,0,0,0,0,0,0,0,0,0,0,0
60000000,83.0,3,4,0,0,0.0,5.142795555769628,0,1,1,0,0,0,0,0,1,1,0,0,1,0,0,0,0,0,0,1
1530000,81.0,2,3,0,0,0.0,0.0,0,1,0,0,1,0,0,1,0,0,0,1,0,0,0,0,0,0,0,0
30000000,124.0,3,2,0,0,0.0,0.0,0,1,1,0,0,0,0,0,0,0,0,1,0,0,0,0,0,0,0,0
14000000,99.0,4,2,0,0,0.0,0.073663,0,1,1,0,0,0,0,0,0,0,0,0,0,0,1,0,0,0,0,0
95000000,136.0,2,2,1,1,6.072310931034483,3.1743625685473793,0,1,1,0,1,0,0,1,1,0,0,0,0,0,0,0,0,0,0,1
10000000,105.0,3,1,0,0,0.0,0.4028,1,1,1,1,0,0,0,0,0,0,0,1,0,0,0,0,0,0,0,0
80000000,130.0,4,3,3,2,1.9676846535714283,2.944059211921474,0,1,1,0,0,0,0,0,1,0,0,0,1,0,0,1,0,0,0,1
5000000,116.0,3,4,0,0,0.0,4.867076032128323,1,1,1,0,0,0,0,0,0,0,0,0,0,0,0,0,1,0,0,0
65000000,119.0,1,2,0,0,0.0,5.684983672400127,1,1,1,1,0,1,0,0,0,0,0,0,0,0,0,0,0,0,0,1
55000000,114.0,5,3,1,0,5.75856388,3.382460549137532,1,1,1,0,0,0,0,0,0,0,0,1,0,1,0,0,0,0,0,1
55000000,122.0,2,4,3,0,2.3043694227011495,4.666670646082604,0,1,1,0,0,0,0,1,1,0,0,0,0,0,0,0,0,0,0,0
70000000,99.0,2,5,0,0,0.0,6.351109044431188,0,1,1,0,0,1,0,0,1,1,0,1,1,0,0,0,0,0,0,1
13000000,106.0,4,2,0,0,0.0,4.772979454957984,0,1,1,0,1,0,0,0,0,0,0,1,0,0,0,0,0,0,0,0
23000000,90.0,1,1,0,0,0.0,2.241081568333333,0,1,1,0,0,1,0,0,0,0,0,0,0,0,0,0,0,0,0,1
60000000,170.0,2,2,0,0,0.0,12.379589834948419,0,1,1,0,0,0,0,0,0,0,0,1,0,0,0,0,0,0,0,1
12000000,121.0,2,2,0,0,0.0,10.208234760714285,0,1,1,0,0,0,0,0,0,0,0,1,0,0,0,0,0,0,0,0
25000000,136.0,2,1,5,0,2.313900647179487,1.4854963387028723,0,1,1,0,0,0,0,0,0,0,0,1,0,0,0,0,1,0,0,0
75000000,134.0,4,1,5,0,7.596684943939394,5.598154800374765,1,1,1,1,0,0,0,0,0,0,0,0,0,0,0,1,0,0,0,0
73000000,98.0,4,2,7,4,2.994187806529304,5.386333167756734,1,1,1,0,1,0,0,0,0,0,0,0,0,0,0,0,0,0,0,1
40000000,86.0,1,5,0,0,0.0,2.889086962822857,1,1,1,0,0,0,0,0,0,1,0,1,1,1,0,0,0,0,0,0
75000000,99.0,4,3,2,0,3.616608127777778,1.1321475493055555,1,1,1,1,0,0,0,1,0,0,0,0,0,0,0,1,0,0,0,0
50000000,115.0,4,2,3,0,4.518222040740741,6.218646633259292,1,1,1,0,0,1,0,0,0,0,0,1,0,0,0,0,0,0,0,1
15000000,104.0,2,3,3,0,3.8352700678400544,0.45972003402719486,0,1,1,0,0,1,0,0,0,0,0,0,0,0,1,1,0,0,0,0
8000000,82.0,1,2,0,0,0.0,0.0,1,1,1,0,0,0,0,0,0,0,0,0,0,0,0,0,0,0,0,0
52000000,170.0,3,3,0,0,0.0,3.9292084109090912,0,1,1,0,0,1,0,0,0,0,0,1,0,0,0,0,0,0,0,0
70000000,116.0,3,4,3,1,3.0125735446054756,2.523739067782351,1,1,1,0,0,1,0,1,0,0,0,1,0,0,0,0,0,0,0,1
60000,84.0,4,3,0,0,0.0,0.0,0,1,1,1,1,0,0,0,0,0,0,1,0,0,0,0,0,0,0,0
85000000,113.0,1,3,0,0,0.0,5.949213480444996,0,1,1,0,0,0,0,0,0,0,0,1,0,1,0,0,0,0,0,0
90000000,132.0,4,3,6,0,7.618287785102916,6.219308000272239,0,1,1,0,0,1,0,1,0,0,0,1,0,0,0,0,0,0,0,1
120000000,95.0,2,4,0,0,12.4518011,2.161745642857143,1,1,1,1,0,1,0,0,1,1,0,0,1,0,0,0,0,0,0,1
45000000,106.0,3,4,0,0,0.0,0.3844642,0,1,1,0,0,0,0,1,1,0,0,0,0,0,1,1,0,0,0,0
45000000,120.0,4,2,0,0,0.0,1.0367152408530993,0,1,1,1,1,0,0,1,0,0,0,0,0,0,1,0,0,0,0,1
70000000,103.0,1,4,1,1,3.260869565217391,3.055721666100517,1,1,1,0,0,1,1,1,1,0,0,0,0,0,0,1,0,0,0,1
70000000,97.0,9,1,0,0,0.0,3.7334639722052976,1,1,1,0,0,0,0,0,0,0,0,0,0,0,0,0,0,0,0,0
23000000,119.0,1,2,2,2,8.190752363425926,3.9718088859848897,1,1,1,1,1,0,0,0,0,0,0,0,0,0,0,0,0,0,0,1
15000000,111.0,1,3,0,0,0.0,3.0252419791666663,1,1,1,0,0,0,0,0,0,0,0,1,0,0,0,0,0,0,0,0
10000000,86.0,2,1,0,0,0.0,8.350315033068314,0,1,1,0,0,0,1,0,0,0,0,0,0,0,0,0,0,0,0,0
20000000,108.0,2,3,0,0,0.0,2.932906308297935,1,1,1,0,0,0,0,0,0,0,0,1,0,0,0,0,0,0,0,0
6000000,99.0,4,4,0,0,0.0,10.745626470909091,1,1,1,0,0,0,0,0,0,0,0,1,0,1,0,0,0,0,0,0
50000000,140.0,2,6,2,0,6.341450206349206,4.514488330293549,1,1,1,0,1,0,0,1,1,0,0,1,0,0,0,0,0,0,0,0
300000,94.0,2,1,0,0,0.0,2.057193,0,1,1,0,1,0,0,0,0,0,0,1,0,0,0,0,0,0,0,0
15000000,84.0,5,3,0,0,0.0,0.0,0,1,1,0,1,0,0,0,0,0,0,0,0,0,1,1,0,0,0,0
18000000,131.0,2,5,0,0,0.0,0.0,0,1,0,0,0,0,0,0,0,0,0,1,0,0,0,0,0,0,0,0
3000000,139.0,2,2,0,0,0.0,2.36927902,0,1,1,0,0,0,0,0,0,0,0,1,0,0,0,0,1,0,0,0
250,77.0,1,3,0,0,0.0,0.0,0,1,1,0,1,0,0,0,0,1,0,1,0,0,0,0,0,0,0,0
2900000,113.0,3,1,0,0,0.0,0.0,0,0,0,0,0,0,0,0,0,0,0,1,0,0,0,0,0,0,0,0
20000000,114.0,2,3,0,0,0.0,4.5574896248390875,0,1,1,0,0,0,0,0,0,0,0,1,1,0,0,0,0,0,0,0
90000000,92.0,1,5,3,0,22.546853527236237,13.999867777777778,0,1,0,0,0,1,1,0,1,0,0,1,1,1,0,0,0,0,0,0
10000000,100.0,1,3,0,0,0.0,4.001418377375566,1,1,1,0,1,0,0,0,0,0,0,1,0,0,0,0,0,0,0,0
90000000,88.0,2,3,0,0,0.0,3.8981537119762883,1,1,1,0,1,0,0,0,1,1,0,0,1,0,0,0,0,0,0,1
40000000,110.0,3,5,3,0,8.91931866909091,3.7277434666666656,1,1,1,0,1,0,0,1,1,0,0,0,0,1,0,1,0,0,0,0
30000000,100.0,4,3,0,0,0.0,15.576731548953907,0,1,1,0,0,0,0,0,0,0,0,0,0,0,0,0,1,0,0,0
30000000,79.0,2,2,0,0,0.0,4.566152348484849,1,1,1,0,0,1,1,0,0,1,0,0,1,0,0,0,0,0,1,1
20000000,119.0,3,1,0,0,0.0,4.093303466666667,0,1,1,1,0,0,0,0,0,0,0,1,0,0,0,0,0,0,0,0
71000000,85.0,3,3,0,0,0.0,5.121670830193571,1,1,1,0,1,0,0,0,0,0,0,0,1,1,0,0,0,0,0,1
18500000,118.0,5,3,3,0,7.59704388611111,1.5582135743434342,1,1,1,0,0,0,0,0,1,0,0,1,0,0,0,0,0,0,0,0
17000000,81.0,2,1,0,0,0.0,0.0,1,1,1,0,0,0,0,0,0,0,0,0,0,0,0,0,0,0,0,0
48000000,123.0,2,3,0,0,0.0,1.9217737982397658,1,1,1,0,1,0,0,0,0,0,0,0,0,0,0,0,0,0,0,0
9000000,93.0,1,2,1,1,0.0800098571428571,2.456285585216895,0,1,1,0,0,0,0,0,0,0,0,1,0,0,0,0,1,0,0,0
20000000,124.0,1,3,0,0,0.0,8.884598442207793,1,1,1,0,1,0,0,0,0,0,0,1,0,0,0,0,0,0,0,0
70000000,101.0,2,3,0,0,0.0,3.2343539988676313,1,1,1,0,0,0,0,1,0,0,0,0,0,0,0,0,0,0,0,0
82000000,118.0,1,3,2,0,19.607241083333335,6.6509141612365665,0,1,1,1,0,1,0,0,0,0,0,1,0,0,0,0,0,0,0,0
90000000,157.0,5,2,1,1,1.8876464,7.364722623481655,0,1,1,0,0,0,0,0,0,0,0,1,0,0,0,0,0,0,0,0
35000000,112.0,3,2,2,0,18.482783316239317,1.195487586090909,0,1,1,0,0,0,0,0,0,0,0,0,0,0,0,0,0,0,0,0
68000000,121.0,3,5,0,0,0.0,4.748928483628364,1,1,1,0,1,0,0,1,1,0,0,0,0,1,0,1,1,0,0,0
34200000,93.0,1,2,1,0,3.43375825,18.0765759923913,1,1,1,0,1,0,0,0,0,0,0,1,0,0,0,0,0,0,0,1
2000000,118.0,5,2,0,0,0.0,0.0,0,1,1,1,0,0,0,0,0,0,0,1,0,0,0,0,0,0,0,0
38000000,138.0,2,4,2,1,4.314188563131313,1.469572727847656,1,1,1,0,0,1,0,0,0,0,0,1,0,0,0,0,0,0,0,0
24000000,124.0,1,2,1,0,1.1967686222222222,1.8906724858463972,0,1,1,0,0,1,0,0,0,0,0,1,0,0,0,0,0,0,0,0
14000000,97.0,2,3,0,0,0.0,2.7383547333333333,0,1,1,0,0,0,0,0,0,0,0,1,0,0,0,0,0,0,0,0
66000000,112.0,2,3,1,0,0.69008775,6.096840441075133,0,1,1,1,0,0,0,0,0,0,0,1,0,0,0,0,0,0,0,1
600000,99.0,1,2,0,0,0.0,0.0,0,1,0,0,1,0,0,0,0,0,0,1,0,0,0,0,0,0,0,0
133000000,84.0,3,4,0,0,17.516483911111113,5.65812242878132,1,1,1,0,0,1,0,0,0,1,0,0,1,1,0,0,0,0,0,1
21000000,104.0,2,3,0,0,0.0,1.8458723913043478,0,1,1,0,0,0,1,0,0,0,0,0,0,0,1,1,0,0,1,0
10000000,130.0,2,3,3,0,40.14551004797979,9.822642073174604,1,1,1,1,0,1,0,0,1,0,0,0,0,1,0,0,0,0,0,0
33000000,95.0,2,4,2,0,2.209746808982684,3.5301916344276094,0,1,1,0,1,0,1,0,1,0,0,0,0,0,0,1,0,0,0,1
12000000,99.0,1,3,0,0,0.0,5.082750905665473,0,1,1,0,0,0,0,0,0,0,0,0,0,0,1,0,0,0,0,0
80000000,131.0,3,2,0,0,0.0,7.19146776195949,0,1,1,0,0,0,0,0,0,0,0,1,0,0,0,0,0,0,0,1
24000000,87.0,2,4,0,0,0.0,0.0,1,1,1,0,1,0,0,0,0,0,0,0,1,1,0,1,0,0,0,0
80000000,103.0,4,2,3,0,5.197000928767124,3.754367528507557,1,1,1,0,0,0,0,0,0,0,0,0,0,0,0,0,0,0,0,1
80000000,113.0,2,4,3,0,6.028156908031401,3.0335725526053685,0,1,1,0,1,0,0,0,0,0,0,0,0,1,1,0,0,0,0,0
25000000,92.0,3,3,0,0,0.0,1.096255,1,1,1,0,0,0,0,0,0,0,0,0,0,0,1,0,0,0,0,0
75000000,109.0,2,3,0,0,0.0,2.049139259312183,0,1,1,0,1,0,0,0,0,0,0,1,0,0,0,1,0,0,0,0
6000000,106.0,1,3,0,0,0.0,1.8836175,0,1,1,0,1,0,0,0,0,0,0,1,0,0,0,0,0,0,0,0
115000000,136.0,1,3,2,0,71.24420494318181,4.784644718073593,0,1,1,1,0,0,1,1,1,0,0,0,0,0,0,1,0,0,0,1
65000000,93.0,1,3,1,0,2.224715325,3.164293053091061,1,1,1,0,0,0,0,1,0,0,0,0,0,0,0,0,0,0,0,1
10500000,97.0,3,3,0,0,0.0,4.19925416647813,1,1,1,0,0,0,0,0,0,0,0,1,0,0,0,0,0,0,0,0
10000000,89.0,1,5,1,0,1.6196993333333334,0.0,0,1,1,0,0,0,0,1,0,0,0,1,0,0,0,0,0,0,0,0
170000000,106.0,4,5,3,0,5.5790700880624415,3.6819270303654963,1,1,1,0,1,0,0,1,1,0,0,0,0,0,0,1,0,0,0,1
15000000,97.0,8,4,2,0,1.2164590762096774,3.0805608317901236,0,1,0,0,0,0,0,1,0,0,0,0,0,0,1,1,0,0,0,0
19000000,93.0,2,3,0,0,0.0,2.731771975076253,1,1,1,0,0,0,0,0,0,0,0,0,0,0,1,0,0,0,0,0
25000000,110.0,2,4,1,0,0.85801824,1.1949846798076922,0,1,1,0,0,0,0,1,0,0,0,0,0,0,0,0,0,0,0,0
63000000,136.0,4,2,1,1,1.5580704444444444,4.115369069388214,1,1,1,1,0,0,0,1,0,0,0,0,0,0,0,1,0,0,0,1
70000000,116.0,4,2,1,0,33.07142857142857,8.671710058909724,1,1,1,0,1,0,0,0,0,0,0,0,0,0,0,0,0,0,0,1
1700000,98.0,2,2,0,0,0.0,3.169026026412776,0,1,1,0,0,1,0,0,0,0,0,0,0,0,0,0,1,0,0,0
15000000,122.0,2,1,0,0,0.0,1.8393511150720045,0,1,1,1,0,0,0,0,0,0,0,1,0,0,0,0,0,0,0,1
11000000,95.0,4,2,0,0,0.0,0.0,1,1,1,0,1,0,0,0,0,0,0,0,0,0,0,0,0,0,0,1
10000000,98.0,3,1,0,0,0.0,2.526898767615973,0,1,1,0,1,0,0,0,0,0,0,0,0,0,0,0,0,0,0,0
10000000,89.0,2,2,0,0,0.0,12.129281620238096,1,1,1,0,0,0,0,0,0,0,0,0,0,0,0,0,0,0,0,0
37000000,178.0,3,1,1,1,2.8734396,2.5739486585692544,0,1,1,1,0,1,0,0,0,0,0,1,0,0,0,0,0,0,0,0
6500000,98.0,1,3,1,1,22.52961,0.9099374333333334,1,1,1,0,0,0,0,0,0,0,0,0,0,0,0,0,0,0,0,0
10000000,95.0,3,2,0,0,0.0,0.6154171076923077,0,1,1,0,0,0,0,0,0,0,0,0,0,0,0,0,0,0,0,1
160000000,102.0,1,3,6,1,4.561606014901961,2.101904184185919,0,1,1,0,1,0,0,1,1,0,0,0,0,1,0,0,0,0,0,0
90000000,100.0,2,4,0,0,0.0,4.680325918702613,1,1,1,0,0,0,0,1,0,0,0,1,0,0,0,0,0,0,0,1
6000000,101.0,1,3,0,0,0.0,13.530275030952382,1,1,1,0,0,0,0,0,0,0,0,1,0,0,0,0,1,0,0,0
1000000,107.0,1,4,0,0,0.0,0.0,0,0,0,0,0,1,0,1,1,0,0,0,0,0,1,1,0,0,0,0
80000000,77.0,1,3,0,0,54.270770813197764,0.8850898333333332,1,1,1,1,0,1,0,0,0,1,0,0,1,0,0,0,0,0,0,0
23000000,102.0,1,1,3,0,7.070390222622714,6.516343618587179,1,1,1,0,0,1,0,0,0,0,0,1,0,0,0,0,0,0,0,0
29000000,103.0,2,1,0,0,0.0,3.2716161860389605,0,1,1,0,0,0,0,0,0,0,0,0,0,0,1,0,0,0,0,0
6000000,97.0,1,2,0,0,0.0,1.8760350256096798,0,1,1,1,0,0,0,0,0,0,0,1,0,0,0,0,0,0,0,0
6000000,95.0,3,1,0,0,0.0,7.387419647058824,0,1,1,0,0,0,0,0,0,0,0,0,0,0,0,0,0,0,0,0
40000000,139.0,4,3,1,1,8.591719444444445,6.350800554084295,1,1,1,1,0,1,0,0,0,0,0,1,0,0,0,0,0,0,0,1
12000000,97.0,3,3,1,0,31.4320645,6.231267364641975,0,1,1,0,0,0,0,0,0,0,0,0,1,0,0,1,0,0,0,0
8000000,126.0,0,3,1,0,2.6539926,2.537567335610766,0,1,0,0,1,0,0,0,1,0,0,1,0,0,0,0,0,0,0,0
9000000,120.0,2,2,0,0,0.0,8.061690857142857,1,1,1,1,0,0,0,0,0,0,0,1,0,0,0,0,0,0,0,0
23000000,114.0,2,3,0,0,0.0,5.566817898375055,1,1,1,1,0,1,0,0,0,0,0,1,0,0,0,0,0,0,0,0
65000000,159.0,4,2,5,0,4.109467682266272,4.862122640499248,1,1,1,1,1,0,0,0,0,0,0,1,0,0,0,0,0,0,0,1
2053648,102.0,3,1,0,0,0.0,0.0,1,1,1,0,0,0,0,0,0,0,1,0,0,0,0,0,0,0,0,0
100000000,121.0,1,4,2,2,2.165315825925926,4.5480020533832075,0,1,1,1,0,1,0,1,0,0,0,0,0,1,1,0,0,0,0,1
38000000,106.0,2,2,0,0,0.0,3.283040900956625,1,1,1,0,0,0,0,0,0,0,0,1,0,0,0,0,0,0,0,0
50000000,95.0,2,3,5,0,4.417401614193548,2.532052051272819,1,1,1,0,0,0,0,0,0,0,0,1,0,0,0,0,0,0,0,0
70000000,86.0,1,5,0,0,0.0,5.005250411904762,1,1,1,1,1,0,0,0,1,1,0,0,1,1,0,1,0,0,0,0
135000000,128.0,2,3,2,0,2.468112101754386,14.952197412059531,0,1,1,1,0,1,0,1,1,0,0,0,0,0,0,0,0,0,0,1
13000000,94.0,1,1,1,1,1.6512977333333334,2.0303769729575163,1,1,1,0,1,0,0,0,0,0,0,0,0,0,0,0,0,0,0,0
7000000,96.0,2,3,0,0,0.0,3.5772500099999998,0,1,1,0,1,0,0,0,0,0,0,1,0,0,0,0,1,0,0,0
28000000,119.0,1,2,1,0,4.102059939393939,0.683750762037037,0,1,1,0,0,0,0,0,0,0,0,1,0,0,0,0,0,0,0,0
6500000,95.0,5,2,0,0,0.0,1.19375635,0,1,1,0,1,0,0,0,0,0,0,0,0,0,0,0,1,0,0,0
60000000,148.0,2,5,2,1,1.5638879722222223,3.240622939415036,1,1,0,0,0,0,1,1,1,0,0,1,0,0,0,0,0,0,0,0
100000000,131.0,5,2,3,0,21.359304007407406,8.285238868353932,1,1,1,0,0,1,0,0,0,0,0,0,0,0,0,1,0,0,0,0
45000000,82.0,2,2,0,0,0.0,3.7102106667513226,0,1,1,0,1,0,1,1,0,0,0,0,0,0,0,1,0,0,0,0
50000000,146.0,3,1,2,0,5.128018333333334,2.1454902426501454,1,1,1,0,0,0,0,0,0,0,0,1,0,0,0,0,0,0,0,0
6000000,108.0,3,3,0,0,0.0,4.105243290379544,0,1,1,1,0,0,0,1,0,0,0,0,0,0,0,0,0,0,0,0
38000000,133.0,10,3,1,0,10.436070625,0.5821236613024751,0,1,0,0,1,0,0,0,0,0,0,0,0,0,1,0,0,0,0,0
65000000,94.0,1,4,0,0,0.0,5.7436402053356135,1,1,1,0,0,0,0,0,0,0,0,1,1,0,0,1,0,0,0,0
75000000,90.0,2,1,0,0,0.0,5.166489667365967,1,1,1,0,0,0,0,0,0,0,0,0,0,0,0,0,0,0,0,0
7000000,97.0,1,4,0,0,0.0,5.064108825396826,0,1,1,0,1,0,0,1,0,0,0,1,0,0,0,0,0,0,0,0
16000000,97.0,3,3,0,0,0.0,0.0,0,1,1,0,0,0,0,0,0,0,0,1,0,0,0,0,0,0,0,0
63000000,139.0,6,1,3,0,5.100828347272727,2.5822793429189854,0,1,1,1,0,0,0,0,0,0,0,1,0,0,0,0,0,0,0,1
8000000,91.0,3,4,0,0,0.0,0.0,1,1,1,0,0,0,0,0,0,0,0,1,1,0,0,0,0,0,0,0
16000000,100.0,2,3,0,0,0.0,1.9101581666666667,1,1,1,0,0,0,0,0,0,0,0,0,0,0,0,1,0,0,0,0
45000000,102.0,2,3,1,1,0.6962210666666667,6.882878526601666,0,1,1,0,0,1,0,0,0,0,0,0,1,0,0,1,0,0,0,0
48000000,113.0,2,3,5,0,3.8656080322099675,3.8225095555481143,0,1,1,0,1,0,0,0,0,0,0,1,0,0,0,0,0,0,0,1
40000000,107.0,4,3,0,0,0.0,1.9243250416478244,0,1,1,0,1,0,0,0,0,0,0,1,0,0,0,0,0,0,0,1
25000000,100.0,4,2,0,0,0.0,4.808632573469832,1,1,1,0,1,0,0,0,0,0,0,1,0,0,0,0,0,0,0,0
60000,81.0,2,2,0,0,0.0,0.0,0,1,1,1,1,0,0,0,0,0,0,0,0,0,1,0,0,0,0,1
27000000,82.0,3,5,2,0,13.275368775,4.414491492403776,0,1,1,0,1,0,0,1,0,0,0,0,0,0,1,1,0,0,0,0
75000000,114.0,6,3,1,0,2.100348285714286,3.3771972310179716,1,1,1,0,0,0,0,1,1,0,0,0,0,0,0,0,0,0,0,1
73000000,118.0,2,4,3,0,3.058328981256589,1.918946246784013,1,1,1,0,0,1,0,0,0,0,0,1,0,0,0,0,0,0,0,1
40000000,123.0,3,3,6,0,2.974521985436484,2.7959192703599105,1,1,1,0,0,0,0,0,0,0,0,0,0,0,0,0,0,0,0,0
312000,102.0,1,2,0,0,0.0,0.0,0,1,1,0,0,1,0,0,0,0,0,1,0,0,0,0,1,0,0,0
60000000,105.0,4,3,7,0,2.7995924519623236,2.001636285714285,1,1,1,0,1,0,0,1,0,0,0,0,0,0,0,1,0,0,0,0
55000000,163.0,3,1,7,0,6.390098678683722,4.8334850266279945,1,1,1,0,0,1,0,0,0,0,0,1,0,0,0,0,0,0,0,1
13000000,112.0,3,3,0,0,0.0,5.285334883064805,0,1,1,0,0,0,0,0,0,0,0,1,0,1,0,0,0,0,0,0
2000000,92.0,1,2,0,0,0.0,0.0,0,1,1,0,0,0,0,0,0,0,0,1,0,0,0,0,0,0,0,0
12000000,117.0,4,3,0,0,0.0,0.7530692307692308,0,1,0,0,0,0,0,0,0,0,0,1,0,0,0,0,1,0,0,0
3800000,97.0,3,1,0,0,0.0,0.0,0,1,0,0,0,0,0,0,0,0,0,0,0,0,0,0,0,0,0,0
60000000,178.0,3,3,1,0,1.13365876,4.228849923497197,1,1,1,1,0,1,0,0,0,0,0,1,0,1,0,0,0,0,0,1
3000000,87.0,3,1,0,0,0.0,5.1805425,0,1,1,0,0,0,0,0,0,0,0,0,0,0,0,0,0,0,0,0
90000000,92.0,1,3,1,0,7.739479129166667,6.637626751978576,0,1,1,1,0,0,0,0,0,1,0,0,1,0,0,0,0,0,0,1
64000000,133.0,1,2,3,0,6.339238603942653,6.2814639475064835,1,1,1,0,0,0,0,0,0,0,0,1,0,0,0,0,0,0,0,0
60000000,116.0,4,4,1,0,2.9868297866666667,3.60242357109424,1,1,1,0,1,0,0,0,0,0,0,1,0,0,0,0,0,0,0,1
42000000,124.0,4,3,0,0,0.0,12.168655802252324,0,1,1,1,0,0,0,0,0,0,0,1,0,0,0,0,0,0,0,1
70000000,105.0,1,4,1,1,19.439106133333333,3.2781463855864197,1,1,1,0,0,0,0,0,0,0,0,1,0,0,0,0,0,0,0,1
25,145.0,2,1,1,0,2.564494163636364,71.99768197727272,1,1,1,0,0,1,0,0,0,0,0,1,0,0,0,0,0,0,0,0
17000000,88.0,3,1,0,0,0.0,0.06622075,0,1,1,0,0,1,1,0,0,0,0,0,0,0,0,0,0,0,0,0
90000000,114.0,4,1,8,5,2.7978105790008123,2.8379244619500312,0,1,1,0,0,0,0,0,0,0,0,0,0,0,0,1,0,0,0,0
80000000,145.0,2,2,3,2,1.7064609012151069,4.113011906082612,0,1,1,0,0,1,0,0,0,0,0,1,0,0,0,0,0,0,0,0
6000000,82.0,0,3,0,0,0.0,0.0,0,1,1,0,0,0,0,1,0,0,0,0,0,0,0,0,0,0,0,0
51000000,116.0,2,1,3,3,10.821148691559314,5.610195182560561,1,1,1,0,1,0,0,0,0,0,0,0,0,0,0,0,0,0,0,1
95000000,112.0,2,3,3,3,1.875645774521775,6.1965035992768,1,1,1,0,1,0,0,1,0,0,0,0,0,0,0,1,0,0,0,1
60000000,122.0,3,2,1,0,5.47105184,0.19800631714285716,1,1,1,0,0,0,0,0,0,0,0,1,0,0,0,0,0,0,0,0
4500000,102.0,1,2,1,1,53.68586666666667,29.27320555059524,0,1,1,1,0,0,0,0,0,0,0,1,0,0,0,0,0,0,0,0
55000000,110.0,3,4,0,0,0.0,1.9255787363914905,0,1,1,0,0,0,0,1,1,0,0,0,0,0,0,0,0,0,0,0
103000000,155.0,7,3,5,0,2.6973977147313732,1.1660090393353173,1,1,1,0,0,0,0,1,1,0,0,1,0,0,0,0,0,0,0,1
70000000,127.0,4,2,0,0,0.0,5.98002877615676,1,1,1,0,0,1,0,0,0,0,0,0,0,0,0,0,0,0,0,1
46000000,99.0,2,4,2,0,5.406096565934066,3.7260307429818496,1,1,1,0,1,0,0,1,1,0,0,0,0,0,0,0,0,0,0,1
17000000,120.0,8,4,3,0,2.881696726298068,1.8252897477272727,1,0,1,0,0,0,0,1,1,0,0,1,0,0,0,0,0,0,0,1
22000000,95.0,1,2,0,0,0.0,0.0,0,1,1,0,0,0,0,0,0,0,0,0,1,0,1,0,1,0,0,0
63600000,102.0,4,4,0,0,0.0,10.322873931158897,1,1,1,0,0,0,0,1,0,0,0,1,0,0,0,0,0,0,0,0
30000000,127.0,3,1,0,0,0.0,3.0701411981678772,0,1,1,0,0,0,0,0,0,0,0,0,0,0,0,0,0,0,0,0
1000000,94.0,0,3,0,0,0.0,0.0,0,1,1,0,0,0,1,0,0,0,0,1,0,0,0,0,0,0,0,0
95000000,89.0,2,4,0,0,0.0,1.0915133287581698,0,1,1,0,0,0,0,0,1,1,0,0,1,0,0,0,0,0,0,0
30000000,77.0,1,2,0,0,0.0,0.0,1,1,1,1,0,0,0,0,0,1,0,0,1,0,0,0,0,0,0,0
13000000,83.0,2,1,0,0,0.0,3.6250083426900583,1,1,1,0,0,1,0,0,0,0,0,0,0,0,0,0,0,0,0,0
125000000,123.0,3,3,2,0,3.0381773825,3.3548831050214667,1,1,1,1,0,0,1,1,1,0,0,0,0,0,0,0,0,0,0,1
28000000,98.0,1,1,0,0,0.0,1.1893160723717948,0,1,1,1,1,0,0,0,0,0,0,0,0,0,0,0,0,0,0,0
26000000,106.0,5,3,1,1,3.079304533333333,1.8590607679070175,1,1,1,0,1,0,0,1,1,0,0,0,0,0,0,0,0,0,0,0
13500000,124.0,5,1,1,0,0.7962962962962963,4.2903914361039694,0,1,1,0,0,1,0,0,0,0,0,1,0,0,0,0,0,0,0,0
30,78.0,3,4,0,0,0.0,3.3253292784785544,1,1,1,0,0,0,1,0,1,1,0,0,1,0,0,0,0,0,0,0
65000000,130.0,6,3,6,4,4.575449016829005,5.831354018137669,1,1,1,1,1,0,0,1,1,0,0,0,0,0,0,0,0,0,0,1
75000000,106.0,4,3,1,0,16.8201573,4.767774100873895,0,1,1,0,0,1,0,0,0,0,0,1,0,0,0,1,0,0,0,1
55000000,108.0,4,2,3,0,4.613973488816739,4.333479571557845,1,1,1,0,0,0,0,0,0,0,0,0,0,0,0,0,0,0,0,1
120000000,130.0,3,1,4,0,3.580741187192655,1.1831450375009849,1,1,1,0,0,0,0,0,0,0,0,1,0,0,0,0,0,0,0,1
85000000,100.0,2,2,0,0,0.0,7.624977336134453,1,1,1,0,0,0,0,0,0,0,0,0,1,0,0,0,0,0,0,1
16000000,93.0,8,5,0,0,0.0,0.0,1,1,0,1,1,0,1,1,1,1,0,0,1,1,0,0,0,0,0,0
48000000,147.0,5,3,3,0,0.9695047666666667,3.323992889467572,0,1,1,0,0,1,0,0,0,0,0,1,0,0,0,0,0,0,0,1
80000000,126.0,5,2,1,0,3.11472605,3.853422674972849,1,1,1,0,0,1,0,0,0,0,0,1,0,1,0,0,0,0,0,0
75000000,94.0,3,5,1,0,4.752276666973462,8.340379056978596,1,1,1,0,1,0,0,1,1,1,0,0,1,0,0,1,0,0,0,0
52000000,131.0,1,1,2,1,2.087417934722222,22.529129068197015,0,1,1,1,0,0,0,0,0,0,0,1,0,0,0,0,0,0,0,1
75000000,124.0,2,3,2,0,4.353463481306715,3.463288845411,1,1,1,1,0,1,0,1,1,0,0,0,0,0,0,0,0,0,0,1
80000000,106.0,5,3,0,0,0.0,4.980071322800291,1,1,1,0,0,1,0,1,0,0,0,0,0,0,0,1,0,0,0,0
75000000,104.0,6,3,1,1,3.890261333333333,1.627977591729759,1,1,1,0,1,0,0,1,1,0,0,0,0,0,0,1,0,0,0,1
76000000,88.0,4,5,0,0,0.0,2.9643877280589987,1,0,1,0,1,0,0,1,1,1,0,0,1,0,0,0,0,0,0,0
62000000,116.0,3,4,1,0,1.3933095555555557,5.567917982641031,1,1,1,1,0,0,0,1,0,0,0,1,0,0,0,0,0,0,0,1
92000000,98.0,1,5,0,0,0.0,12.821006070514859,1,1,1,0,0,1,0,1,1,0,0,0,0,0,0,0,0,0,0,1
90000000,143.0,4,2,7,3,7.5661944727565125,6.569598838350548,1,1,1,0,0,1,0,0,1,0,0,1,0,0,0,0,0,0,0,1
48000000,93.0,3,3,4,0,4.450518377825342,1.5336352758741258,1,1,1,0,0,0,0,0,0,0,0,0,0,1,0,0,0,0,0,0
44000000,118.0,5,3,0,0,0.0,7.363833252018891,1,1,1,0,0,0,0,1,0,0,0,0,0,0,0,1,0,0,0,0
65000000,104.0,1,3,2,0,7.906439933035714,3.9402330046425043,1,1,1,1,1,0,0,0,0,0,0,0,1,1,0,0,0,0,0,0
9000000,113.0,4,2,0,0,0.0,2.813269251025132,0,1,1,1,0,0,0,0,0,0,0,0,0,0,0,0,0,0,0,0
5000000,110.0,6,3,0,0,0.0,0.0,0,1,0,0,0,0,0,0,0,0,0,1,0,0,0,0,0,0,0,1
90000000,91.0,4,3,1,0,1.5795189,2.060325506547619,0,1,1,0,0,0,0,0,0,0,0,0,0,0,1,1,0,0,0,0
82000000,123.0,1,1,1,0,3.0273733454545453,3.003373063674392,0,1,1,0,0,1,0,0,0,0,0,0,0,0,0,1,0,0,0,0
83000000,90.0,2,4,2,0,4.795319270652174,37.14333863196969,1,1,1,1,0,0,0,0,0,0,0,0,1,0,0,1,0,0,0,0
84000000,106.0,2,4,1,0,1.7044199333333334,3.8313298506149853,1,1,1,0,1,0,1,0,0,0,0,0,0,1,0,1,0,0,0,1
45000000,111.0,4,3,1,0,0.5669246307692307,2.4759100987694254,0,1,1,0,0,1,0,1,0,0,0,0,0,0,0,0,0,0,0,1
40000000,119.0,1,4,1,0,4.12277,7.3703263028840125,0,1,1,0,0,0,0,0,1,0,0,1,0,0,0,0,0,0,0,1
42000000,124.0,2,1,4,0,1.9174174488440439,7.704427080636928,0,1,1,0,0,0,0,0,0,0,0,0,0,0,0,0,0,0,0,0
45000000,100.0,2,1,0,0,0.0,5.447277922247648,0,1,1,0,1,0,0,0,0,0,0,0,0,0,0,0,0,0,0,1
30000000,113.0,4,1,0,0,0.0,2.062089649547598,1,1,1,1,0,0,0,0,0,0,0,1,0,0,0,0,0,0,0,1
10000000,101.0,2,4,0,0,0.0,4.221223487044139,0,1,1,0,0,0,0,1,0,0,0,0,0,0,0,0,0,0,0,0
14000000,97.0,3,1,0,0,0.0,0.0,0,1,1,0,0,0,1,0,0,0,0,0,0,0,1,0,0,0,1,0
43000000,136.0,4,1,2,0,11.8287846,8.48412218942899,1,1,1,0,0,1,0,0,0,0,0,1,0,0,0,0,0,0,0,0
32000000,129.0,1,1,0,0,0.0,3.062886448887518,0,1,1,0,0,0,0,0,0,0,0,1,0,0,0,0,0,0,0,0
2000000,154.0,2,2,0,0,0.0,0.0,0,0,0,0,1,0,0,0,0,0,0,1,0,0,0,0,0,0,0,0
100000000,78.0,2,5,1,0,0.11145740625,3.317449395842868,1,1,1,0,0,1,0,0,1,1,0,0,1,1,0,0,0,0,0,1
18000000,115.0,1,2,1,0,3.1270592666666666,0.0,1,1,1,0,0,0,0,0,0,0,0,1,0,0,0,0,0,0,0,0
100000000,130.0,3,4,6,2,8.56811963321593,6.963770911731051,1,1,1,0,1,0,0,0,0,0,0,1,0,0,1,0,0,0,0,1
10000000,140.0,11,2,0,0,0.0,3.966330451909005,0,1,1,0,0,0,0,0,0,0,0,1,0,0,0,0,0,0,0,0
10000000,103.0,3,2,1,1,2.8870881481481483,3.6745586966360024,1,1,1,0,0,0,0,0,0,0,0,0,0,0,0,0,0,0,0,0
12800000,140.0,26,3,0,0,0.0,2.8171434766666668,0,1,1,0,0,0,0,0,0,0,0,1,0,0,0,0,0,0,0,0
30000000,113.0,2,4,3,0,1.8635017509483756,2.0251697068263184,0,1,1,0,0,0,0,0,0,0,0,1,0,0,0,0,0,0,0,0
25000000,115.0,2,3,0,0,0.0,0.4116615833333333,1,1,1,0,0,0,0,1,0,0,0,0,0,0,0,0,0,0,0,0
7000000,102.0,3,3,0,0,0.0,4.058305972294913,1,1,1,0,0,0,0,0,0,0,0,1,0,0,0,0,0,0,0,0
24000000,84.0,1,1,1,0,1.7525,3.9810718,0,1,1,0,0,0,0,0,0,0,0,0,0,0,0,0,0,0,0,0
30000000,98.0,2,2,0,0,0.0,4.190009936857368,1,1,1,0,0,0,0,0,0,0,0,0,0,0,0,0,0,0,0,1
14000000,90.0,4,3,0,0,0.0,1.1671578666666669,1,1,1,0,0,0,0,0,0,0,0,1,0,0,0,0,0,0,0,0
23000000,98.0,3,1,0,0,0.0,0.1660892,0,1,1,0,0,0,0,0,0,0,0,0,0,0,1,0,0,0,0,0
11000000,98.0,1,1,0,0,0.0,5.3475941591575085,0,1,1,0,0,0,0,0,0,0,0,0,0,0,0,0,0,0,0,0
127500000,82.0,2,2,0,0,0.0,4.090998826441555,1,1,1,0,0,0,0,0,0,1,0,0,1,0,0,0,0,0,0,1
8000000,92.0,1,2,0,0,0.0,4.070424156190992,0,1,1,0,0,0,0,0,0,0,0,1,0,0,1,0,0,0,0,0
25000000,121.0,3,3,1,0,2.727272727272727,2.0128327990062567,0,1,1,0,0,1,0,0,0,0,0,1,0,0,0,0,0,0,0,1
41300000,98.0,6,2,1,0,5.826232,4.064291935066752,1,1,1,0,0,0,0,0,0,0,0,0,0,0,0,0,0,0,0,1
110000000,165.0,4,4,1,0,10.892923573333332,6.9220130655474446,1,1,1,0,1,0,0,1,0,0,0,1,0,0,0,0,0,0,0,1
15000000,105.0,1,1,1,0,4.997344956521739,0.0,0,1,1,1,1,0,0,0,0,0,0,0,0,0,0,0,0,0,0,0
23000000,108.0,1,3,0,0,0.0,2.7737405520146523,0,1,1,1,0,0,0,1,0,0,0,0,0,0,0,1,0,0,0,0
25000000,108.0,2,1,1,0,12.4402925,1.9049995612772865,1,1,1,0,0,0,0,0,0,0,0,0,0,0,0,0,0,0,0,0
20000000,124.0,1,4,0,0,0.0,0.0,0,1,1,0,0,0,0,1,0,0,0,1,0,0,0,0,0,0,0,0
8500000,119.0,0,4,0,0,0.0,2.8687742853456384,0,1,1,0,0,0,0,1,0,0,0,1,0,0,0,0,0,0,0,0
45000000,84.0,4,3,0,0,0.0,13.334730786646393,0,1,0,0,1,0,0,0,0,1,0,0,1,0,0,0,0,0,0,1
33000000,107.0,5,3,0,0,0.0,12.296320477083334,0,1,1,0,1,0,0,0,0,0,0,0,0,0,1,1,0,0,0,1
25000000,87.0,2,3,0,0,0.0,1.9221037925213675,0,1,1,0,0,0,1,1,0,0,0,0,0,1,0,1,0,0,0,0
15000000,120.0,2,3,0,0,0.0,7.117951248420366,1,1,1,0,0,0,0,0,0,0,0,1,0,0,0,0,0,0,0,0
15000000,94.0,1,3,0,0,0.0,0.0,1,1,1,0,0,0,0,0,0,0,0,1,0,0,0,0,0,0,0,0
36000000,95.0,7,2,1,0,2.26619486,16.65817730448718,1,1,1,0,0,0,0,0,0,0,0,1,0,0,0,0,0,0,0,0
16000000,93.0,2,2,0,0,0.0,2.6533460695970694,0,1,1,0,0,0,0,0,1,0,0,0,0,0,0,0,0,0,0,1
40000000,117.0,4,3,0,0,0.0,1.4265901740277778,1,1,1,0,1,0,0,1,1,0,0,0,0,0,0,0,0,0,0,0
16000000,94.0,1,3,1,0,10.3166989,9.295517934957038,0,1,1,0,1,0,0,0,0,0,0,1,0,0,0,0,0,0,0,0
16000000,96.0,2,3,0,0,0.0,5.754501253712789,0,1,1,0,0,0,0,0,0,0,0,0,0,0,0,0,0,0,0,0
24000000,115.0,2,3,0,0,0.0,2.09529166017316,0,1,1,0,0,0,0,0,0,0,0,1,0,0,0,0,0,0,0,0
1000000,170.0,0,3,0,0,0.0,0.0,0,0,0,0,0,0,0,0,0,0,0,1,0,0,0,0,0,0,0,0
24000000,107.0,2,3,0,0,0.0,5.955031976957889,1,1,1,1,0,0,0,1,0,0,0,1,0,0,0,0,0,0,0,0
40000000,94.0,4,2,0,0,0.0,3.4966247381911235,1,0,1,0,0,0,0,0,0,0,0,1,0,0,0,0,0,0,0,0
90000000,118.0,2,3,0,0,0.0,2.0371173620950462,0,1,1,0,1,0,0,1,0,0,0,0,0,0,0,0,0,0,0,1
26000000,118.0,1,3,0,0,0.0,2.7924123790123456,0,1,1,0,0,0,0,0,0,0,0,1,0,0,0,0,0,0,0,0
15000000,106.0,4,3,2,0,2.0061952558114036,0.27750256547619045,1,1,1,0,0,0,0,0,0,0,0,1,0,0,0,0,0,0,0,0
12000000,114.0,6,3,0,0,0.0,3.089121476190476,0,1,1,1,0,0,0,0,0,0,0,1,0,0,0,0,0,0,0,0
123000000,104.0,2,3,3,1,6.475941324679487,6.043669610966568,1,1,1,1,0,1,0,0,0,0,0,0,1,1,0,0,0,0,0,1
31000000,118.0,1,4,0,0,0.0,1.9766694733712653,0,1,1,0,0,0,0,0,0,0,0,1,0,0,0,1,0,0,0,0
28000000,99.0,3,2,0,0,0.0,6.633091416327914,0,1,1,0,0,1,0,0,0,0,0,0,0,0,1,0,0,0,0,0
40000000,116.0,3,2,5,1,7.283579105158731,7.549053514153439,0,1,1,0,0,0,0,0,0,0,0,0,0,0,1,0,0,0,0,1
40000000,122.0,2,2,1,0,1.8728621866666664,5.921520144996894,1,1,1,0,0,0,0,0,0,0,0,1,0,0,0,0,0,0,0,0
25000000,97.0,5,3,0,0,0.0,9.568654610546822,1,1,1,0,0,0,0,0,0,0,0,1,0,0,0,0,0,0,0,1
15000000,99.0,0,4,0,0,0.0,1.7019927875,0,1,0,0,0,0,0,1,0,0,0,1,0,0,0,0,0,0,0,0
11000000,91.0,3,2,0,0,0.0,4.986372420634921,0,1,1,0,1,0,0,0,0,0,0,0,0,0,1,1,0,0,0,0
25000000,83.0,3,7,0,0,0.0,0.0,1,1,1,0,0,1,1,1,1,1,0,0,1,1,0,1,0,0,0,0
35866397,98.0,14,1,0,0,0.0,0.0,0,1,0,0,0,1,0,0,0,0,1,0,0,0,0,0,0,0,0,0
60000000,87.0,6,2,0,0,0.0,8.735817540522325,1,1,1,1,1,0,0,0,0,0,0,0,1,0,0,0,0,1,0,0
5000000,94.0,1,3,0,0,0.0,10.116417864444443,0,1,1,0,1,0,0,1,0,0,0,0,0,0,0,0,0,0,0,0
21150000,92.0,3,2,2,0,0.3538565782608695,49.42715750987074,0,1,1,0,0,0,0,0,1,0,0,0,0,0,0,0,0,0,0,0
62000000,125.0,3,5,0,0,0.0,4.970858077059781,1,1,1,0,0,0,0,1,1,0,0,0,0,0,0,0,0,0,0,0
15000000,147.0,5,3,3,0,25.99099900909091,0.1625798,0,1,1,0,0,0,0,0,0,0,0,1,0,0,0,0,1,0,0,0
14000000,86.0,1,2,0,0,0.0,1.6156183157409503,1,1,1,0,0,0,0,0,0,0,0,0,0,0,0,0,0,0,0,0
3000000,100.0,2,3,0,0,0.0,0.0,0,1,1,1,0,0,0,0,0,0,0,0,0,0,0,0,0,0,0,0
5000000,106.0,3,2,0,0,0.0,10.4542335,0,0,0,0,1,0,0,0,0,0,0,1,0,0,0,0,0,0,0,0
21000000,109.0,2,2,2,0,1.7381836428571424,11.153674619045566,1,1,1,0,0,0,0,0,0,0,0,1,0,0,0,0,1,0,0,0
10000000,122.0,9,2,1,0,2.3142857142857145,0.0,0,0,0,1,0,0,0,0,0,0,0,0,0,0,0,0,0,0,0,1
13000000,112.0,2,4,0,0,0.0,3.342385375,0,1,1,0,0,0,0,0,0,0,0,1,1,0,0,0,0,0,0,0
1500000,98.0,2,1,0,0,0.0,0.0,0,1,1,0,0,0,0,0,0,0,0,1,0,0,0,0,1,0,0,0
28,93.0,9,4,1,0,2.026874,10.416542671241555,0,1,0,0,0,1,0,1,0,0,0,0,0,0,0,0,0,0,0,0
137000000,106.0,3,6,0,0,0.0,2.50758194893747,1,1,1,0,1,0,1,1,1,1,0,0,0,1,0,1,0,0,0,0
13000000,99.0,2,2,0,0,0.0,2.2054305551434674,0,1,1,0,1,0,0,0,0,0,0,1,0,0,0,0,0,0,0,0
38000000,106.0,4,3,3,0,2.1154008372076025,2.015394118841243,1,1,1,0,1,0,0,1,0,0,0,0,0,0,0,0,0,0,0,1
4000000,111.0,2,2,0,0,0.0,4.674603688673641,1,1,1,0,0,1,0,0,0,0,0,1,0,0,0,0,1,0,0,0
22000000,84.0,2,2,0,0,0.0,3.8550039411764714,0,1,1,0,1,0,0,1,0,0,0,0,0,0,0,0,0,0,0,0
60000000,135.0,3,2,4,0,5.5584629101762815,3.4851514878315073,1,1,1,1,0,1,0,0,0,0,0,1,0,0,0,0,0,0,0,1
140000000,178.0,2,3,3,2,5.28856258213868,4.867313761242566,0,1,1,0,0,0,0,0,0,0,0,0,0,0,0,0,0,0,0,1
19800000,137.0,1,3,0,0,0.0,6.9888813333333335,0,1,1,0,0,1,0,0,0,0,0,1,0,0,0,0,0,0,0,0
42000000,118.0,1,4,0,0,0.0,1.6514963501108386,0,1,1,0,1,0,0,0,0,0,0,1,0,0,0,0,0,0,0,0
6000000,113.0,3,3,0,0,0.0,11.365047281673881,0,1,1,0,0,0,0,0,0,0,0,1,0,1,0,0,0,0,0,0
57000000,123.0,4,4,0,0,0.0,4.22012859681254,0,1,1,0,0,0,0,1,0,0,0,0,0,0,0,0,0,0,0,1
68000000,124.0,3,3,1,0,1.5499358,4.9109723745389635,1,1,1,0,1,0,0,1,0,0,0,0,0,0,0,0,0,0,0,0
92000000,144.0,3,3,6,0,2.9883499192340732,3.4996020306521736,0,1,1,0,0,1,0,1,0,0,0,0,0,0,0,0,0,0,0,1
48000000,112.0,3,2,3,0,16.372807216450216,3.5013464359179984,1,1,1,0,1,0,0,0,1,0,0,0,0,0,0,0,0,0,0,0
100000000,146.0,4,3,15,4,17.136653816395956,1.6378343874999999,1,1,1,0,1,0,0,0,1,0,0,1,0,0,0,1,0,0,0,1
48000000,120.0,4,2,1,0,0.3781864,2.5268889661278195,0,1,1,1,0,0,0,0,0,0,0,1,0,0,0,1,0,0,0,0
18000000,96.0,2,1,0,0,0.0,4.04570754957265,0,1,1,0,1,0,0,0,0,0,0,0,0,0,0,0,0,0,0,1
92000000,126.0,6,3,7,1,6.927817841199325,6.851757068087706,1,1,1,0,0,1,0,1,0,0,0,0,0,0,0,0,0,0,0,1
45000000,122.0,5,4,1,0,0.6401643,5.6555129389068854,1,1,1,0,0,0,0,1,0,0,0,1,0,0,0,0,0,0,0,1
35000000,122.0,2,3,1,0,7.9714285714285715,2.9273811111592405,1,1,0,0,0,0,0,0,0,0,0,0,0,0,1,0,0,0,0,0
40000000,119.0,2,2,0,0,0.0,2.2450224531277496,1,1,1,0,0,0,0,0,0,0,0,1,0,0,0,0,0,0,0,0
48000000,132.0,1,3,3,1,3.906940241666667,5.674532028895513,1,1,1,0,0,0,0,0,0,0,0,1,0,0,0,0,0,0,0,0
49000000,87.0,4,3,1,1,2.317491913043478,3.7687895842857144,1,1,1,0,0,1,0,1,0,0,0,0,0,0,0,1,0,0,0,0
90000000,90.0,1,4,0,0,0.0,7.55530845850154,0,1,1,0,1,0,0,1,0,0,0,0,0,0,0,0,0,0,0,1
45000000,83.0,4,1,1,0,2.9392418,0.6487869230769231,0,1,1,0,1,0,0,0,0,0,0,0,0,0,0,0,0,0,0,1
15000000,92.0,1,2,0,0,0.0,0.5587678681818182,0,1,1,1,0,0,0,0,0,0,0,0,0,0,0,0,0,0,0,0
40000000,114.0,1,2,5,0,8.847582102002818,3.3121286980854596,1,1,1,0,0,1,0,0,0,0,0,0,0,0,0,0,0,0,0,1
40000000,106.0,2,4,0,0,0.0,2.8207675524537628,1,1,1,0,0,1,0,1,0,0,0,1,0,0,0,0,0,0,0,0
120000000,95.0,2,4,1,0,1.00138851,7.693649373404075,1,1,1,1,1,0,1,0,1,1,0,0,1,0,0,1,0,0,0,1
22000000,104.0,5,2,0,0,0.0,3.8415311111111112,1,1,1,0,0,0,0,0,0,0,0,1,0,0,0,0,0,0,0,0
93000000,92.0,2,4,0,0,0.0,3.6845158675066414,1,1,1,0,1,0,0,1,1,0,0,0,0,0,0,1,0,0,0,1
98000000,130.0,3,3,1,0,0.2489561333333333,3.9637276405555553,1,1,1,0,0,0,0,1,1,0,0,0,0,1,0,0,0,0,0,1
40000000,104.0,8,3,3,3,2.1501740272839505,4.556112241753688,0,1,1,0,0,0,0,1,1,0,0,1,0,0,0,0,0,0,0,0
115000000,100.0,7,4,2,1,2.7409636600000002,3.255123960973309,1,1,1,0,1,0,1,1,1,0,0,0,0,1,0,0,0,0,0,1
65000000,132.0,4,4,1,0,1.7958457888888888,3.2582059165404043,1,1,1,0,0,0,0,1,1,0,0,1,0,0,0,0,0,0,0,1
1000000,97.0,5,1,0,0,0.0,0.0,0,1,1,0,0,0,0,0,0,0,0,0,0,0,0,0,1,0,0,0
1500000,100.0,3,2,0,0,0.0,0.1970322,0,1,1,0,1,0,0,0,0,0,0,0,0,0,1,0,0,0,0,0
25000000,98.0,6,3,0,0,0.0,2.8738910148148147,1,1,1,0,1,0,0,1,0,0,0,0,0,0,0,0,0,0,0,0
75000000,95.0,3,5,4,4,7.783414981602254,4.334120474316239,1,1,1,1,1,0,0,1,1,1,0,0,1,0,0,0,0,0,0,0
23000000,97.0,5,3,1,0,1.9101581666666667,1.2026368247549017,0,1,1,0,0,0,0,0,0,0,0,1,0,0,0,0,0,0,0,0
60000000,120.0,4,3,0,0,0.0,2.686817538629023,0,1,1,0,0,0,0,1,0,0,0,0,0,0,0,0,0,0,0,0
15000000,125.0,1,4,1,1,6.014162566037736,0.0,0,0,0,1,1,0,0,0,1,1,0,0,1,1,0,0,0,0,0,1
22000000,132.0,1,1,0,0,0.0,3.7894099683595392,0,1,1,0,0,1,0,0,0,0,0,1,0,0,0,0,0,0,0,0
34000000,108.0,2,3,0,0,0.0,3.339870957931883,1,1,1,0,1,0,0,0,0,0,0,1,0,0,0,0,0,0,0,0
24000000,89.0,4,1,0,0,0.0,1.0021272722567287,0,1,1,0,0,1,0,0,0,0,0,0,0,0,0,0,0,0,0,0
11000000,95.0,2,2,0,0,0.0,0.0,1,1,1,0,0,0,0,0,0,0,0,0,0,0,0,0,0,0,0,0
68000000,131.0,8,1,2,1,3.241506692857143,2.16187309340747,1,1,1,0,0,0,0,0,0,0,0,0,0,0,0,0,0,0,0,0
85000000,116.0,6,2,4,1,2.797636941426282,3.712484109686366,1,1,1,1,0,1,0,0,0,0,0,0,0,0,0,0,0,0,0,1
11000000,100.0,3,3,0,0,0.0,2.4177455269550867,0,1,1,0,0,1,0,0,0,0,0,1,0,0,0,0,0,0,0,0
90000000,104.0,1,2,1,0,2.7684394285714284,2.736541795397283,0,1,0,0,0,0,0,0,0,0,0,0,0,0,0,0,0,0,0,0
52500000,127.0,2,3,1,1,10.15853524137931,3.659724731890839,1,1,1,0,0,0,0,0,0,0,0,1,0,0,0,0,0,0,0,1
37000000,115.0,3,3,2,0,18.746125064285714,18.760989684281846,1,1,1,0,1,0,0,0,0,0,0,0,1,0,0,0,0,0,0,1
50000000,113.0,7,1,2,0,1.153996912037037,5.596367155402536,0,1,1,0,0,0,0,0,0,0,0,0,0,0,0,0,0,0,0,1
57000000,131.0,2,3,1,0,11.57271176,2.833498855925693,1,1,1,1,1,0,0,0,0,0,0,1,0,0,0,0,0,0,0,0
30000000,108.0,4,3,1,0,9.666666666666666,3.5983791173031214,0,1,1,1,0,0,0,1,0,0,0,1,0,0,0,0,0,0,0,0
28000000,89.0,9,1,1,0,2.187782893617021,2.44423171132883,1,1,1,0,0,0,0,0,0,0,0,0,0,0,0,0,0,0,0,0
7000000,113.0,1,4,0,0,0.0,4.468517648648649,0,1,1,0,0,0,0,1,1,0,0,1,1,0,0,0,0,0,0,0
21000000,110.0,1,2,2,2,0.9897856507936508,3.9733539190651483,0,1,1,0,0,0,0,0,0,0,0,1,0,0,0,0,0,0,0,0
35000000,103.0,6,1,0,0,0.0,2.464429178784349,1,1,1,0,0,0,0,0,0,0,0,0,0,0,0,0,0,0,0,0
60000000,104.0,6,4,0,0,0.0,3.1728033124533424,1,1,1,0,0,0,0,1,0,0,0,0,0,0,0,0,0,0,0,1
72000000,131.0,1,3,0,0,0.0,6.696471745553678,0,1,1,0,0,0,0,1,0,0,0,1,0,0,0,0,0,0,0,0
53000000,102.0,5,3,1,0,1.4860002,2.1972471499655364,0,1,1,1,0,0,0,0,0,0,0,1,0,0,0,0,0,0,0,0
107000000,157.0,1,1,2,0,1.2787671555555555,5.1913216104728335,1,1,1,0,0,1,0,0,0,0,0,1,0,0,0,0,0,0,0,0
125000000,152.0,3,3,4,0,16.253728005555555,0.0,1,1,1,1,0,1,0,0,1,0,0,0,1,1,0,0,0,0,0,1
12000000,93.0,3,1,0,0,0.0,0.0,1,1,1,1,0,1,0,0,0,0,0,0,0,0,0,0,0,0,0,0
57000000,105.0,5,3,2,0,4.5618688,2.062445073940103,1,1,1,0,0,0,0,0,0,0,0,1,0,0,0,0,0,0,0,0
53000000,124.0,1,2,0,0,0.0,2.3992025247516957,0,1,1,0,0,0,0,0,0,0,0,1,0,0,0,0,0,0,0,0
10000000,90.0,5,2,0,0,0.0,0.0,0,1,1,0,1,0,0,0,0,0,0,0,0,0,1,0,0,0,0,0
12000000,86.0,2,4,1,0,0.6787906666666667,0.0,1,1,1,0,0,0,0,0,0,0,0,0,1,1,0,1,0,0,0,0
35000000,94.0,1,2,2,0,2.0181922778846153,1.4165044981884058,0,1,1,0,1,0,0,1,0,0,0,0,0,0,0,0,0,0,0,0
250000,91.0,0,3,0,0,0.0,1.272446,0,1,1,0,1,0,0,0,0,0,0,1,0,0,0,0,0,0,0,0
50000000,101.0,3,3,1,1,3.6414704,1.836009133459596,1,0,1,1,0,0,0,1,0,0,0,0,0,0,0,0,0,0,0,0
115000000,92.0,2,3,0,0,0.0,3.4811395170076285,1,1,1,1,0,1,0,0,0,1,0,0,1,0,0,0,0,0,0,1
28000000,90.0,3,2,0,0,0.0,0.9093659107092406,0,1,1,0,0,0,0,0,0,0,0,0,0,0,0,0,0,0,0,0
31000000,101.0,1,2,0,0,0.0,3.926283068296905,0,1,1,0,0,0,0,0,0,0,0,1,0,0,0,0,0,0,0,0
300000,101.0,4,1,0,0,0.0,0.0,0,1,0,0,0,0,1,0,0,0,1,0,0,0,0,0,0,0,0,0
11000000,86.0,2,3,0,0,0.0,1.7841861764705882,0,1,1,0,0,0,0,1,0,0,0,0,0,0,0,0,0,0,0,0
75000000,123.0,7,4,6,0,6.359681897727273,6.645650340349629,0,1,1,0,0,0,0,1,0,0,0,0,0,0,0,0,0,0,0,0
16000000,130.0,2,3,3,1,4.380850594680681,0.0,1,1,1,0,1,0,0,0,0,0,0,1,0,0,0,0,0,0,0,0
17700000,91.0,2,5,0,0,0.0,3.435341760151515,1,1,1,0,0,0,0,0,1,0,0,1,0,0,0,0,0,0,0,0
75000000,93.0,3,5,0,0,0.0,2.126346422956761,1,1,1,0,0,0,0,1,1,1,0,0,0,1,0,0,0,0,0,0
70000000,87.0,3,4,1,0,5.438848,5.312765080122484,1,1,1,0,1,0,0,0,0,0,0,0,1,1,0,0,0,0,0,1
700000,97.0,0,1,0,0,0.0,0.0,0,1,1,1,0,0,0,0,0,0,0,1,0,0,0,0,1,0,0,0
72000000,152.0,4,2,2,1,2.9384960466666668,2.920607393458292,0,1,1,0,0,1,0,0,0,0,0,1,0,0,0,0,0,0,0,0
68000000,136.0,3,5,2,1,3.1303899950000003,6.611361904233448,1,1,1,0,0,1,0,0,0,0,0,1,0,0,0,1,0,0,0,1
16000000,89.0,3,1,0,0,0.0,0.0,1,1,1,0,0,1,0,0,0,0,0,0,0,0,0,0,0,0,0,0
32000000,106.0,4,2,1,0,0.5155170833333333,3.0430684375961214,1,1,1,0,0,0,0,0,0,0,0,0,0,0,0,0,0,0,0,0
1000000,119.0,1,4,0,0,0.0,1.3086506666666666,0,1,1,0,0,0,0,0,0,0,0,1,0,0,0,0,0,0,0,0
7000000,93.0,1,2,1,0,1.5,0.0,1,1,1,0,0,1,0,1,0,0,0,0,0,0,0,0,0,0,0,0
94000000,116.0,4,1,8,0,2.6030772038003662,14.381714390243902,0,1,1,0,0,0,0,1,0,0,0,0,0,0,0,0,0,0,0,0
6000000,95.0,1,3,0,0,0.0,7.78673291765873,0,1,1,1,0,1,0,0,0,0,0,0,0,0,0,0,1,0,0,0
22000000,104.0,3,1,4,0,30.875454785984843,42.63279386720779,0,1,1,0,1,0,0,0,0,0,0,0,0,0,0,0,0,0,0,0
22000000,90.0,3,3,2,1,5.149655367690058,6.06443518627128,1,1,1,0,0,0,0,0,0,0,0,0,0,0,0,0,0,0,0,0
102000000,99.0,5,3,1,1,2.6355811,4.179829708899573,1,1,1,0,1,0,0,1,0,0,0,0,0,0,0,0,0,0,0,1
28000000,98.0,3,3,8,2,13.494442554450757,5.458437276727717,0,1,1,1,1,0,0,1,0,0,0,0,0,0,1,1,0,0,0,0
35000000,123.0,5,4,0,0,0.0,6.687291240655728,0,1,1,1,0,0,0,0,0,0,0,1,0,0,0,0,0,0,0,0
60000000,90.0,3,5,0,0,0.0,5.787832780290611,0,1,1,1,0,0,0,0,1,1,0,0,1,1,0,0,0,0,0,1
75000000,89.0,1,3,1,0,5.835763842105263,8.444411871334149,1,1,1,0,0,0,0,0,0,0,0,0,0,0,0,0,0,0,0,0
30000000,108.0,3,2,0,0,0.0,18.05448997348485,1,1,1,0,1,0,0,0,0,0,0,0,0,0,0,0,0,0,0,1
10000000,83.0,2,4,0,0,0.0,0.0,1,1,1,0,0,0,1,0,0,1,0,0,1,0,0,1,0,0,0,0
100000000,119.0,3,4,6,0,4.094418188359788,5.050673817808946,1,1,1,0,1,0,0,1,1,0,0,0,0,0,0,1,0,0,0,1
30000000,106.0,1,2,0,0,0.0,1.5870048236475514,0,1,1,0,0,0,0,0,0,0,0,1,0,0,0,0,0,0,0,0
35000000,88.0,3,4,4,2,3.6053270009387104,1.5111842713289971,0,1,1,0,0,0,0,1,1,0,0,0,1,0,0,0,0,0,0,1
93000000,178.0,3,3,1,0,0.609827,1.7741092372585008,0,1,1,1,0,1,1,1,1,0,0,0,0,1,0,0,0,0,0,1
18000000,103.0,2,3,0,0,0.0,3.7080173429466843,0,1,1,0,0,0,0,0,0,0,0,1,0,0,0,0,0,0,0,0
8000000,109.0,0,2,1,0,4.176606666666666,1.7529529757675437,0,0,0,0,0,0,0,0,0,0,0,0,0,0,0,0,0,0,0,0
12000000,93.0,2,7,1,0,2.1825025,1.9175155972222222,1,1,1,0,0,0,0,1,1,0,0,1,1,0,0,0,0,0,0,0
25000000,95.0,3,3,2,2,2.0914738945945945,2.779214054421773,1,1,1,0,0,0,0,0,0,0,0,1,0,0,0,0,0,0,0,0
30000000,113.0,3,5,0,0,0.0,9.140528599480461,0,1,1,0,0,1,0,0,0,0,0,1,0,0,0,0,0,0,0,0
140000000,95.0,2,5,1,0,18.001793535714285,1.7618387608333332,1,1,1,0,0,1,0,0,1,1,0,0,1,1,0,1,0,0,0,1
40000000,101.0,8,2,1,0,2.149793789473684,2.7764626263508547,0,1,1,0,1,0,0,0,0,0,0,0,0,0,1,0,0,0,0,0
12000000,102.0,1,2,0,0,0.0,3.7409087911477408,0,1,1,0,0,0,0,0,0,0,0,1,0,0,0,0,0,0,0,0
29000000,100.0,1,2,2,0,1.1616666666666666,2.379787063348422,1,1,1,0,1,0,0,0,0,0,0,0,0,0,0,0,0,0,0,0
150000,78.0,4,3,0,0,0.0,0.0,0,1,1,0,0,1,0,0,0,0,0,1,0,0,0,0,1,0,0,0
63000000,94.0,5,3,4,1,4.9624985029761906,3.940800445359849,0,1,1,1,1,0,0,0,0,0,0,0,0,0,0,1,0,0,0,1
40000000,108.0,5,3,2,0,1.8919828869047621,2.271894285700797,1,1,1,0,0,0,0,0,0,0,0,1,0,0,0,0,0,0,0,0
40000000,103.0,6,3,3,0,3.140613714619883,1.4328313702080793,0,1,1,0,0,0,0,0,0,0,0,1,0,0,0,0,0,0,0,0
78000000,124.0,2,3,1,0,3.8591755777777776,3.583728892931114,1,1,1,0,0,0,0,0,0,0,0,0,0,0,1,0,0,0,0,1
11000000,101.0,4,2,1,1,2.7065294,0.660141,1,1,1,1,0,0,0,0,0,0,0,1,0,0,0,0,0,0,0,0
12500000,120.0,2,2,0,0,0.0,0.0,0,1,1,0,0,1,0,0,0,0,0,1,0,0,0,0,0,0,0,0
40000000,85.0,1,3,5,1,4.239911396114776,4.459913921402078,0,1,1,0,0,0,0,1,0,0,0,0,0,0,0,0,0,0,0,0
13000000,81.0,1,2,8,0,2.650641521666649,2.54011076108999,0,1,1,0,0,0,0,0,0,0,0,1,0,0,0,0,0,0,0,0
26000000,94.0,3,4,2,0,2.4732919254658383,1.8042705035714286,1,1,1,0,0,0,0,0,1,0,0,0,1,0,0,1,0,0,0,0
38000000,100.0,1,3,5,1,3.7088876436394016,2.4633640002455555,0,1,1,0,1,0,1,1,1,0,0,0,1,0,0,0,0,0,0,1
30000000,108.0,1,2,1,1,2.5271450769230768,7.552576384920635,0,1,1,0,0,0,0,0,0,0,0,0,0,0,0,0,0,0,0,1
5000000,87.0,4,2,0,0,0.0,0.0,1,1,1,0,0,0,1,0,0,0,1,0,0,0,0,0,0,0,0,0
10000000,89.0,3,2,2,0,5.621437674074074,1.7972547032793935,0,1,0,0,0,0,0,0,0,0,0,0,0,0,0,0,0,0,0,0
60000000,96.0,6,2,5,0,3.9370114022602736,2.8309678831264278,1,1,1,0,0,1,0,0,0,0,0,0,0,0,0,0,0,0,0,0
25000000,99.0,3,3,0,0,0.0,2.403402887781339,1,1,1,0,0,0,0,0,0,0,0,1,0,0,0,0,0,0,0,0
3500159,112.0,4,3,0,0,0.0,0.0,0,1,1,1,0,0,0,0,0,0,0,1,0,0,0,0,0,0,0,0
7000000,104.0,3,2,0,0,0.0,5.849391846918763,1,1,1,0,0,0,0,0,0,0,0,1,0,0,0,0,1,0,0,0
50000000,120.0,3,3,0,0,0.0,2.070526023017677,1,1,1,0,0,0,0,0,0,0,0,1,0,0,0,0,0,0,0,0
4000000,120.0,7,1,1,0,41.9148,41.9148,0,1,1,1,0,0,0,0,0,0,1,0,0,0,0,0,0,0,0,0
40000000,93.0,3,4,1,0,0.754977625,1.1940159903912513,1,1,1,0,0,1,0,1,1,0,0,1,0,0,0,0,0,0,0,0
50000000,110.0,2,4,7,0,4.205075271567718,6.54726413190684,1,1,1,0,1,0,0,0,0,0,0,1,0,0,0,0,0,0,0,0
84000000,88.0,3,3,1,0,5.798647933333333,6.047395689137159,1,1,1,0,1,0,0,0,1,0,0,0,0,0,0,0,0,0,0,1
38000000,114.0,1,2,3,0,2.5388214011695904,2.337564574004368,0,1,1,1,0,0,0,0,0,0,0,1,0,0,0,0,0,0,0,0
60000000,104.0,6,1,4,0,4.400131040555555,2.530170748998374,1,1,1,0,0,0,0,0,0,0,0,1,0,0,0,0,0,0,0,0
100000000,138.0,6,3,0,0,0.0,7.194266770864721,1,1,1,0,1,0,1,0,0,0,0,1,0,0,0,0,0,0,0,0
4000000,113.0,11,1,0,0,0.0,0.0,0,0,0,0,0,0,0,0,0,0,0,1,0,0,0,0,0,0,0,0
60000000,101.0,5,3,2,0,1.9814480530303031,3.6726418366308686,0,1,1,0,1,0,0,1,1,0,0,0,0,1,0,0,0,0,0,0
55000000,96.0,1,2,1,0,7.387419647058824,11.447156916241227,1,1,1,0,0,0,0,1,0,0,0,0,0,0,0,0,0,0,0,0
46000000,118.0,3,3,1,1,4.413677333333333,6.808215729113532,0,1,1,0,0,0,0,0,0,0,0,0,0,0,0,0,0,0,0,1
20000000,96.0,2,4,2,0,0.8721376777777777,1.7712548725542463,0,1,1,0,1,0,0,1,1,0,0,1,0,0,0,0,0,0,0,0
30000000,101.0,3,4,4,0,2.8125606229287428,2.3275124684127775,0,1,1,0,0,1,0,1,0,0,0,1,0,0,0,0,0,0,0,0
9000000,97.0,1,2,0,0,0.0,6.4436269569503395,0,1,1,0,0,0,0,0,0,0,0,1,0,0,0,0,1,0,0,0
27000000,101.0,1,3,1,0,21.40754581818182,15.513134683770792,1,1,1,1,0,0,0,0,0,0,0,1,0,0,0,0,0,0,0,1
6500000,105.0,3,4,0,0,0.0,2.0502235042717616,1,1,1,0,0,0,0,1,0,0,0,1,0,0,0,0,0,0,0,0
50000000,124.0,4,2,3,1,15.498026985294118,3.0566033604647402,0,1,1,0,0,0,0,0,0,0,0,1,0,0,0,0,0,0,0,1
25000000,104.0,4,1,1,0,1.302240230769231,4.105075851503759,1,1,1,0,1,0,0,0,1,0,0,0,0,0,0,0,0,0,0,0
12000000,96.0,2,2,0,0,0.0,6.33509697586421,0,1,1,0,1,0,0,0,0,0,0,0,0,0,1,0,0,0,0,0
20000000,107.0,2,3,0,0,0.0,2.289821230806485,0,1,1,0,0,1,0,1,0,0,0,0,0,0,0,1,0,0,0,0
115000000,134.0,2,4,3,1,3.4824865349999996,3.7834038372319454,0,1,1,0,1,0,0,1,0,0,0,1,0,0,0,0,0,0,0,0
12000000,123.0,4,2,0,0,0.0,2.5237343497868796,1,1,1,0,1,0,0,0,0,0,0,1,0,0,0,0,0,0,0,0
139000000,121.0,2,2,3,0,24.74091211742424,2.406559718812564,1,1,1,1,0,0,0,1,0,0,0,0,0,1,0,0,0,0,0,1
5300000,122.0,1,3,0,0,0.0,17.3921954,0,1,0,0,0,0,0,0,0,0,0,1,0,0,0,0,0,0,0,0
54000000,117.0,8,4,0,0,0.0,2.546124004509956,0,1,1,1,0,0,0,1,0,0,0,0,0,1,1,0,0,0,0,1
36000000,116.0,3,3,0,0,0.0,2.623298727979543,0,1,1,0,0,0,0,0,0,0,0,1,0,0,0,0,0,0,0,1
7500000,102.0,0,1,0,0,0.0,2.7420015101449273,0,1,0,0,0,0,0,0,0,0,0,0,0,0,0,0,0,0,0,0
100000000,167.0,3,3,10,4,4.447053979768709,4.658000471460476,0,1,1,1,0,1,0,0,0,0,0,1,0,0,0,0,0,0,0,1
79000000,178.0,3,3,2,1,4.989689650537634,2.900082509017292,0,1,1,1,0,1,1,1,1,0,0,0,0,1,0,0,0,0,0,1
25000000,114.0,3,1,1,0,22.0,2.6757346691374333,1,1,1,0,0,1,0,0,0,0,0,1,0,0,0,0,0,0,0,0
20000000,94.0,2,1,0,0,0.0,3.1044052261032546,0,1,1,0,0,0,0,0,0,0,0,0,0,0,0,0,0,0,0,0
15000000,118.0,6,4,2,0,0.7740956861111111,1.84885095353405,0,1,1,0,0,1,0,1,0,0,0,1,0,0,0,0,1,0,0,0
4000000,104.0,2,3,0,0,0.0,0.1647564555555555,0,1,1,0,0,0,0,0,0,0,0,1,0,0,0,0,0,0,0,0
80000000,117.0,3,3,1,1,23.753106733333333,5.102125452914331,1,1,1,0,1,0,0,0,0,0,0,1,0,0,0,0,0,0,0,1
60000000,117.0,1,4,1,0,2.217622109090909,2.74572610898478,1,1,1,0,0,1,1,1,1,0,0,0,0,0,0,1,0,0,0,0
80000000,85.0,2,2,0,0,0.0,0.0,1,1,1,0,1,0,0,0,0,1,0,0,1,0,0,0,0,0,0,1
120000000,142.0,1,3,3,1,50.17531795632411,4.03177524051501,0,1,1,1,0,0,1,1,1,0,0,0,0,0,0,1,0,0,0,1
60000000,119.0,5,4,2,0,13.453391307692309,4.022616439897137,1,1,1,1,1,0,0,1,0,0,0,1,0,0,0,0,0,0,0,1
35000000,91.0,5,3,0,0,0.0,2.5785762429501915,1,1,1,0,0,0,0,0,0,0,0,0,0,0,1,0,0,0,0,0
75000000,138.0,3,3,0,0,0.0,4.870053363877941,0,1,1,0,0,0,0,1,0,0,0,0,0,0,0,0,0,0,0,1
45000000,89.0,1,4,1,0,8.664039952380952,7.597104665457444,1,1,1,0,0,0,0,1,1,0,0,0,0,0,0,0,0,0,0,0
14000000,86.0,2,2,0,0,0.0,1.5706760004830917,1,1,1,0,0,0,0,0,0,0,0,0,0,0,0,0,0,0,0,0
70000000,124.0,3,3,4,0,2.9502606608004385,3.81848417031114,1,1,1,1,1,0,0,1,1,0,0,0,0,0,0,0,0,0,0,1
102000000,145.0,7,4,16,5,15.657676578991905,3.2092615916174503,1,1,1,0,1,0,0,1,0,0,0,0,0,0,0,1,0,0,0,1
20000000,77.0,5,4,0,0,0.0,0.0,1,1,1,0,0,0,0,0,1,1,0,0,1,1,0,0,0,0,0,1
140000000,88.0,4,4,4,0,4.510927096929184,4.6734967654966475,1,1,1,1,1,0,0,1,1,0,0,0,0,0,0,1,0,0,0,1
72000000,106.0,3,4,2,1,10.064199456666667,5.367224218170712,0,1,1,0,1,0,0,0,0,0,0,1,0,0,0,1,0,0,0,1
100000000,161.0,3,3,5,0,14.565343284444443,7.8118044,1,1,1,0,0,1,0,0,1,0,0,0,1,1,0,0,0,0,0,1
30000000,125.0,2,2,0,0,0.0,6.053181073078541,0,1,1,0,0,1,0,0,0,0,0,1,0,0,0,0,0,0,0,1
120000000,78.0,2,4,1,0,9.886570402923978,3.7294828648344116,1,1,1,0,1,0,0,0,1,1,0,0,1,0,0,0,0,0,0,1
35000000,131.0,4,4,3,0,3.2201205500000003,1.886676297799888,0,1,1,0,0,0,0,1,1,0,0,1,0,0,0,0,0,0,0,0
5000000,95.0,5,3,0,0,0.0,0.0,0,1,1,0,0,0,0,0,0,0,0,1,0,0,0,0,0,0,0,1
50000000,96.0,4,2,0,0,0.0,3.6501275131594575,1,1,1,0,1,0,0,0,0,0,0,0,0,0,0,0,0,0,0,1
20000000,118.0,1,4,0,0,0.0,0.9556069444444444,0,1,1,0,0,1,0,0,0,0,0,1,0,0,0,0,0,0,0,0
2000000,96.0,3,3,5,2,3.298620494317496,5.724629929560024,0,1,1,0,1,0,0,0,0,0,0,1,0,0,0,0,1,0,0,0
13500000,107.0,1,2,0,0,0.0,1.6549580986793408,0,1,1,0,0,0,0,0,0,0,0,1,0,0,0,0,0,0,0,0
60000000,92.0,4,3,3,1,8.889278368985506,4.743333333333333,1,1,1,1,0,0,0,1,1,0,0,0,0,1,0,0,0,0,0,1
85000000,108.0,4,3,2,0,4.79386334,3.405098580963484,1,1,1,1,0,0,0,1,0,0,0,1,0,0,0,0,0,0,0,0
65000000,104.0,3,3,0,0,0.0,7.155521683080807,1,1,1,0,0,0,1,0,0,0,0,0,1,1,0,0,0,0,1,1
21000000,117.0,5,2,2,0,4.685510249090909,2.658043481225276,0,1,1,0,0,0,0,0,0,0,0,1,0,0,0,0,0,0,0,0
59000000,81.0,3,4,0,0,0.0,4.050966091148399,1,1,1,1,0,0,0,0,1,1,0,0,1,0,0,0,0,0,0,1
35000000,114.0,2,3,9,0,2.562096582568623,2.7804112944723394,0,1,0,0,0,1,0,0,0,0,0,0,0,0,0,0,0,0,0,0
3300000,130.0,7,2,0,0,0.0,0.0,0,0,0,1,0,0,0,0,0,0,0,1,0,0,0,0,0,0,0,0
100000000,95.0,4,3,1,0,4.415636363636364,3.575609629092567,0,1,1,0,1,0,0,1,0,0,0,0,0,0,0,1,0,0,0,0
43000000,84.0,1,2,1,0,7.228781714285715,3.0949733034668494,0,1,1,1,0,0,0,0,0,0,0,0,0,0,0,0,0,0,0,0
15000000,88.0,1,2,0,0,0.0,5.798647933333333,1,1,1,0,0,0,0,0,0,0,0,0,1,0,0,0,0,0,0,0
20000000,85.0,1,1,0,0,0.0,4.031324194551282,0,1,1,0,0,1,0,0,0,0,0,0,0,0,0,0,0,0,0,0
19000000,114.0,6,3,1,1,1.758738153846154,3.8081090371647703,0,1,1,1,0,1,0,0,0,0,0,1,0,0,0,0,0,0,0,0
52000000,141.0,3,2,17,6,16.213067047871206,4.967449883622635,0,1,1,1,0,1,0,0,0,0,0,1,0,0,0,0,0,0,0,1
70000000,125.0,4,2,1,1,2.1969756451612903,1.9785808344600382,0,1,1,0,0,0,0,0,0,0,0,1,0,0,0,0,0,0,0,0
1000000,92.0,0,1,0,0,0.0,0.9071270875,0,1,0,0,0,0,0,0,0,0,0,1,0,0,0,0,1,0,0,0
31000000,99.0,2,4,0,0,0.0,2.567552583129252,0,0,0,0,0,1,0,1,1,0,0,1,0,0,0,0,0,0,0,1
80000000,96.0,2,3,1,0,3.123045542857142,19.874211779162316,1,1,1,1,0,0,0,1,1,0,0,0,0,0,0,1,0,0,0,1
800000,88.0,0,2,0,0,0.0,0.0,0,1,1,1,0,0,0,0,0,0,0,1,0,0,0,0,1,0,0,0
8500000,84.0,5,2,0,0,0.0,1.7001967844322345,1,1,1,1,0,0,0,0,0,0,0,1,0,0,0,0,0,0,0,0
500000,93.0,2,4,0,0,0.0,1.8493073236897275,0,1,1,0,0,0,0,0,0,0,0,1,0,0,1,0,0,0,0,0
60000000,101.0,4,2,0,0,0.0,7.112421725676183,0,1,1,0,0,1,0,0,0,0,0,0,0,0,0,0,0,0,0,0
35000000,101.0,5,3,1,0,2.001636285714285,1.8711025333333333,1,1,1,0,0,0,0,0,0,0,0,1,0,1,1,0,0,0,0,0
15000000,135.0,2,2,6,0,2.072036225982906,1.2663240505649633,0,1,1,0,0,1,0,0,0,0,0,1,0,0,0,0,0,0,0,0
32000000,119.0,1,3,0,0,0.0,4.9897744009387806,0,1,1,0,0,0,0,0,0,0,0,1,0,0,1,0,0,0,0,0
42000000,115.0,6,4,0,0,0.0,2.962227680577286,1,1,1,0,0,0,0,0,0,0,0,1,0,0,0,0,0,0,0,0
35000000,150.0,16,2,2,0,5.986481338815789,1.887049326923077,0,1,0,1,0,0,0,0,0,0,0,1,0,0,0,0,0,0,0,1
70000000,116.0,3,4,7,0,2.8946570553741293,1.4722463178612504,0,1,1,0,1,0,0,1,1,0,0,0,0,0,0,0,0,0,0,0
13000000,94.0,1,2,0,0,0.0,20.04620198181565,0,1,1,0,1,0,1,0,0,0,0,0,0,0,1,0,0,0,0,0
140000000,133.0,1,3,1,0,1.7529760166666666,4.142569026594571,0,1,1,1,0,1,0,1,1,0,0,0,0,0,0,0,0,0,0,1
3000000,113.0,0,1,0,0,0.660141,5.0175973704903285,0,1,1,0,1,0,1,0,0,0,0,0,0,0,0,0,0,0,0,0
55000000,105.0,1,3,1,0,0.8110267391304348,4.397366616935128,0,1,1,1,0,1,0,0,0,0,0,1,0,0,0,0,0,0,0,1
45000000,113.0,3,5,0,0,0.0,3.826616593906163,0,1,1,0,0,1,0,1,0,0,0,1,0,0,0,0,0,0,0,1
33000000,100.0,4,3,3,0,2.4758182318518522,2.254511076985646,0,1,1,1,0,0,0,1,0,0,0,0,0,0,1,1,0,0,0,1
48000000,111.0,2,3,4,1,4.225834566010101,6.851047438388375,0,1,1,1,0,0,0,0,0,0,0,1,0,0,0,0,0,0,0,1
20000000,127.0,3,2,0,0,0.0,1.2351217678878348,1,1,1,0,0,0,0,0,0,0,0,1,1,0,0,0,0,0,0,0
5000000,113.0,2,3,2,0,3.8620959125,0.0,0,1,0,0,0,0,0,0,0,0,0,0,0,0,1,1,0,0,0,0
68000000,124.0,5,3,0,0,0.0,5.593593040568831,1,1,1,1,0,0,0,1,0,0,0,1,0,0,0,0,0,0,0,1
35000000,132.0,6,4,1,0,2.7383547333333333,2.580470684886988,1,1,1,0,0,0,0,0,1,0,0,1,0,0,0,0,0,0,0,0
80000000,83.0,2,5,0,0,0.0,3.3216944057699185,0,1,1,0,0,0,1,0,1,1,0,0,1,0,0,0,0,0,0,1
8000000,93.0,3,3,0,0,0.0,0.8019664989348372,0,1,1,0,0,0,0,0,0,0,0,1,0,0,0,0,0,0,0,0
70000000,91.0,6,3,0,0,0.0,1.7014624004923309,0,1,1,0,0,0,1,1,1,0,0,0,0,0,0,0,0,0,0,0
41000000,110.0,2,1,2,0,1.892109214285714,1.3079094738461539,0,1,1,1,0,1,0,0,0,0,0,1,0,0,0,0,0,0,0,1
14000000,95.0,1,3,0,0,0.0,5.122620309079016,0,1,1,0,0,0,0,1,1,0,0,0,0,0,0,0,0,0,0,0
21000000,92.0,4,3,0,0,0.0,3.4466158421768704,0,1,1,0,0,0,0,1,0,0,0,0,0,0,0,0,0,0,0,0
70000000,97.0,1,4,1,0,4.147276126760564,2.4930190901530795,1,1,1,0,0,0,0,1,1,0,0,0,0,0,0,0,0,0,0,0
25000000,86.0,1,2,1,0,3.8415311111111112,2.564737401915514,1,1,1,0,0,0,0,1,0,0,0,0,0,0,0,0,0,0,0,0
5000000,92.0,2,2,0,0,0.0,52.22222222222222,0,1,1,0,0,0,0,0,0,0,0,0,0,0,0,0,0,0,0,0
80000000,116.0,5,3,8,0,5.241868597570346,1.8975616929128076,1,1,1,0,0,1,0,1,1,0,0,0,0,0,0,1,0,0,0,0
16500000,126.0,3,1,0,0,0.0,5.006538430307858,0,1,1,0,0,1,0,0,0,0,0,1,0,0,0,0,0,0,0,0
76000000,107.0,4,3,4,0,3.7447262116355113,1.8997182967810833,1,1,1,0,1,0,0,1,0,0,0,0,0,0,0,0,0,0,0,1
50000000,130.0,5,3,2,1,1.542247081818182,4.203232622886145,1,1,1,0,0,0,0,0,0,0,0,1,0,0,0,0,0,0,0,0
23000000,91.0,3,3,0,0,0.0,10.140064348095237,1,1,1,1,0,1,0,0,0,0,0,1,0,0,0,0,0,0,0,0
7800000,102.0,6,2,0,0,0.0,3.2838361775,0,1,0,1,0,0,0,0,0,0,0,0,0,0,0,0,0,0,0,0
40000000,89.0,2,3,0,0,0.0,7.057023715346464,0,1,1,0,0,0,0,1,0,0,0,0,0,0,0,0,0,0,0,0
80000000,117.0,5,3,0,0,0.0,3.54424168141616,1,1,1,1,1,0,0,1,0,0,0,0,0,0,0,0,0,0,0,1
50000000,98.0,2,5,7,0,3.6833342091561625,4.519895702941895,0,1,1,0,0,0,0,1,0,0,0,1,0,0,0,0,0,0,0,0
18000000,94.0,3,3,0,0,0.0,2.9296597733583494,1,1,1,0,0,1,0,0,0,0,0,0,1,0,0,0,0,0,0,0
78000000,110.0,5,4,1,0,2.915189555555556,8.103378221719932,1,1,1,0,1,0,0,1,0,0,0,0,0,1,0,1,0,0,0,1
800000,94.0,0,1,0,0,0.0,0.0,0,1,1,0,0,0,0,0,0,0,0,1,0,0,0,0,1,0,0,0
20000000,105.0,2,1,2,2,3.2272223818181818,4.398307910106545,0,1,1,0,0,0,0,0,0,0,0,0,0,0,0,0,0,0,0,1
17000000,94.0,2,2,0,0,0.0,2.0998505,1,1,1,1,0,0,0,0,0,0,0,0,1,0,0,0,0,0,0,0
32000000,109.0,2,1,1,0,0.5792320882352942,2.622594684051253,0,1,1,0,0,0,0,0,0,0,0,1,0,0,0,0,0,0,0,0
35000000,108.0,6,2,3,0,2.062462754696726,3.5883708435786437,1,1,1,1,0,0,0,0,0,0,0,0,0,0,0,0,0,0,0,1
850000,107.0,1,3,0,0,0.0,0.1130434782608695,0,1,1,0,1,0,0,0,0,0,0,1,0,0,0,0,0,0,0,0
20000000,77.0,4,3,0,0,0.0,3.0597078851452455,1,1,1,0,0,0,1,0,1,1,0,0,1,0,0,0,0,0,1,1
50000000,116.0,1,2,2,0,2.639017870940171,1.450490098171495,1,1,1,0,0,0,0,0,0,0,0,0,0,0,0,0,0,0,0,1
56000000,178.0,3,3,0,0,0.0,3.4055165405842946,1,1,1,0,0,0,0,0,0,0,0,1,0,0,0,0,0,0,0,0
36000000,109.0,4,2,4,0,4.127089220674603,4.352768691306863,0,1,1,1,0,0,0,1,0,0,0,1,0,0,0,0,0,0,0,0
18000000,95.0,3,1,2,2,3.5313342666666667,4.6257192620637895,1,1,1,0,0,0,0,0,0,0,0,0,0,0,0,0,0,0,0,1
95000000,117.0,7,4,4,0,4.8060830091485505,1.0840629170755753,1,1,1,0,1,0,1,1,1,0,0,0,0,1,0,0,0,0,0,1
20000000,101.0,2,2,0,0,0.0,12.42281999341168,0,1,1,0,0,0,0,0,0,0,0,0,0,0,0,0,0,0,0,0
40000000,88.0,2,3,2,1,5.1365935,1.6903946108953898,1,1,0,0,0,0,0,1,1,0,0,0,0,0,0,0,0,0,0,1
85000000,104.0,6,4,1,0,0.3299470666666667,3.67861452020979,1,1,1,1,0,0,0,1,1,0,0,0,0,0,0,0,0,0,0,0
20000000,84.0,1,1,2,0,0.54775,1.3634470611111111,1,1,1,0,1,0,0,0,0,0,0,0,0,0,0,0,0,0,0,0
80000000,90.0,6,3,4,0,7.408867670272727,1.1339306241905571,1,1,1,0,0,1,1,0,0,1,0,0,1,0,0,0,0,0,0,0
40000000,98.0,3,2,0,0,0.0,2.6430111480496934,1,1,1,1,0,1,0,0,0,0,0,0,0,0,1,0,0,0,0,1
70000000,125.0,4,3,7,1,4.026946647165532,8.749245053820937,1,1,1,0,0,1,0,0,1,0,0,1,0,1,0,0,0,0,0,1
10000000,125.0,3,2,0,0,0.0,8.411184613040392,0,1,0,0,0,0,1,0,0,0,0,1,0,0,0,0,0,0,0,0
32000000,97.0,3,3,1,0,1.095212,6.602455459482228,0,1,1,0,0,0,0,0,0,0,0,0,1,1,0,0,0,0,0,1
200000000,109.0,6,3,2,0,1.726222640681004,3.169725222143113,1,1,1,0,1,0,1,1,0,0,0,0,0,0,0,1,0,0,0,1
22000000,121.0,5,3,0,0,0.0,1.1326525580357143,0,1,1,1,0,0,0,1,0,0,0,0,0,1,0,0,0,0,0,0
8000000,101.0,1,2,0,0,0.0,0.0,0,1,0,1,0,0,0,0,0,0,0,1,1,0,0,0,0,0,0,0
68000000,136.0,5,4,1,0,0.3976507936507936,7.634076410794851,0,1,1,1,0,0,0,0,0,0,0,1,0,0,1,1,0,0,0,0
24000000,91.0,2,1,1,1,7.484642375,3.813983031709282,0,1,1,1,0,0,0,0,0,0,0,0,0,0,0,0,0,0,0,0
5000000,98.0,1,3,0,0,0.0,10.23133720526455,0,1,1,0,0,0,0,0,0,0,0,1,0,0,0,0,1,0,0,0
50000000,105.0,3,3,1,1,1.518614523809524,2.2794203550062235,0,1,1,0,0,0,0,0,0,0,0,1,0,0,0,0,0,0,0,0
8000000,80.0,3,4,0,0,0.0,0.0,1,0,0,1,1,0,0,0,1,1,0,1,0,0,0,0,0,0,0,0
6000000,91.0,1,2,0,0,0.0,0.0,0,1,1,0,0,0,0,0,0,0,0,0,0,0,0,0,0,0,0,0
79000000,154.0,5,1,2,2,5.905838034722223,3.3275998265584694,0,1,1,0,0,1,0,0,0,0,0,1,0,0,0,0,0,0,0,1
35000000,102.0,3,6,2,0,1.8016726867521364,2.8225765530744256,1,1,1,0,0,0,0,0,0,0,0,1,0,1,1,0,0,0,0,0
130000000,147.0,2,5,4,0,4.768602195532582,5.034596011936101,1,1,1,0,1,0,0,1,1,0,0,0,0,0,0,0,0,0,0,1
40000000,135.0,4,3,0,0,0.0,13.489935423682534,1,1,1,1,0,0,0,0,0,0,0,1,0,0,0,0,0,0,0,1
218,91.0,0,2,0,0,0.0,0.0,0,1,1,0,0,0,0,0,0,0,1,1,0,0,0,0,0,0,0,0
87000000,141.0,5,2,0,0,0.0,2.092630537152778,1,1,1,1,1,0,0,0,0,0,0,1,0,0,0,0,0,0,0,1
300000,112.0,2,2,0,0,0.0,1.9654132857142856,1,1,1,1,0,0,1,0,0,0,1,0,0,0,0,0,0,0,0,0
70000000,121.0,4,3,2,1,1.485373627777778,2.8133268175758652,1,1,1,0,0,0,0,1,0,0,0,1,0,0,0,0,0,0,0,0
17000000,98.0,2,3,9,0,3.192340651737876,3.5834019888402455,0,1,1,0,1,0,0,0,0,0,0,1,0,0,0,0,0,0,0,0
7000000,89.0,2,1,0,0,0.0,0.0,1,1,1,1,0,0,0,0,0,0,0,0,0,0,1,0,0,0,0,0
4000000,102.0,1,1,1,0,1.734896166666667,2.856734219815449,0,1,1,0,1,0,0,0,0,0,0,1,0,0,0,0,0,0,0,1
75000000,116.0,2,4,3,1,0.7213409018518518,4.788900690521111,1,1,1,0,1,0,0,1,1,0,0,0,0,0,0,0,0,0,0,0
500000,88.0,2,2,0,0,0.0,0.0,0,1,1,0,0,0,0,0,0,0,0,1,0,0,0,0,0,0,0,0
20000000,124.0,3,3,1,1,10.4542335,2.3870246291131703,0,1,1,1,0,0,0,0,0,0,0,1,0,0,0,0,0,0,0,0
29000000,102.0,3,1,7,0,3.6291343637209907,2.0252471937568646,1,1,1,0,0,0,0,1,0,0,0,0,0,0,0,0,0,0,0,0
30000000,90.0,2,2,1,0,2.9908124666666667,1.913715721975739,1,1,1,0,0,0,0,0,0,0,0,0,0,0,0,0,0,0,0,0
150000000,138.0,4,1,3,0,8.169755718970189,2.0062504316272407,1,1,1,1,0,1,1,0,1,0,0,0,0,0,0,0,0,0,0,1
60000000,86.0,1,3,0,0,2.86263105,3.1346806153859936,0,1,1,1,1,0,1,0,1,1,0,0,1,0,0,0,0,0,0,0
80000000,101.0,4,2,5,1,3.694512832444444,3.279500125801678,1,1,1,1,0,0,0,0,0,0,0,0,0,1,0,0,0,0,0,1
19000000,85.0,1,1,0,0,0.0,0.3193102,0,1,1,0,1,0,1,0,0,0,0,0,0,0,0,0,0,0,0,0
60000000,100.0,4,3,2,2,2.921735478205128,2.1851247540707113,1,1,1,0,0,0,0,0,0,0,0,0,0,0,0,0,0,0,0,1
8000000,110.0,1,2,0,0,0.0,3.0089470761117636,0,1,1,0,0,1,0,0,0,0,0,1,0,0,0,0,0,0,0,0
137000000,138.0,4,3,4,2,5.301356897664728,2.782872426388889,1,1,1,0,1,0,0,1,0,0,0,1,0,0,0,1,0,0,0,1
140000000,143.0,2,3,1,1,2.59377250877193,2.536021169807594,1,1,1,1,1,0,1,1,1,0,0,0,0,1,0,0,0,0,0,1
110000000,133.0,6,4,2,2,3.920727513333333,3.9029740933836643,1,1,1,0,0,0,0,1,1,0,0,0,0,0,0,1,0,0,0,1
30000000,96.0,4,2,6,0,3.8775014484946233,2.335244817461335,0,1,1,1,1,0,0,0,0,0,0,0,0,0,0,0,0,0,0,0
60000000,119.0,6,5,4,2,2.7806219990760868,12.851744077494194,1,1,1,0,0,1,0,1,1,0,0,0,0,0,0,1,0,0,0,0
55000000,94.0,2,4,4,0,19.692932745391413,3.728491872374929,0,1,1,0,0,0,0,1,0,0,0,1,0,0,0,0,0,0,0,0
40000000,98.0,2,1,1,1,4.586915327777778,1.6429324581505846,1,1,1,0,0,1,0,0,0,0,0,0,0,0,0,0,0,0,0,1
3000000,120.0,2,4,0,0,0.0,0.0,0,0,0,0,0,0,0,1,0,0,0,1,0,0,0,0,0,0,0,0
38000000,84.0,1,5,6,2,3.5987062837731085,2.6075279284731274,0,1,1,0,1,0,1,1,1,0,0,0,1,0,0,1,0,0,0,1
17000000,104.0,4,2,1,1,5.9217789,5.9217789,0,1,1,0,1,0,0,0,0,0,0,0,0,0,1,0,0,0,0,0
55000000,118.0,2,1,6,0,6.516394509112989,3.4587692713859437,1,1,1,0,0,1,0,0,0,0,0,0,0,0,0,0,0,0,0,0
8000000,99.0,9,3,0,0,0.0,0.0,0,1,0,0,0,0,0,0,0,0,0,1,0,0,0,0,0,0,0,0
25000000,101.0,2,3,2,0,2.6203211900000003,2.570329891803818,1,1,1,0,0,0,0,1,0,0,0,1,0,0,0,0,0,0,0,0
120000000,106.0,4,3,1,1,2.870712445652174,5.649989932636658,1,1,1,0,1,0,1,1,1,0,0,0,0,0,0,0,0,0,0,1
2000000,100.0,4,2,0,0,0.0,0.6224450266666667,0,1,1,0,1,0,0,0,0,0,0,1,0,0,0,0,0,0,0,0
12600000,84.0,7,2,0,0,0.0,2.591604217857143,0,1,1,0,0,0,0,0,0,0,0,0,0,0,1,0,0,0,0,0
28000000,102.0,5,1,0,0,0.0,3.5313342666666667,0,1,1,0,0,0,0,1,0,0,0,0,0,0,0,0,0,0,0,0
5000000,104.0,1,4,0,0,0.0,2.955641955318683,1,1,1,0,0,0,0,0,0,0,0,1,0,0,0,0,0,0,0,0
94000000,178.0,2,3,3,2,7.234845421033529,4.682051404141376,0,1,1,1,0,1,1,1,1,0,0,0,0,1,0,0,0,0,0,1
94000000,100.0,1,2,1,0,3.027157158333333,2.9450919,0,1,1,1,0,0,0,0,0,1,0,0,1,0,0,0,0,0,0,1
4361898,92.0,1,2,0,0,0.0,0.0,0,1,0,1,1,0,0,0,0,0,0,0,0,0,0,0,0,0,0,0
50000000,115.0,5,4,0,0,0.0,1.773140773691836,0,1,1,0,0,0,0,1,1,0,0,0,0,0,0,0,0,0,0,0
4800000,121.0,3,3,0,0,0.0,0.0,0,0,0,1,0,0,0,0,0,0,0,1,0,0,0,0,0,0,0,0
54000000,121.0,3,1,3,0,7.986458466666665,5.179514856876935,0,1,1,1,1,0,0,0,0,0,0,1,0,0,0,0,0,0,0,0
150000000,129.0,4,4,3,3,4.61316240962963,3.9722192317251728,1,1,1,0,0,1,0,1,1,0,0,0,0,0,0,1,0,0,0,1
48000000,84.0,2,1,1,0,13.811725686335404,0.0,0,1,1,0,0,0,0,0,0,0,0,0,0,0,0,0,0,0,0,1
26000000,90.0,2,2,0,0,0.0,1.3541589993788818,0,1,1,0,0,0,0,0,0,0,0,0,0,0,1,0,0,0,0,0
80000000,128.0,3,3,1,0,5.344452957142857,5.571203414886345,1,1,1,0,0,1,0,0,0,0,0,1,0,0,0,0,0,0,0,1
12000000,90.0,1,2,2,1,5.8029548250000005,0.0,0,1,1,0,1,0,0,0,0,0,0,0,0,0,0,0,0,0,0,0
150000000,138.0,5,4,2,2,4.457744611111111,3.805155954637631,1,1,1,0,0,0,0,1,1,0,0,0,0,0,0,1,0,0,0,1
25000000,138.0,4,4,8,1,3.7449396551217533,2.906452046956565,1,1,1,0,0,0,0,0,0,0,0,1,0,0,0,0,0,0,0,1
55000000,103.0,4,2,1,0,2.59628625,7.423668836684149,1,1,1,0,1,0,0,0,0,0,0,0,0,0,0,0,0,0,0,1
22000000,139.0,4,1,2,0,9.75127414431818,3.3098934056609792,0,1,1,0,1,0,0,0,0,0,0,0,0,0,0,0,0,0,0,0
60000000,92.0,3,2,2,0,3.9773121714285713,2.864433645355515,1,1,1,0,0,0,0,0,0,0,0,0,1,0,0,0,0,0,0,1
26000000,97.0,3,1,1,0,0.744605,17.18805107458996,1,1,1,0,1,0,0,0,0,0,0,0,0,0,0,0,0,0,0,1
6000000,94.0,3,2,0,0,0.0,3.810696954444444,1,1,1,0,0,1,0,0,0,0,0,1,0,0,0,0,0,0,0,0
140000000,154.0,4,4,4,1,2.6761191298826783,5.021342792374176,1,1,1,0,0,1,0,1,0,0,0,1,0,0,0,0,0,0,0,1
60000000,136.0,6,4,2,0,1.9541680871212121,3.482479322034869,1,1,1,0,0,0,0,1,1,0,0,0,0,0,0,1,0,0,0,0
2000000,120.0,0,0,0,0,0.0,0.0,0,0,0,0,0,0,1,0,0,0,0,0,0,0,0,0,0,0,0,0
60000000,110.0,2,2,3,0,4.524618010899471,1.4684532013420402,0,1,1,1,0,0,0,1,0,0,0,0,0,0,0,0,0,0,0,1
90000000,99.0,3,5,2,0,7.063149174171541,2.4196778557861514,1,1,1,0,0,1,0,0,0,0,0,0,1,1,0,0,0,0,0,1
30000000,111.0,3,2,3,0,10.834924479166668,6.730276794261978,0,1,1,1,0,0,1,1,0,0,0,0,0,0,0,0,0,0,0,1
45000000,95.0,3,1,1,0,10.013424,8.886275943738976,0,1,1,0,1,0,1,0,0,0,0,0,0,0,0,0,0,0,0,1
12000000,119.0,2,2,1,0,16.67142857142857,2.0175739464062232,0,1,1,0,0,0,0,0,0,0,0,0,0,0,0,0,0,0,0,0
30000000,97.0,7,1,2,0,1.263437,6.0914850671176035,0,1,1,0,1,0,0,0,0,0,0,0,0,0,1,0,0,0,0,1
120000000,115.0,6,2,2,0,3.637042888888889,4.438988308658736,1,1,1,0,1,0,0,1,0,0,0,0,0,0,0,1,0,1,0,1
40000000,96.0,4,2,1,1,1.7610905833333332,2.099655564035772,1,1,1,0,0,0,0,0,0,0,0,0,0,0,0,0,0,0,0,0
7000000,178.0,1,2,0,0,0.0,0.0,0,0,0,0,0,1,0,0,0,0,0,1,0,0,0,0,0,0,0,0
2500000,102.0,5,3,0,0,0.0,2.802184727915804,0,1,1,1,1,0,0,0,0,0,0,1,0,0,0,0,0,0,0,0
39000000,106.0,5,2,0,0,0.0,1.5523284414141203,1,1,1,0,0,0,0,0,0,0,0,1,0,0,0,0,0,0,0,0
9000000,88.0,1,2,1,0,5.629286384615384,1.4920493461538462,0,1,1,0,0,0,0,0,1,0,0,0,0,0,0,0,0,0,0,0
70000000,143.0,4,3,10,0,2.882341398328794,2.68867591443797,1,1,1,0,0,1,0,0,0,0,0,1,0,0,0,0,0,0,0,1
50000000,88.0,3,2,0,0,0.0,3.3529956347218426,0,1,1,0,0,0,0,0,0,0,0,0,0,0,0,0,0,0,0,0
45000000,94.0,2,3,0,0,0.0,1.3387497296212123,0,1,1,0,0,0,1,1,0,0,0,0,0,0,1,1,0,0,0,1
50000000,107.0,1,3,2,1,1.441843553174603,3.599640685470083,0,1,1,1,0,0,0,0,0,0,0,1,0,0,0,0,0,0,0,1
12000000,129.0,4,4,0,0,0.0,6.966078763514653,0,0,0,1,0,0,0,0,0,0,0,1,0,1,0,1,0,0,0,0
2700000,80.0,3,2,4,2,2.4845824160225445,2.4606935637329355,0,1,1,1,0,0,0,0,0,0,0,1,0,0,0,0,0,0,0,0
50000000,80.0,3,3,0,0,0.0,5.225059138368483,1,1,1,0,1,0,0,0,0,1,0,0,1,0,0,0,0,0,0,1
110000000,120.0,7,3,1,0,8.086593304347826,2.2635901215375815,0,1,1,0,1,0,0,1,1,0,0,0,0,0,0,0,0,0,0,0
6500000,105.0,2,3,0,0,0.0,0.0,1,1,0,1,0,0,0,0,0,0,0,1,0,0,0,0,0,0,0,0
130000,79.0,1,2,0,0,0.0,0.0,0,1,1,0,1,0,0,0,0,0,0,1,0,0,0,0,0,0,0,0
50000000,108.0,6,2,0,0,0.0,9.308599964931819,1,1,1,0,0,1,1,0,0,0,0,0,0,0,0,0,0,0,0,0
6500000,96.0,2,2,0,0,0.0,3.7160924110249187,0,1,1,0,1,0,0,0,0,0,0,1,0,0,0,0,0,0,0,0
70000000,146.0,5,4,8,0,6.2562014262668,2.405737305445689,0,1,1,0,0,0,0,1,0,0,0,1,0,0,0,0,0,0,0,1
80000000,129.0,3,3,2,2,11.15203070040486,3.0234020320388364,1,1,1,0,1,0,0,0,0,0,0,1,0,0,0,0,0,0,0,0
70000000,107.0,6,5,0,0,0.0,3.353790123609256,1,1,1,1,0,0,0,1,1,0,0,0,0,0,0,1,0,0,0,0
12806000,125.0,11,1,0,0,0.0,0.0366005,0,0,0,0,0,0,0,0,0,0,0,1,0,0,0,0,0,0,0,0
13000000,113.0,5,2,0,0,0.0,4.94954110855464,1,1,1,0,0,0,0,0,0,0,0,0,0,0,0,1,0,0,0,0
50000000,119.0,3,3,4,2,11.084875913055019,25.92577809980696,0,1,1,0,0,0,0,0,0,0,0,1,0,0,0,0,0,0,0,0
20000000,108.0,3,3,0,0,0.0,3.967197781442639,0,1,1,1,0,0,0,0,0,0,0,1,0,0,0,1,0,0,0,0
100000000,104.0,6,2,0,0,0.0,2.4181551355983535,1,1,1,0,1,0,0,1,0,0,0,0,0,0,0,0,0,0,0,0
30000000,136.0,3,3,4,1,9.874266250000002,8.302608758048432,0,1,1,0,0,0,1,1,0,0,0,0,0,0,0,0,0,0,0,1
57000000,95.0,3,6,3,0,2.1462110656951743,0.0,0,1,0,1,1,0,0,1,1,0,0,0,1,1,0,1,0,0,0,0
12000000,97.0,4,2,0,0,0.0,4.369046226666667,0,1,1,0,0,0,0,0,0,0,0,0,1,0,0,0,0,0,0,0
6500000,112.0,7,1,0,0,0.0,3.3163044627724507,0,1,1,1,0,0,0,0,0,0,0,1,0,0,0,0,0,0,0,0
2000000,90.0,0,3,0,0,0.0,0.0,0,1,0,0,0,0,0,0,0,0,0,1,0,0,0,0,0,0,0,0
40000000,113.0,1,4,3,1,13.986922592406692,6.714493212280243,1,1,1,0,1,0,1,0,0,0,0,1,1,0,0,0,0,0,0,0
20000000,92.0,3,1,0,0,0.0,4.058987598116978,1,1,1,0,1,0,1,0,0,0,0,0,0,0,0,0,0,0,0,1
110000000,125.0,5,2,6,3,2.9577209119312466,2.9202631890183675,1,1,1,1,0,1,1,0,0,0,0,0,0,0,0,0,0,0,1,1
30000000,132.0,5,1,9,2,4.025822004552669,5.790080927922325,1,1,1,1,0,1,0,0,0,0,0,1,0,0,0,0,0,0,0,1
26000000,94.0,1,1,0,0,0.0,2.716374708549676,0,1,1,0,1,0,1,0,0,0,0,0,0,0,0,0,0,0,0,0
40000000,98.0,6,3,0,0,0.0,2.593166763344038,0,1,1,0,0,0,0,0,0,0,0,0,0,0,0,0,0,0,0,0
110000000,77.0,1,2,0,0,0.0,1.8174120324074072,1,1,1,1,0,0,0,0,0,1,0,0,1,0,0,0,0,0,0,1
40000000,84.0,3,1,0,0,0.0,4.126811048249898,1,1,1,0,0,0,0,1,0,0,0,0,0,0,0,0,0,0,0,0
31000000,96.0,2,3,0,0,0.0,7.5400100169689726,0,1,0,1,0,0,0,0,0,0,0,0,1,1,0,0,0,0,0,0
2600000,105.0,0,1,0,0,0.0,0.0,0,1,1,1,1,0,0,0,0,0,1,0,0,0,0,0,0,0,0,0
130000000,141.0,3,3,1,0,6.7233384,8.28934461,1,1,1,0,0,0,0,0,1,0,0,0,1,1,0,0,0,0,0,1
60000000,103.0,2,1,0,0,0.0,2.5470320877734025,1,1,1,0,0,0,0,0,0,0,0,0,0,0,0,0,0,0,0,0
116000000,170.0,8,1,11,1,4.218933167062463,3.6039243103464838,1,1,1,0,0,1,0,0,0,0,0,1,0,0,0,0,0,0,0,1
30000000,104.0,1,2,1,0,2.87942425,1.2198554174603176,0,1,1,0,1,0,0,0,0,0,0,1,0,0,0,0,0,0,0,0
31000000,98.0,1,2,0,0,0.0,3.3131119993994775,1,1,0,0,0,0,0,0,0,0,0,0,0,0,0,0,0,0,0,0
35000000,102.0,4,2,5,0,25.007528928787874,7.5865796924771765,0,1,1,0,0,0,0,0,0,0,0,0,0,0,0,0,0,0,0,0
27000000,104.0,1,2,1,0,1.3839816666666669,4.300002565029434,1,1,1,0,0,1,0,0,0,0,0,1,0,0,0,0,0,0,0,1
25000000,102.0,4,4,0,0,0.0,2.3493874754277555,1,1,1,0,0,0,0,0,0,0,0,1,0,0,1,1,0,0,0,0
50000000,119.0,2,3,3,3,1.7938451957671957,4.783712493418434,0,1,1,0,0,1,0,0,1,0,0,1,0,0,0,0,0,0,0,0
23000000,111.0,5,2,0,0,0.0,3.747915363636364,0,1,1,0,0,0,0,0,0,0,0,0,0,0,0,0,0,0,0,0
30000000,114.0,3,4,0,0,0.0,3.8389993369163853,0,1,1,0,0,0,0,0,0,0,0,1,0,0,0,0,0,0,0,0
29000000,123.0,1,2,1,0,2.8401325,4.14843679382353,0,1,1,1,1,0,0,0,0,0,0,1,0,0,0,0,0,0,0,1
10000000,92.0,5,3,0,0,0.0,3.6716426395133053,0,1,1,0,0,0,0,0,0,0,0,0,0,0,1,0,0,0,0,1
28000000,90.0,4,4,3,0,4.762587483333333,3.4483997325142517,0,1,0,0,0,0,0,1,0,0,0,0,0,0,0,0,0,0,0,0
75000000,108.0,5,3,0,0,0.0,3.5917916403984873,1,1,1,1,1,0,1,1,0,0,0,1,0,0,0,0,0,0,1,1
56000000,86.0,6,4,1,0,1.8202093571428573,7.355109132352942,0,1,1,0,0,0,0,1,1,0,0,1,0,0,0,0,0,0,0,0
105000000,119.0,2,2,1,0,2.312506913043478,2.6572467229727685,0,1,1,0,1,0,0,1,0,0,0,0,0,0,0,1,0,0,0,1
30000000,87.0,4,3,0,0,0.0,0.36875,1,1,1,0,0,1,0,0,0,1,0,0,1,0,0,0,0,0,0,1
60000000,97.0,3,4,2,1,3.270589699145299,2.6452670265524656,0,1,1,1,0,1,0,1,0,0,0,1,0,0,0,0,0,0,0,0
19000000,95.0,2,4,1,0,3.4253907,4.124643690641535,1,1,1,0,1,0,0,1,1,0,0,0,0,0,0,0,0,0,0,0
37000000,98.0,3,3,1,0,19.27525333333333,0.19196420138888887,1,1,1,0,0,0,0,0,0,0,0,0,0,1,0,0,0,0,0,0
125000000,124.0,5,4,2,0,6.425072432121212,1.216962486429477,1,1,1,1,0,0,0,1,1,0,0,0,0,0,0,1,0,0,0,1
100000000,131.0,4,4,3,0,5.628395852793041,1.7437565583771124,1,1,1,0,0,1,0,1,1,0,0,0,0,0,0,0,0,0,0,1
33000000,124.0,5,3,0,0,0.0,3.0388405966150933,1,1,1,1,0,0,0,1,0,0,0,1,0,0,0,0,0,0,0,0
35000000,111.0,2,3,0,0,0.0,6.1020644995404,0,1,1,0,1,0,0,0,0,0,0,1,0,0,0,0,0,0,0,0
6000000,122.0,2,1,2,0,25.402959125,12.648051679703604,0,1,1,0,1,0,0,0,0,0,1,0,0,0,0,0,0,0,0,1
16000000,97.0,1,2,0,0,0.0,0.5708333333333333,0,1,1,0,0,0,0,0,0,0,0,1,0,0,0,0,0,0,0,0
18000000,92.0,5,3,0,0,0.0,4.0916128125,0,1,1,0,0,0,0,1,1,0,0,0,1,0,0,0,0,0,0,0
4200000,114.0,4,3,0,0,0.0,0.0,0,0,0,0,1,0,0,1,0,0,0,0,0,1,0,0,0,0,0,0
80000000,114.0,2,3,9,0,2.2190298423153125,1.8652443407279693,0,1,1,0,1,0,1,0,0,0,0,0,0,0,1,0,0,0,0,0
400000,95.0,6,1,0,0,0.0,0.0,1,1,1,0,1,0,0,0,0,0,0,0,0,0,0,0,1,0,0,0
75000000,99.0,4,2,2,0,1.586185829761905,5.591086854541561,1,1,1,0,0,0,0,0,0,0,0,0,0,0,0,0,0,0,0,1
17500000,121.0,8,3,0,0,0.0,5.267132779090354,1,1,1,1,0,0,0,0,0,0,0,1,0,0,0,0,0,0,0,0
18000000,106.0,1,2,1,0,1.8836175,5.096718220094628,0,1,1,0,0,0,1,0,0,0,0,1,0,0,0,0,0,0,0,0
28000000,101.0,5,3,0,0,0.0,1.8173800871794872,0,1,1,1,0,0,0,1,0,0,0,0,0,1,1,0,0,0,0,1
28000000,135.0,1,2,1,0,4.106333333333334,7.8327854258183995,1,1,1,0,0,0,0,0,0,0,0,1,0,0,0,0,0,0,0,0
5000000,101.0,5,2,1,0,0.2493113333333333,2.085608986134835,0,1,1,0,0,0,0,0,0,0,0,1,0,0,0,0,0,0,0,0
12000000,87.0,1,3,0,0,0.0,1.9815260396825396,0,1,1,0,0,1,0,0,0,0,0,1,0,0,1,0,0,0,0,0
12000000,84.0,3,3,0,0,0.0,0.0,0,0,0,1,0,1,0,1,0,0,0,0,0,0,0,1,0,0,0,0
17000000,97.0,3,1,2,0,2.492116576923077,2.2625225977564103,1,1,1,1,0,0,0,0,0,0,0,0,0,0,0,0,0,0,0,1
25000000,108.0,4,1,1,0,3.8533064545454554,0.7834895416666666,0,1,1,0,0,0,0,0,0,0,0,0,0,0,0,0,0,0,0,0
65000,100.0,1,3,0,0,0.0,0.0,0,1,1,0,0,0,0,0,0,0,1,1,0,0,0,0,0,0,0,0
25000000,93.0,3,1,0,0,0.0,1.207886,0,1,1,0,0,0,0,0,0,0,0,0,0,0,0,0,0,0,0,0
90000000,93.0,3,3,2,1,1.2975405764705883,3.3160029153123562,1,1,1,0,1,0,0,1,0,0,0,0,0,0,0,1,0,0,0,1
200000000,127.0,3,3,4,0,20.03357716540631,1.761726622307191,1,1,1,1,1,0,1,1,1,0,0,0,0,1,0,0,0,0,1,1
70000000,101.0,11,3,4,1,2.6370520223737377,3.04749436,1,1,1,1,1,0,1,1,1,0,0,0,0,0,0,1,0,0,0,1
45000000,113.0,4,4,1,1,2.29383005,1.812276192214858,1,1,1,0,0,1,0,1,1,0,0,1,0,0,0,0,0,0,0,0
80000000,130.0,2,1,1,0,6.28356022,4.015222682822344,1,1,1,0,0,1,0,0,0,0,0,0,0,0,0,0,0,0,0,0
80000000,115.0,4,2,5,0,4.911762075396825,3.477357951708729,1,1,1,1,0,1,0,0,0,0,0,0,0,0,0,0,0,0,0,1
75000000,90.0,3,4,0,0,0.8045550210526315,4.5182952919234785,0,1,1,0,0,0,0,1,0,1,0,0,1,0,0,0,0,0,0,1
25000000,94.0,1,4,1,1,3.4779386538461536,3.861248831801609,0,1,1,1,0,0,0,1,1,0,0,0,0,0,0,0,0,0,0,0
20000000,97.0,2,5,1,0,3.5537514,0.0,0,1,1,0,1,0,1,1,1,0,0,0,0,0,1,1,0,0,0,0
60000000,128.0,3,2,18,7,14.982997883426995,4.761002200935232,0,1,1,1,1,0,0,0,0,0,0,1,0,0,0,0,0,0,0,1
145000000,137.0,2,3,1,0,3.7798521,4.233003916585474,0,1,1,0,0,0,0,0,0,0,0,0,0,0,0,0,0,0,0,0
17000000,95.0,1,2,1,0,7.8763710555555555,1.2834979800000001,0,1,1,0,0,0,0,0,0,0,0,0,0,0,0,0,0,0,0,0
19000000,95.0,4,1,0,0,0.0,2.2337388750000002,1,1,1,1,1,0,0,0,0,0,0,0,0,0,0,0,0,0,0,0
155000000,175.0,8,6,8,0,5.819133689302802,2.4274855374187805,1,1,1,0,0,1,0,1,1,0,0,1,0,0,0,0,0,0,0,1
20000000,98.0,1,1,1,0,2.6593086923076923,28.22613656809764,1,1,1,0,0,0,0,0,0,0,0,0,0,0,0,0,0,0,0,0
1200000,103.0,4,3,0,0,0.0,2.6899389142480037,1,1,1,0,0,0,0,0,0,0,0,0,0,0,1,0,0,0,0,1
40000000,152.0,4,2,1,0,2.683239649122807,3.81952708570782,1,1,1,0,0,0,0,0,0,0,0,1,0,0,0,0,0,0,0,1
65000000,123.0,6,6,0,0,0.0,1.6964374405728415,0,1,1,1,0,1,1,1,1,0,0,0,0,1,1,1,0,0,0,1
16000000,126.0,3,3,1,0,3.5278185333333334,3.33249555,0,1,1,1,0,0,0,0,0,0,0,1,0,0,0,0,0,0,0,1
100000000,136.0,3,2,1,1,3.9653850430107527,7.769932987452085,0,1,1,0,0,0,0,0,1,0,0,0,0,0,0,0,0,0,0,1
15000000,103.0,4,3,0,0,0.0,2.078400205211558,0,1,1,1,1,0,0,0,0,0,0,1,0,0,0,0,0,0,0,0
165000000,100.0,3,4,8,4,7.217131471995282,7.119929429062234,0,1,1,0,0,1,0,0,1,1,0,0,1,1,0,0,0,0,0,1
150000000,93.0,3,5,1,0,1.5320442375,5.2965680956364345,0,1,1,1,0,0,0,0,1,1,0,0,1,1,0,0,0,0,0,1
18339750,156.0,7,3,0,0,0.0,0.0,0,0,0,1,0,0,0,0,0,0,0,1,0,0,0,0,0,0,0,0
16000000,86.0,1,2,0,0,0.0,2.9454579554347826,0,1,1,0,0,0,0,0,0,0,0,0,0,0,0,0,0,0,0,0
25000000,106.0,2,1,1,1,11.2273715,5.400325065046034,0,1,1,0,0,0,0,0,0,0,0,1,0,0,0,0,0,0,0,1
66000000,122.0,4,3,1,0,2.870556148148148,4.0558954634259266,0,1,1,1,0,0,0,1,0,0,0,0,0,1,0,1,0,0,0,0
15000000,89.0,1,1,0,0,0.0,3.776628680373303,1,1,1,0,0,0,0,0,0,0,0,0,0,0,0,0,0,0,0,0
20000000,84.0,3,3,0,0,0.0,2.0156608987370603,1,1,1,0,0,0,0,1,0,0,0,1,0,0,0,0,1,0,0,0
8500000,104.0,3,2,1,0,6.164120666666666,6.164120666666666,0,1,1,0,0,0,0,0,0,0,0,0,0,0,1,0,0,0,0,0
500000,90.0,1,2,0,0,0.0,5.670109958333334,0,1,1,1,0,0,0,0,0,0,0,1,0,0,0,0,0,0,0,0
27000000,106.0,10,3,10,0,2.3785564955766847,1.7538666654761905,0,1,1,1,0,0,0,0,0,0,0,0,0,0,0,0,0,0,0,0
60000000,101.0,5,2,2,0,5.555974291666667,2.121388940057851,1,1,1,0,0,0,0,0,0,0,0,0,0,0,0,0,0,0,0,1
27000000,99.0,4,2,1,0,1.034877125,3.9145063652138234,1,1,1,0,1,0,0,0,0,0,0,0,0,0,0,0,0,0,0,0
24000000,119.0,5,3,2,2,12.171251116352202,0.0,0,0,0,0,0,1,0,0,1,1,0,0,0,1,0,0,0,0,0,1
20000000,99.0,1,4,0,0,0.0,0.0,1,0,0,0,0,0,0,1,0,0,0,0,0,1,0,0,0,0,0,1
92000000,115.0,2,4,1,0,0.3308472142857143,6.650399278531181,1,1,1,1,0,1,0,1,1,1,0,0,1,0,0,0,0,0,0,1
42000000,90.0,2,2,0,0,0.0,2.4694685160225816,0,1,1,1,0,0,0,0,0,0,0,0,0,0,0,0,0,0,0,1
74500000,109.0,5,3,3,0,2.6363783344537817,2.930158636904762,0,1,0,0,0,0,0,0,1,0,0,1,1,0,0,0,0,0,0,0
32000000,98.0,2,5,0,0,0.0,0.0,1,1,1,1,0,0,1,1,1,1,0,0,0,0,0,0,0,0,0,0
4000000,99.0,8,2,0,0,0.0,0.0,1,1,1,0,0,0,0,0,0,0,0,0,0,0,1,0,0,0,0,0
3000000,94.0,0,1,1,0,2.5754284,2.7553115714285714,0,1,1,0,0,0,0,0,0,0,0,1,0,0,0,0,1,0,0,0
60000000,108.0,3,3,3,0,8.599502957222223,2.6092822385386576,0,1,1,0,1,0,0,0,0,0,0,1,0,0,0,0,0,0,0,1
30000000,110.0,4,1,3,0,2.9418215206267804,4.368759327257183,1,1,1,0,0,0,0,0,0,0,0,0,0,0,0,0,0,0,0,0
30000000,127.0,2,1,1,0,2.9166666666666665,1.4433765225813024,1,0,1,1,0,0,0,0,0,0,0,1,0,0,0,0,0,0,0,1
23000000,141.0,2,2,2,0,0.8136139848484848,13.927032101752832,0,1,1,0,0,0,0,0,0,0,0,1,0,0,0,0,0,0,0,0
60000000,115.0,5,3,0,0,0.0,4.246095405642375,0,1,1,0,0,0,0,1,0,0,0,1,0,0,0,0,0,0,0,0
7500000,110.0,0,2,0,0,0.0,0.0,0,1,0,1,0,1,0,0,0,0,0,1,0,0,0,0,0,0,0,0
175000000,163.0,6,3,5,0,3.407520678087457,3.3693747755119787,1,1,1,0,0,0,0,0,1,0,0,1,0,0,0,0,0,0,0,1
7000,77.0,1,3,0,0,0.0,0.0,0,1,1,1,0,0,0,0,0,0,0,1,0,0,0,1,1,0,0,0
37000000,109.0,4,1,2,1,3.0387395444444447,3.138237288888889,1,1,1,0,1,0,0,0,0,0,0,0,0,0,0,0,0,0,0,1
65000000,120.0,4,3,3,0,1.1257632283142955,3.2882044193115356,1,1,1,0,1,0,0,0,0,0,0,1,0,0,0,0,0,0,0,1
26000000,100.0,5,1,0,0,0.0,3.7183009833333336,0,1,1,1,0,1,1,0,0,0,0,0,0,0,0,0,0,0,0,0
100000000,90.0,3,1,2,2,1.3557096,3.6554574172520824,1,1,1,1,0,1,0,0,0,0,0,0,0,0,0,0,0,0,0,1
82000000,113.0,5,2,3,1,1.9307144731746033,2.208177478915616,1,1,1,0,0,0,0,0,0,0,0,1,0,0,0,0,0,0,0,1
50000000,127.0,5,2,9,2,5.767883353506997,7.180347903084582,0,1,1,0,0,0,0,1,0,0,0,0,0,0,0,0,0,0,0,0
26000000,85.0,3,2,7,0,5.859290758786849,8.482233629361538,0,1,1,0,1,0,0,0,0,0,0,0,0,0,1,0,0,0,0,0
3000000,100.0,1,3,1,1,3.6129063,1.7120822435897436,0,1,1,1,0,0,0,0,0,0,1,0,0,0,0,0,0,0,0,0
300000,88.0,1,1,0,0,0.0,0.0,0,1,1,0,1,0,0,0,0,0,1,0,0,0,0,0,0,0,0,0
28000000,135.0,5,2,0,0,0.0,6.2862209840366585,1,1,1,1,0,0,0,0,0,0,0,1,0,0,0,0,0,0,0,1
130000000,124.0,10,5,0,0,0.0,1.894001335230372,1,1,1,0,0,0,0,1,1,0,0,1,0,0,0,0,0,0,0,1
58000000,95.0,3,3,3,1,4.191663423831071,2.1141040230563894,0,1,1,0,0,0,0,0,0,0,0,0,0,1,0,0,0,0,0,1
8000000,124.0,0,1,0,0,0.0,0.42904275,0,1,0,1,0,0,1,0,0,0,0,1,0,0,0,0,0,0,0,0
39000000,119.0,2,4,0,0,0.0,2.8936243,1,1,1,0,1,0,0,1,1,0,0,0,0,0,0,1,0,0,0,0
19000000,90.0,4,3,0,0,0.0,7.6550966,0,1,1,0,0,0,0,0,0,0,0,1,0,0,1,0,0,0,0,1
8000000,116.0,1,1,0,0,0.0,3.3531217033250695,0,1,1,0,1,0,0,0,0,0,0,1,0,0,0,0,1,0,0,0
80000000,110.0,16,4,4,4,1.781716864212963,6.12329415,0,1,1,1,0,0,0,1,1,0,0,0,0,0,0,1,0,0,0,0
9600000,144.0,1,2,0,0,0.0,1.376222000617284,1,1,1,0,0,0,0,0,0,0,0,1,0,0,0,0,0,0,0,0
30000000,85.0,2,4,1,0,4.996323644444445,5.3437125597091715,0,1,1,1,0,0,0,0,1,1,0,0,1,0,0,0,0,0,0,1
32000000,95.0,3,4,3,0,3.4357079274227345,3.9864974184706963,1,1,1,0,0,0,0,0,1,0,0,0,1,0,0,0,0,0,0,0
70000000,164.0,7,4,20,9,13.891689511750963,1.4107017246315843,1,1,1,0,0,1,0,1,0,0,0,1,0,0,0,0,0,0,0,1
15000000,93.0,4,1,3,0,28.113520688852812,4.1251707068724945,1,1,1,0,1,0,0,0,0,0,0,0,0,0,1,0,0,0,0,0
7000000,114.0,7,2,0,0,0.0,2.1253487813333334,1,1,1,1,0,0,0,0,0,0,0,1,0,0,0,0,0,0,0,0
14200000,139.0,21,1,1,0,3.127490546875,10.038221457227682,0,1,0,0,0,0,0,0,0,0,0,1,0,0,0,0,0,0,0,0
55000000,98.0,2,3,0,0,0.0,4.341077194391063,0,1,1,0,0,0,0,0,0,0,0,1,0,0,0,0,0,0,0,1
132000000,116.0,4,3,19,8,14.386890323772942,4.804072109156918,1,1,1,0,1,0,0,0,1,0,0,0,0,0,0,1,0,0,0,1
135000000,121.0,5,1,5,1,3.1529181914974935,3.0098002500084573,1,1,1,0,1,0,0,1,0,0,0,0,0,0,0,0,0,0,0,0
40000000,124.0,3,3,8,3,3.536269543229013,3.5013647853535352,0,1,1,1,0,0,0,1,0,0,0,0,0,0,0,0,0,0,0,1
20000000,96.0,5,4,1,0,0.0962168,4.150245689497354,1,1,1,0,0,0,0,1,0,0,0,0,0,1,1,0,0,0,0,0
40000000,77.0,6,4,9,0,3.7430766287698414,3.020159428111969,1,1,1,1,0,0,0,0,0,1,0,0,0,1,0,0,0,0,0,1
2000000,92.0,0,2,1,1,0.1485796,2.277881646946224,0,1,1,0,0,0,0,0,0,0,1,0,0,0,0,0,0,0,0,0
75000000,86.0,3,2,1,0,2.86263105,2.533339651654767,0,1,1,0,0,0,0,0,0,1,0,0,1,0,0,0,0,0,0,1
19000000,122.0,3,4,0,0,0.0,1.7899374242013888,0,1,1,0,0,0,0,0,0,0,0,1,0,0,1,0,0,0,0,1
30000000,102.0,1,1,1,0,0.9543125,2.399200679649477,0,1,1,0,0,0,0,0,0,0,0,0,0,0,0,0,0,0,0,0
26000000,116.0,2,2,0,0,0.0,3.8328040494764952,1,1,1,1,1,0,0,0,0,0,0,0,0,0,0,0,0,0,0,1
60000000,101.0,3,6,2,0,2.4192419940476193,4.272657194090402,1,1,1,1,0,0,1,1,1,0,0,1,0,0,0,0,0,0,0,0
15000000,80.0,3,3,0,0,0.0,4.316642389043774,0,1,1,1,0,1,0,0,0,1,0,0,1,0,0,0,0,0,0,0
50000000,110.0,3,4,2,1,1.6879736953846156,2.1105826637523006,1,1,1,0,0,0,0,1,1,0,0,0,0,0,0,0,0,0,0,0
50000000,92.0,1,3,9,4,3.7749084569211258,0.0,0,1,1,1,1,0,0,0,1,0,0,0,1,0,0,1,0,0,0,0
70000000,118.0,2,3,2,2,4.2739462717948715,2.948034071512061,1,1,1,0,0,0,0,0,0,0,0,1,0,0,0,0,0,0,0,1
10000000,96.0,1,5,0,0,0.0,2.691302710795697,0,1,1,0,0,0,0,1,0,0,0,1,0,0,0,0,1,0,0,0
29000000,103.0,7,4,0,0,0.0,4.420889462249996,0,1,1,0,0,0,0,0,0,0,0,1,0,1,0,0,0,0,0,0
50000000,128.0,6,2,1,0,0.42877428,2.5335788548099223,1,1,1,1,0,1,0,0,0,0,0,1,0,0,0,0,0,0,0,0
25000000,129.0,7,3,1,1,9.28538484848485,3.9395624858211464,0,1,1,0,1,0,0,0,0,0,0,1,0,0,0,0,0,0,0,0
14000000,134.0,4,2,5,0,4.5992759998836075,1.7070147948315324,0,1,1,1,0,0,0,0,0,0,0,1,0,0,0,0,0,0,0,1
50000000,101.0,2,5,0,0,0.0,6.840869198254603,1,1,1,0,1,0,0,0,1,0,0,0,1,1,0,0,0,0,0,0
20000000,101.0,3,2,2,0,3.636212054385965,2.698445429181041,1,1,1,0,0,0,0,0,0,0,0,1,0,0,0,0,0,0,0,0
52000000,113.0,7,4,0,0,0.0,2.5850441846473187,0,1,1,0,0,0,0,0,0,0,0,1,0,0,0,0,0,0,0,0
30000000,108.0,7,1,2,0,4.413643223636363,5.558999742142366,0,1,1,1,0,0,0,0,0,0,0,1,0,0,0,0,0,0,0,0
80000000,132.0,2,3,2,0,1.7516625181159422,2.092972978032836,0,1,1,0,1,0,0,1,0,0,0,0,0,0,0,0,0,0,0,0
6500000,92.0,2,2,0,0,0.0,1.8182153519373216,0,1,1,0,0,0,0,0,0,0,0,1,0,0,0,0,1,0,0,0
56000000,95.0,2,5,4,1,3.8103113409090907,2.7983355798452023,1,1,1,1,0,0,0,1,0,0,0,1,1,0,0,0,0,0,0,1
75000000,129.0,2,2,3,2,3.8608150275378104,2.4787803741661065,1,1,1,1,0,0,0,1,1,0,0,0,0,0,0,0,0,0,0,1
10284523,104.0,4,3,0,0,0.0,2.2458924732895458,0,1,1,0,0,0,0,0,0,0,0,1,0,0,0,0,0,0,0,0
45000000,134.0,2,2,0,0,0.0,6.042731053646563,1,1,1,0,0,1,0,0,0,0,0,0,0,0,0,0,0,0,0,0
35000000,126.0,3,1,1,0,5.175,1.963781822603717,1,1,1,1,0,0,0,0,0,0,0,1,0,0,0,0,0,0,0,0
1500000,81.0,3,2,0,0,0.0,3.798170039340453,1,1,1,0,0,0,0,0,0,0,0,1,0,0,0,0,1,0,0,0
2000000,104.0,7,6,0,0,0.0,1.5001795792026207,0,1,0,0,0,0,0,1,1,0,0,1,0,0,0,0,0,0,0,0
75000000,91.0,2,4,1,0,6.495883661016949,5.217797991242743,1,1,1,0,0,0,0,0,0,1,0,0,1,0,0,1,0,0,0,1
4000000,92.0,5,1,0,0,0.0,0.0,1,1,1,0,0,0,0,0,0,0,0,0,0,0,1,0,0,0,0,1
1500000,111.0,4,1,0,0,0.0,2.5930326053367576,0,1,1,0,0,0,0,0,0,0,0,1,0,0,0,0,1,0,0,0
53000000,118.0,4,2,5,0,3.5480654098730158,6.489020851251634,0,1,1,0,0,0,0,0,0,0,0,0,0,0,0,0,0,0,0,0
45000000,109.0,2,2,5,0,3.6177563929926193,1.856340734263945,1,1,1,1,1,0,0,1,0,0,0,0,0,0,0,0,0,0,0,0
207000000,178.0,4,3,4,3,8.40190262694536,2.47537986001406,1,1,1,0,0,1,0,1,1,0,0,1,0,0,0,0,0,0,0,1
88000000,144.0,5,3,5,0,5.491911464807692,4.074926003464892,1,1,1,1,1,0,0,0,0,0,0,1,0,0,0,0,0,0,0,1
40000000,135.0,3,2,6,0,13.59893354037037,1.9881585975816993,1,1,1,1,0,1,0,0,0,0,0,1,0,0,0,0,0,0,0,0
30000000,97.0,5,4,0,0,0.0,2.6484515374913733,0,1,1,0,1,0,0,1,1,0,0,0,0,0,1,0,0,0,0,0
60000000,94.0,3,1,3,0,4.362738287878788,4.837670478162328,1,1,1,0,0,1,0,0,0,0,0,0,0,0,0,0,0,0,0,1
30000000,135.0,5,3,1,0,1.887049326923077,4.6815118406590335,0,1,1,0,0,1,0,0,0,0,0,1,0,0,0,0,0,0,0,0
28000000,136.0,5,3,2,1,2.9997318333333336,3.8628962407332925,0,1,1,0,0,0,0,0,0,0,0,1,0,0,0,0,0,0,0,1
30000000,109.0,4,1,0,0,0.0,3.3295278326966695,0,1,1,0,0,0,0,0,0,0,0,0,0,0,0,0,0,0,0,0
9000000,97.0,3,2,0,0,0.0,8.818527067495541,0,1,1,1,1,0,0,0,0,0,0,0,0,0,0,0,1,0,0,0
6000000,108.0,3,4,0,0,0.0,0.0,0,1,0,0,1,0,0,1,0,0,0,1,0,0,0,0,0,0,0,0
30000000,118.0,3,1,1,0,0.6154171076923077,0.0,0,1,1,0,1,0,1,0,0,0,0,1,0,0,0,0,0,0,0,0
113000000,140.0,1,3,4,2,38.984401650576416,4.101749285916852,0,1,1,1,0,0,1,1,1,0,0,0,0,0,0,1,0,0,0,1
22000000,83.0,3,1,0,0,0.0,3.6606443024985147,1,1,1,0,1,0,1,0,0,0,0,0,0,0,0,0,0,0,0,0
4000000,101.0,2,1,0,0,0.0,0.0,0,1,1,0,0,0,0,0,0,0,0,0,0,1,0,0,0,0,0,0
50000000,110.0,3,3,0,0,0.0,3.2508498101851853,0,1,1,0,0,0,1,0,0,0,0,1,0,0,1,0,0,0,1,1
25000000,119.0,3,2,0,0,0.0,0.0,0,1,1,0,1,0,0,0,0,0,0,1,0,0,0,0,0,0,0,0
25000000,105.0,1,2,1,0,3.480375722222222,7.084047471132966,0,1,1,0,1,0,0,0,0,0,0,0,0,0,0,0,0,0,0,0
15500000,93.0,4,4,0,0,0.0,2.1519022519350783,0,1,1,0,0,0,0,0,0,0,0,1,0,0,0,0,0,0,0,0
1000000,103.0,2,1,0,0,0.0,6.606122957692308,0,1,1,1,0,1,0,0,0,0,0,1,0,0,0,0,1,0,0,0
25000000,97.0,6,3,0,0,0.0,5.741279757476944,1,1,1,0,0,0,0,0,0,0,0,0,1,1,0,0,0,0,0,1
42000000,122.0,6,3,1,0,0.3481326944444444,3.002754885898032,0,1,1,0,0,0,0,0,0,0,0,1,0,0,0,0,0,0,0,0
180000000,143.0,2,3,2,0,7.102872676666667,0.0,1,1,1,0,0,1,1,0,1,0,0,0,1,1,0,0,0,0,0,1
32000000,87.0,7,3,2,0,1.6111615412698415,2.9377217822585036,1,1,1,0,1,0,0,1,0,0,0,0,0,0,0,0,0,0,0,0
32000000,96.0,3,3,3,1,0.8744552063620071,4.23516415999795,0,1,1,0,0,0,0,0,0,0,0,1,0,0,0,0,0,0,0,0
62000000,93.0,6,2,0,0,0.0,1.8519762454439919,1,1,1,0,0,1,0,1,0,0,0,0,0,0,0,1,0,0,0,0
150000000,81.0,2,3,2,0,0.902367138125,6.936169936158731,1,1,1,1,0,1,0,0,0,1,0,0,1,0,0,0,0,1,0,1
22000000,108.0,3,2,0,0,0.0,3.451535040381595,0,1,1,1,0,1,0,0,0,0,0,1,0,0,0,0,0,0,0,0
60000000,105.0,7,3,3,0,2.5000749,2.128387758426704,0,1,1,0,0,0,0,1,1,0,0,0,0,0,1,0,0,0,0,0
80000000,128.0,6,2,4,0,5.04586867951949,4.177683248925491,1,1,1,1,0,0,0,0,0,0,0,0,0,0,0,0,0,0,0,1
85000000,145.0,4,3,1,1,6.817260711111111,6.008485218736383,1,1,1,1,0,1,0,0,0,0,0,1,0,0,0,0,0,0,0,1
35000000,77.0,2,3,0,0,0.0,4.101466208400728,0,1,0,0,0,0,0,0,1,1,0,0,1,0,0,0,0,1,0,0
8000000,80.0,7,2,0,0,0.0,4.635154415277813,0,1,0,1,0,0,0,0,0,0,1,0,1,0,0,0,0,0,0,1
72000000,125.0,4,2,2,0,13.007812604166666,2.9689748095860944,1,1,1,0,0,1,0,0,0,0,0,1,0,0,0,0,0,0,0,0
10000000,101.0,9,3,0,0,0.0,4.660370332564103,1,1,1,0,0,0,0,0,0,0,0,1,0,0,1,0,0,0,0,0
2000000,120.0,1,4,0,0,0.0,2.0577836973464456,0,1,1,1,0,0,0,1,0,0,0,1,0,0,0,0,0,0,0,0
30000000,105.0,4,3,1,0,1.929899310344828,3.3837055775897418,0,1,1,0,1,0,0,0,0,0,0,1,0,0,1,0,0,0,0,0
50000000,109.0,4,4,0,0,0.0,2.4316598802083336,0,1,1,0,0,0,0,0,1,0,0,0,1,0,0,1,0,0,0,1
6500000,100.0,0,1,0,0,0.0,0.4463529333333333,0,1,1,1,0,0,1,0,0,0,0,1,0,0,0,0,0,0,0,0
3000000,94.0,2,1,0,0,0.0,7.905308171864848,0,1,1,0,0,0,0,0,0,0,0,0,0,0,0,0,0,0,0,0
30000000,107.0,4,1,0,0,0.0,4.025816355039174,0,1,1,0,0,0,0,0,0,0,0,0,0,0,0,0,0,0,0,0
40000000,117.0,3,1,0,0,0.0,3.480375722222222,1,1,1,0,0,1,0,0,0,0,0,1,0,0,0,0,0,0,0,0
35000000,97.0,4,2,6,0,6.743958737632276,6.18092448,0,1,1,0,0,0,0,0,0,0,0,0,0,0,1,0,0,0,0,0
110000000,120.0,5,4,3,0,10.158006560683761,3.8684660992811466,0,1,1,0,1,0,0,1,0,0,0,1,0,0,0,0,0,0,0,1
15000000,88.0,3,2,0,0,0.0,3.9438893414786964,0,1,1,1,0,0,0,0,0,0,0,0,0,0,0,0,0,0,0,0
45000000,103.0,7,2,1,1,2.091853904761905,2.8706503208710488,0,1,1,1,0,0,0,1,0,0,0,0,0,0,0,0,0,0,0,0
25000000,98.0,3,3,0,0,0.0,2.252491155198413,1,1,1,0,0,0,0,0,0,0,0,1,1,0,0,0,0,0,0,0
20000000,89.0,4,4,1,0,0.3052357389937107,0.0,0,1,1,1,0,0,0,0,0,0,0,1,0,0,1,0,0,0,0,0
25000000,101.0,4,3,1,0,4.048381176470588,2.356312772756935,1,1,1,0,0,0,0,0,0,0,0,0,0,0,1,0,0,0,0,1
950000,103.0,1,2,0,0,0.0,2.2092698142857143,0,1,1,1,0,0,0,0,0,0,0,1,0,0,0,0,0,0,0,0
14000000,106.0,1,3,2,0,1.8137560332015812,4.382133886737268,1,1,1,0,0,0,0,0,0,0,0,1,1,0,0,0,0,0,0,0
25000000,120.0,1,2,1,0,1.191858909090909,0.0,1,1,1,0,0,0,0,0,0,0,0,1,1,0,0,0,0,0,0,0
30000000,103.0,6,3,7,0,5.673346768850095,7.893475994380119,0,1,1,0,0,0,0,0,0,0,0,1,0,0,0,0,0,0,0,0
1000000,90.0,1,2,0,0,0.0,0.0,1,1,1,0,0,0,0,0,0,0,0,0,0,0,1,0,0,0,0,0
126000000,136.0,3,4,5,0,4.235404150272219,11.130760683892076,1,1,1,1,1,0,0,1,1,0,0,0,0,0,0,1,0,0,0,1
43000000,97.0,8,2,3,0,1.560198602020202,2.6069107297297296,1,1,1,1,0,0,0,1,0,0,0,0,0,1,0,0,0,0,0,0
88000000,118.0,8,5,4,0,5.842110955123873,3.7291241290295245,0,1,1,0,1,0,0,1,1,0,0,0,0,1,0,0,0,0,0,1
3000000,94.0,4,2,0,0,0.0,0.0,0,0,0,1,1,0,0,0,0,0,0,1,0,0,0,0,0,0,0,0
35000000,105.0,4,2,2,0,2.7493201944444445,2.9086805399810065,1,1,1,0,0,0,0,0,0,0,0,0,0,0,0,0,0,0,0,0
25000000,107.0,2,1,1,1,2.3005215,2.08382558,1,1,1,0,1,0,0,0,0,0,0,1,0,0,0,0,1,0,0,0
150000000,140.0,6,3,2,2,3.4428694275362317,2.8182679325165996,1,1,1,1,1,0,0,1,0,0,0,1,0,0,0,0,0,0,0,1
35000000,100.0,3,3,1,0,3.8550039411764714,8.112395154051885,1,1,1,1,1,0,0,0,1,0,0,0,1,0,0,0,0,0,0,0
15000000,124.0,1,4,5,0,6.838911159999999,15.775822876912116,0,1,1,0,0,0,0,0,0,0,0,1,0,0,0,0,0,0,0,0
30000000,136.0,3,1,1,0,7.002944307692308,2.897602099864766,1,1,1,0,0,0,0,0,0,0,0,1,0,0,0,0,0,0,0,0
50000000,130.0,3,3,3,1,5.134535911591478,3.830810101603335,0,1,0,1,0,0,0,0,0,0,0,1,1,0,0,0,0,0,0,0
900000,96.0,1,2,0,0,0.0,1.21644732,0,1,1,0,0,0,0,0,0,0,0,1,0,0,0,0,1,0,0,0
65000000,101.0,4,4,2,0,3.25695784375,3.6647956842105263,1,1,1,0,0,1,1,0,1,0,0,0,1,1,0,1,0,0,0,0
4800000,94.0,6,1,0,0,0.0,1.302240230769231,1,1,1,1,0,0,0,0,0,0,0,0,0,0,1,0,0,0,0,0
150000000,157.0,3,3,2,0,21.824426433333333,7.551369622051283,1,1,1,1,0,1,0,0,1,0,0,0,1,1,0,0,0,0,0,1
130000000,144.0,10,5,7,1,2.8300602584118146,3.9141465473015877,1,1,1,1,0,0,0,1,1,0,0,1,0,0,0,0,0,0,0,1
22000000,116.0,7,5,0,0,0.0,1.9024138414285714,0,1,1,0,0,1,0,0,0,0,0,1,0,0,0,0,0,0,0,0
15000000,103.0,2,4,0,0,0.0,3.0637606700236333,1,1,1,0,0,0,0,1,0,0,0,0,0,0,0,0,0,0,0,0
15000000,121.0,2,5,0,0,0.0,9.692381213666186,0,1,1,0,0,1,0,0,1,0,0,1,0,0,0,0,0,0,0,0
150000000,115.0,6,4,8,2,3.6527210616843035,2.335069938995338,1,1,1,1,1,0,0,0,1,0,0,0,1,1,0,0,0,0,0,1
43000000,104.0,6,4,2,0,0.7132092416666667,2.610666633232738,1,1,1,0,1,0,0,0,0,0,0,1,0,0,1,0,0,0,0,0
25000000,95.0,1,4,0,0,0.0,3.8022821947767937,0,1,1,1,0,0,0,1,1,0,0,0,0,1,1,0,0,0,0,0
43000000,101.0,4,2,2,0,4.437600174836601,2.221787597439102,0,1,1,0,0,0,0,0,0,0,0,0,0,0,0,0,0,0,0,1
8000000,112.0,1,2,0,0,0.0,2.011240393944238,0,1,1,1,0,0,0,0,0,0,0,1,0,0,0,0,0,0,0,0
40000000,113.0,3,1,0,0,0.0,0.82012366,1,1,1,0,0,0,0,0,0,0,0,0,0,0,1,0,0,0,0,0
45000000,95.0,1,3,2,1,3.402226788636364,2.450412658003534,1,1,1,0,0,0,0,0,0,0,0,0,1,0,0,0,0,0,0,0
57000000,123.0,4,3,3,2,3.083928334901961,2.7002823453517126,1,1,1,0,0,0,0,0,0,0,0,1,0,0,0,0,0,0,0,0
7000000,93.0,7,2,1,0,1.100460166666667,2.027711800792361,0,1,1,1,0,0,0,0,0,0,0,1,0,0,0,0,0,0,0,0
30000000,98.0,3,2,0,0,0.0,3.17590469608902,1,1,1,1,1,0,0,0,0,0,0,0,0,0,0,0,0,0,0,0
50000000,104.0,4,3,2,1,3.376275333333333,5.753836246680342,1,1,1,1,1,0,0,1,1,0,0,0,0,0,0,0,0,0,0,1
5000000,86.0,1,3,1,0,71.99768197727272,0.0,0,1,0,0,0,1,0,0,0,0,0,1,1,0,0,0,1,0,0,0
85000000,104.0,1,4,0,0,0.0,0.0,1,1,1,1,1,0,1,1,0,0,0,1,0,0,0,0,0,0,0,1
40000000,130.0,3,3,3,3,3.126843336135266,2.3313576030775907,1,1,1,1,0,0,0,0,0,0,0,1,0,0,0,0,0,0,0,1
12000000,104.0,2,4,0,0,0.0,0.0,0,1,1,1,0,0,0,0,0,0,0,0,1,1,0,0,0,0,0,0
1300000,135.0,0,1,0,0,0.0,0.0,0,1,0,1,0,0,0,0,0,0,0,1,0,0,0,0,1,0,0,0
8000000,102.0,3,2,0,0,0.0,4.513544651337429,0,1,1,1,1,0,0,0,0,0,0,1,0,0,0,0,0,0,0,1
11000000,119.0,4,3,0,0,0.0,0.0,0,0,0,1,1,0,0,0,0,0,0,1,0,0,1,1,0,0,0,0
25000000,93.0,6,2,2,2,1.9005826912156167,0.0,0,1,1,0,0,0,0,0,0,0,0,0,0,0,1,0,0,0,0,1
12000000,88.0,4,3,0,0,0.0,4.098454540827719,1,1,1,0,1,0,0,1,0,0,0,0,0,0,0,0,0,0,0,0
26000000,136.0,3,2,0,0,0.0,3.2967563667945643,0,1,1,1,0,0,0,0,0,0,0,1,0,0,0,0,0,0,0,0
12000000,116.0,1,2,0,0,0.0,4.985164855272067,0,1,1,0,0,0,0,0,0,0,0,1,0,0,0,0,0,0,0,0
45000000,83.0,1,1,2,0,10.740270020056935,5.527917577777778,0,1,1,0,0,0,0,0,0,0,0,0,0,0,0,0,0,0,0,1
12000000,86.0,1,2,1,0,3.125041,10.320101672222222,0,1,1,0,0,1,0,0,0,0,0,1,0,0,0,0,0,0,0,0
149000000,85.0,2,4,0,0,0.0,4.462812897761146,0,1,1,1,0,0,0,0,1,1,0,0,1,0,0,0,0,0,0,0
150000000,126.0,7,3,0,0,0.0,3.6775664719647607,1,1,1,1,0,0,1,1,1,0,0,0,0,0,0,0,0,0,0,1
11000000,95.0,1,3,1,1,12.8564624,10.359240610952382,1,1,1,0,0,0,0,1,0,0,1,0,0,0,0,0,0,0,0,0
10000000,108.0,3,3,1,1,38.23127325,38.23127325,1,1,1,0,0,0,0,0,0,0,0,0,0,0,1,0,0,0,0,1
125000000,149.0,4,2,6,1,4.78216090059732,6.839691745539319,1,1,1,1,0,0,0,0,0,0,0,0,0,0,0,0,0,0,0,1
40000000,139.0,3,4,2,0,11.656657,0.0,0,1,1,0,0,1,0,1,1,0,0,1,0,0,0,0,0,0,0,1
3500000,98.0,2,2,0,0,0.0,2.6687033115998404,0,1,1,0,0,0,0,0,0,0,0,1,0,0,0,0,1,0,0,0
2000000,101.0,3,3,0,0,0.0,0.0,0,1,1,1,0,0,0,0,0,0,0,1,0,0,0,0,0,0,0,0
32000000,92.0,3,2,1,0,71.99768197727272,2.7035773759112867,1,1,1,1,1,0,0,0,0,0,0,0,1,0,0,0,0,0,0,0
50000000,147.0,7,3,1,1,4.750055555555556,0.0,0,1,0,1,0,0,1,0,0,0,0,1,0,1,0,0,0,0,0,1
24000000,145.0,4,1,0,0,0.0,4.2619721091036284,1,0,0,0,0,0,0,1,0,0,0,0,0,0,0,0,0,0,0,0
40000000,120.0,6,3,3,0,1.9682565264919354,1.4037241944821923,1,1,1,0,0,0,0,0,1,0,0,1,1,0,0,0,0,0,0,1
85000000,97.0,2,3,2,0,10.94108203153153,4.636467107684833,1,1,1,0,0,1,0,0,0,0,0,0,1,1,0,0,0,0,0,1
19000000,141.0,4,4,10,3,4.345785290764069,3.26256415,1,1,1,1,0,1,0,1,1,0,0,1,0,0,0,0,0,0,0,0
80000000,83.0,2,3,0,0,1.6503848583333334,5.633656014483286,0,1,1,0,0,0,0,0,0,1,0,0,1,0,0,0,0,0,0,1
55000000,117.0,4,1,0,0,0.0,3.1282404838019504,1,1,1,1,0,1,0,0,0,0,0,1,0,0,0,0,0,0,0,1
33000000,105.0,1,4,2,0,2.867423066923077,2.902690699520952,0,1,1,0,1,0,0,1,0,0,0,0,0,0,1,0,0,0,0,0
13000000,104.0,1,4,0,0,0.0,4.231290728018401,0,1,1,1,0,0,0,0,1,0,0,1,0,0,0,1,1,0,0,0
60000000,108.0,8,3,1,1,1.458041825,3.7806607408579525,1,1,1,0,0,0,0,1,0,0,0,0,0,0,0,0,0,0,0,0
6500000,124.0,16,3,0,0,0.0,9.385292403846154,0,1,0,0,0,0,0,0,0,0,0,1,0,0,0,0,0,0,0,0
25000000,116.0,4,2,3,1,3.1492986379797974,3.7772315212017418,0,1,1,0,0,0,0,0,0,0,0,1,0,0,0,0,0,0,0,0
82500000,107.0,4,4,2,0,4.371382538537549,2.6458706932766987,1,1,1,0,1,0,0,0,0,0,0,1,0,1,0,0,0,0,0,1
28000000,103.0,3,5,4,0,2.323032807136752,3.3940673467144293,0,1,1,0,0,0,0,0,0,0,0,1,1,1,0,0,0,0,0,0
40000000,99.0,4,3,0,0,0.0,4.145758921796696,1,1,1,1,1,0,0,0,0,0,0,1,0,0,0,0,0,0,0,1
65000000,117.0,7,3,1,0,3.6555850357142856,1.3196969132283836,1,1,1,1,0,1,0,1,1,0,0,0,0,0,0,0,0,0,0,1
32000000,108.0,3,6,7,4,3.006285820616393,2.5704200700305635,1,1,1,1,0,1,0,0,0,0,0,1,0,0,0,0,0,0,0,0
35000000,96.0,5,4,2,2,27.664056444444444,11.148152068200808,1,1,1,1,0,0,0,0,1,0,0,1,0,0,0,1,0,0,0,0
30000000,113.0,2,4,2,2,7.94901687,3.2333683561820217,0,1,1,1,0,0,0,0,0,0,0,1,0,1,0,0,0,0,0,0
35000000,83.0,2,3,1,0,4.01609068,4.752861343286587,1,1,1,0,1,0,0,0,0,0,0,0,1,1,0,0,0,0,0,0
55000000,125.0,5,2,1,0,0.8100414428571429,3.028664010560277,1,1,1,1,0,0,0,0,0,0,0,1,0,0,0,0,0,0,0,0
7400000,178.0,2,2,0,0,0.0,4.197902857142857,0,1,0,0,1,0,0,0,0,0,0,1,0,0,0,0,0,0,0,0
13000000,120.0,3,2,0,0,1.389501205172414,3.6768970595842014,0,1,0,0,0,0,0,0,0,0,0,1,0,0,0,0,0,0,0,0
30000000,92.0,1,3,1,0,8.471163666666667,3.099098449032691,0,1,1,0,0,1,0,0,0,0,0,1,1,0,0,0,0,0,0,0
35000000,93.0,6,4,0,0,0.0,5.910219416479609,0,1,1,0,0,0,0,1,0,0,0,0,0,0,0,0,0,0,0,0
2000000,96.0,1,1,0,0,0.0,2.057296525,0,1,1,0,0,0,0,0,0,0,0,1,0,0,0,0,1,0,0,0
9000000,84.0,1,2,0,0,0.0,0.9688467599999999,0,1,1,0,0,1,0,0,0,0,0,0,0,0,1,0,0,0,0,0
110000000,108.0,4,5,3,0,4.643044493518519,3.7906992035391704,1,1,1,0,0,0,0,1,1,0,0,0,1,1,0,0,0,0,0,1
90000000,151.0,5,3,12,5,3.9406312652095568,5.488643492195411,1,1,1,1,0,0,0,0,0,0,0,1,0,0,0,0,0,0,0,1
13000000,125.0,1,4,4,0,3.3354857537593987,2.7116294043068465,0,1,1,0,0,0,0,1,0,0,0,1,0,0,0,0,0,0,0,0
63000000,128.0,4,3,9,0,5.292490298735107,2.2800275586481287,1,1,1,0,1,0,0,0,0,0,0,1,0,0,0,0,0,0,0,1
30000000,125.0,1,4,0,0,0.0,1.415622231162465,1,1,1,0,0,0,0,1,1,0,0,1,0,0,0,0,0,0,0,0
8000000,116.0,2,3,0,0,0.0,0.0,0,1,0,0,1,0,0,1,0,0,0,0,0,0,0,0,0,0,0,0
24000000,102.0,4,1,0,0,0.0,40.26182725002728,1,1,1,1,0,1,0,0,0,0,0,1,0,0,0,0,0,0,0,1
21000000,87.0,6,3,0,0,2.091853904761905,4.061308125,0,1,1,0,0,0,1,1,1,0,0,0,0,0,0,0,0,0,0,0
20000000,92.0,3,4,0,0,0.0,5.2,1,1,1,0,0,0,0,1,1,0,0,1,0,0,0,0,0,0,0,0
50000000,121.0,8,1,10,1,2.3539980957403324,5.335252758341227,1,1,1,0,0,0,0,0,0,0,0,1,0,0,0,0,0,0,0,0
50000000,98.0,3,2,2,0,0.8862386822916667,9.04910694679469,1,1,1,1,0,0,0,0,0,0,0,0,1,0,0,0,0,0,0,0
8000000,112.0,5,1,0,0,0.0,2.213829160563187,1,1,1,1,0,0,0,0,0,0,0,1,0,0,0,0,0,0,0,0
12000000,104.0,4,4,0,0,0.0,0.0,0,1,1,0,1,0,0,0,0,0,0,1,0,0,0,0,0,0,0,1
20000000,105.0,2,4,0,0,0.0,4.975815022222222,0,1,1,0,0,0,0,0,0,0,0,1,1,0,0,0,0,0,0,0
5000000,97.0,2,1,6,3,21.011504497799418,60.2540392310606,0,1,1,0,0,0,0,0,0,0,0,0,0,0,0,0,1,0,0,0
27000000,110.0,6,4,1,1,0.4333752333333333,2.286926381506786,0,1,1,0,0,0,0,0,0,0,0,1,0,0,0,0,0,0,0,0
47000000,77.0,4,5,0,0,0.0,4.0485039,1,1,1,1,0,0,0,0,0,1,0,0,1,1,0,1,0,0,0,0
2200000,157.0,2,1,0,0,0.0,0.0,0,0,0,0,0,0,0,0,0,0,0,1,0,0,0,0,0,0,0,0
65000000,124.0,4,1,2,0,2.5152553394927537,2.231690471821645,1,1,1,0,0,1,0,0,0,0,0,1,0,0,0,0,0,0,0,0
30000000,87.0,2,3,1,0,0.26798225,2.7302369696262625,0,1,1,1,0,0,0,1,0,0,0,0,0,0,0,1,0,0,0,0
54000000,108.0,3,2,0,0,0.0,3.121256602542809,1,1,1,1,1,0,0,0,0,0,0,0,0,0,0,0,0,0,0,1
85000000,83.0,1,3,0,0,17.516483911111113,4.107126527928443,1,1,1,1,0,0,0,0,1,1,0,0,1,0,0,0,0,0,0,1
13000000,110.0,4,1,0,0,0.0,5.512697500075676,0,1,1,0,0,1,0,0,0,0,0,1,0,0,0,0,0,0,0,0
40000000,99.0,9,2,0,0,0.0,4.145146309051969,1,1,1,0,0,0,0,0,0,0,0,0,0,0,0,0,0,0,0,1
60000000,140.0,4,6,0,0,0.0,1.146074239469697,0,1,1,0,0,0,0,1,1,0,0,1,0,0,0,0,0,0,0,0
15000000,116.0,1,1,1,1,2.945465875,3.801527183705815,1,1,1,1,0,1,0,0,0,0,0,1,0,0,0,0,1,0,0,0
12000000,122.0,2,1,3,0,0.7760883232323232,2.6596564444444444,0,1,1,0,0,0,0,0,0,0,0,1,0,0,0,0,1,0,0,0
70000000,114.0,4,3,3,0,1.4482712162698415,2.5305423696082623,0,1,1,0,0,0,0,0,0,0,0,0,0,0,0,0,0,0,0,0
2000000,137.0,4,2,0,0,0.0,0.0,0,0,0,0,0,0,0,0,0,0,0,1,0,0,0,0,0,0,0,0
35000000,118.0,2,3,8,0,2.679805762648799,8.298483290004885,0,1,1,0,0,0,0,0,0,0,0,1,0,0,0,0,0,0,0,0
90000000,132.0,4,3,11,4,4.2792939389721205,2.2382091852227233,1,1,1,0,0,0,0,0,0,0,0,1,0,0,0,0,0,0,0,0
15000000,92.0,6,2,0,0,0.0,1.8737571403343027,0,1,0,1,0,1,0,0,0,0,0,1,0,0,0,0,0,0,0,0
5800000,95.0,3,3,0,0,0.0,0.6699286769230769,0,1,1,1,0,0,0,1,1,0,0,1,0,0,0,0,0,0,0,0
30000000,108.0,2,1,0,0,0.0,2.127701440274654,0,1,1,0,0,0,0,0,0,0,0,0,0,0,0,0,0,0,0,0
4000000,96.0,4,2,6,1,6.646941233333333,5.925995889213141,0,1,0,1,1,0,0,0,0,0,0,0,0,0,0,0,0,0,0,0
76000000,109.0,3,4,2,1,4.390800553846154,2.641632237438651,1,1,1,1,0,0,0,1,0,0,0,1,0,0,0,1,0,0,0,0
21000000,145.0,17,3,4,0,1.9072960545755415,35.0,0,1,0,0,0,0,0,0,0,0,0,1,0,0,0,0,0,0,0,0
20000000,100.0,1,3,3,0,4.6499203611111115,26.552402786357593,0,1,1,0,0,0,0,0,0,0,0,1,0,0,0,0,0,0,0,0
50000000,88.0,4,5,1,0,3.23744928,4.28565937693518,1,1,1,1,1,0,0,0,1,1,0,0,1,1,0,0,0,0,0,0
25000000,143.0,4,1,2,2,6.737812725,4.835921877690063,1,1,1,0,0,0,0,0,0,0,0,1,0,0,0,0,0,0,0,1
10000000,126.0,1,3,0,0,0.0,1.7977397989494461,0,1,1,0,0,0,0,0,1,0,0,1,0,0,0,0,0,0,0,0
12899867,121.0,1,3,0,0,0.0,2.3257676233217377,0,0,0,1,0,0,0,0,0,0,0,1,0,0,0,0,0,0,0,0
700000,107.0,6,1,0,0,0.0,1.7995170604597701,0,1,1,1,1,0,0,0,0,0,0,1,0,0,0,0,1,0,0,0
12000000,103.0,1,2,0,0,0.0,1.8865146496761134,1,1,1,0,0,0,0,0,0,0,0,0,0,0,0,0,0,0,0,0
75000000,91.0,5,4,0,0,0.0,0.971102854147813,1,1,1,1,1,0,0,0,0,1,0,0,1,1,0,0,0,0,0,1
100000000,108.0,2,2,4,0,18.191109177344547,5.495511065138213,0,1,0,1,0,1,0,0,0,1,0,0,0,0,0,0,0,0,0,1
72500000,116.0,2,1,1,0,3.4836226153846157,6.15646031848934,1,1,1,1,1,0,1,0,0,0,0,0,0,0,0,0,0,0,0,1
45000000,129.0,3,3,7,0,1.9004200317948716,4.049622532215431,1,1,1,1,0,0,0,0,0,0,0,1,0,0,0,0,0,0,0,1
30000000,84.0,2,3,1,0,1.2827813,2.3805788082753625,1,1,1,0,0,0,0,0,1,0,0,0,0,0,0,1,0,0,0,0
45000000,105.0,5,1,1,0,1.339097,4.994183870112518,1,1,1,0,0,0,0,0,0,0,0,0,0,0,0,0,0,0,0,0
20000000,123.0,1,1,0,0,0.0,3.289358413043478,0,1,1,1,0,0,0,0,0,0,0,1,0,0,0,0,0,0,0,0
100000000,143.0,7,3,5,0,2.793408133906143,2.8143989235059554,1,1,1,0,0,1,0,1,0,0,0,1,0,0,0,0,0,0,0,1
86000000,94.0,4,4,3,2,1.4146826314814815,6.8012645224999995,0,1,0,0,0,1,0,0,1,1,0,0,1,1,0,0,0,0,0,1
100000000,104.0,7,4,0,0,0.0,2.861675534188034,1,1,1,1,0,1,0,1,1,0,0,0,1,1,0,0,0,0,0,1
64000000,98.0,2,2,3,2,3.044623435035035,3.738107265871641,0,1,1,1,1,0,0,0,0,0,0,0,0,0,0,0,0,0,0,1
1000000,78.0,2,4,0,0,0.0,0.0,0,1,1,0,0,0,0,0,0,0,0,1,0,0,0,0,1,0,0,0
38000000,90.0,1,2,0,0,0.0,0.0,0,1,1,1,1,0,0,0,0,0,0,0,0,0,1,0,0,0,0,0
40000000,123.0,6,2,2,1,15.832930083333332,2.359706729342815,1,1,1,1,0,0,0,0,0,0,0,1,0,0,0,0,0,0,0,0
4000000,109.0,3,2,2,0,2.0413331055555552,0.0,0,1,0,1,0,0,0,0,0,0,0,1,0,0,0,0,0,0,0,0
52000000,106.0,3,2,1,0,3.230354607142857,11.890601931900562,1,1,1,1,1,0,0,0,0,0,0,0,0,0,0,0,0,0,0,1
75000000,110.0,3,4,4,0,7.5192002179166675,2.7839962187506537,1,1,1,0,1,0,0,0,0,0,0,1,0,1,0,0,0,0,0,0
40000000,93.0,3,3,1,1,9.1196419,3.746971318989227,0,1,1,0,1,0,0,1,1,0,0,0,1,0,0,0,0,0,0,0
18000000,105.0,4,3,0,0,0.0,2.039233297925625,0,1,0,0,0,0,0,1,0,1,0,0,0,0,0,1,0,0,0,0
100000,111.0,1,1,0,0,0.0,0.0,0,1,1,1,0,0,0,0,0,0,0,1,0,0,0,0,0,0,0,0
270000000,154.0,4,4,3,3,3.849307884646464,2.7952253412517507,1,1,1,1,1,0,1,1,1,0,0,0,0,1,0,1,0,0,1,1
51000000,90.0,3,3,1,0,7.079517766666667,4.169759243858114,1,1,1,0,1,0,0,0,0,1,0,0,1,0,0,0,0,0,0,0
18000000,82.0,2,1,0,0,0.0,0.0,1,1,1,1,0,1,1,0,0,0,0,0,0,0,0,0,0,0,0,1
85000000,136.0,4,2,2,1,4.339281091071428,3.2032123703857844,1,1,1,1,0,1,0,0,0,0,0,0,0,0,0,0,0,0,0,1
200000000,151.0,3,3,3,2,2.6321876195906433,3.879214139925171,1,1,1,1,1,0,1,1,1,0,0,0,0,1,0,0,0,0,0,1
6000000,110.0,1,3,0,0,0.0,0.0,1,1,1,0,0,0,0,0,0,0,0,1,0,0,0,0,0,0,0,0
1000000,92.0,3,1,0,0,0.0,5.774860585500849,0,1,1,1,1,0,0,0,0,0,1,0,0,0,0,0,1,0,0,0
50000000,97.0,3,1,1,0,1.0351328181818182,1.74451961264808,1,1,1,0,0,0,0,0,0,0,0,0,0,0,0,0,0,0,0,0
8000000,91.0,3,4,0,0,0.0,2.0689265793132714,1,1,0,1,0,0,0,0,0,0,0,1,0,0,1,0,0,0,0,0
15000000,111.0,4,5,1,0,3.84666956,0.0,1,1,1,0,0,0,0,1,0,0,0,1,0,0,0,0,0,0,0,0
19000000,118.0,3,3,2,1,2.1876946422558925,6.7233384,0,0,1,1,0,0,0,0,0,0,0,1,0,1,0,0,0,0,0,0
50000000,125.0,4,2,0,0,0.0,2.2918576683011525,0,1,1,1,0,0,0,0,0,0,0,0,0,0,1,0,0,0,0,0
120000000,117.0,2,4,2,0,7.001752267592593,4.167895078165256,1,1,1,1,1,0,0,0,1,1,0,0,1,0,0,0,0,0,0,1
17000000,107.0,2,3,0,0,13.0926617979798,4.576508875857246,1,1,1,0,0,0,0,0,0,0,0,1,1,0,0,0,0,0,0,0
8000000,107.0,1,5,0,0,0.0,4.556781861904762,0,1,1,0,0,0,0,1,0,0,0,1,0,0,0,0,0,0,0,0
17000000,122.0,4,4,0,0,0.0,2.199228035980849,0,1,1,1,0,0,0,1,0,0,0,1,0,0,0,0,0,0,0,0
20000000,83.0,3,1,0,0,0.0,4.208167327272728,0,1,1,0,0,0,0,0,0,0,0,0,0,0,0,0,0,0,0,0
8700000,100.0,4,3,5,0,3.172304080966184,2.6966919030399197,0,1,1,1,0,0,0,0,0,1,0,0,0,0,0,1,0,0,0,0
35000000,109.0,5,3,0,0,0.0,2.766725278174021,1,1,1,1,1,0,0,0,0,0,0,1,0,0,0,0,0,0,0,1
40000000,110.0,6,4,0,0,0.0,2.128296596810377,0,1,1,0,1,0,0,0,0,0,0,1,0,1,0,0,0,0,0,0
150000000,144.0,3,3,4,3,3.370278153986691,1.4451990726292228,0,1,1,1,0,1,0,1,1,0,0,0,0,0,0,0,0,0,0,1
16800000,122.0,3,3,1,0,2.32615225,2.138988732495508,0,1,1,1,1,0,1,0,0,0,0,1,0,0,0,0,0,0,0,0
15000000,103.0,8,1,4,0,1.7903454382112816,2.418527857925809,0,1,1,1,0,0,0,0,0,0,0,1,0,0,0,0,0,0,0,1
15000000,95.0,3,1,1,0,0.2383007692307692,2.856268421875,1,1,1,0,0,0,0,0,0,0,0,1,0,0,0,0,0,0,0,0
160000000,99.0,6,4,6,1,3.3133242336443094,18.868738046522278,1,1,1,1,0,0,0,1,1,0,0,1,0,0,0,0,0,0,0,1
55000000,105.0,8,4,9,0,4.686495335340307,2.868662750921471,0,1,1,0,0,0,0,1,1,0,0,0,0,0,0,0,0,0,0,0
6000000,121.0,8,1,0,0,0.0,5.277507415734265,1,1,1,0,0,0,0,0,0,0,0,1,0,0,0,0,0,0,0,0
9000000,100.0,4,2,0,0,0.0,2.4663395961538463,0,1,1,0,0,0,0,0,0,0,0,0,0,0,1,0,0,0,0,0
70000000,134.0,3,1,1,0,0.6451628,3.6735356018009555,1,1,1,1,0,1,0,0,0,0,0,1,0,0,0,0,0,0,0,1
15000000,87.0,2,2,3,2,2.623550671884058,1.553211748677249,0,1,1,1,0,0,0,0,0,0,0,0,0,0,1,0,0,0,0,0
17000000,144.0,9,6,1,1,0.2117536666666666,3.998774949217377,1,1,1,1,0,0,0,1,1,0,0,1,0,0,0,1,0,0,0,0
450000,84.0,2,2,0,0,0.0,3.48647383584071,0,1,1,0,1,0,0,0,0,0,0,1,0,0,0,0,0,0,0,0
20000000,97.0,1,6,11,0,2.105936886195739,0.0,0,1,1,0,0,0,0,1,1,0,0,0,0,1,1,1,0,0,0,0
50000000,106.0,2,4,1,0,4.350384409090909,2.2271864260119667,0,1,1,1,0,0,1,1,0,0,0,0,0,1,0,1,0,0,0,1
54000000,132.0,8,3,0,0,0.0,4.372688238941297,1,1,1,1,0,0,0,1,0,0,0,0,0,1,0,0,0,0,0,1
45000000,112.0,1,3,3,0,1.9864455935629588,2.401262223431344,1,1,1,0,0,0,0,0,1,0,0,1,0,0,0,0,0,0,0,0
1000000,100.0,3,1,1,0,0.3649157142857143,3.1275,1,1,1,1,0,0,0,0,0,0,1,0,0,0,0,0,0,0,0,0
50000000,86.0,3,4,0,0,0.0,4.81740008729189,1,1,1,0,0,0,0,0,1,1,0,0,1,0,0,0,0,0,0,0
6500000,88.0,1,3,1,0,16.747724,2.8264815219525734,1,1,1,0,0,0,0,0,0,0,0,1,0,0,0,0,0,0,0,0
20000000,115.0,2,4,7,0,5.579978584718615,4.6602394619785805,1,1,1,0,0,0,0,0,0,0,0,1,0,0,0,0,0,0,0,0
80000000,91.0,2,4,0,0,3.47595992,3.254205776638596,1,1,1,1,0,0,1,0,1,1,0,0,1,0,0,0,0,0,0,1
20000000,102.0,3,2,1,0,18.3474602,4.4788994582773105,1,1,1,1,0,0,0,0,0,0,0,0,0,0,1,0,0,0,0,0
1000000,81.0,1,3,0,0,0.0,1.0771490948780489,0,1,1,1,0,0,0,0,0,0,0,1,0,1,0,1,1,0,0,0
17500000,110.0,1,1,3,0,2.9895413955555554,4.770198,0,1,1,0,1,0,0,0,0,0,0,0,0,0,0,0,0,0,0,0
4000000,84.0,1,2,0,0,0.0,1.955361244981444,1,1,1,0,0,1,0,0,0,0,0,0,0,0,0,0,0,0,0,0
210000000,104.0,11,4,3,2,2.5212142272079774,3.7503447142574884,1,1,1,0,0,0,1,1,1,0,0,0,0,0,0,1,0,0,0,1
2380000,101.0,4,2,0,0,0.0,0.0,0,1,0,1,0,0,0,0,0,0,0,1,0,0,0,0,1,0,0,0
17000000,109.0,5,4,1,0,1.9436533846153845,4.101132945398335,1,1,1,1,0,1,0,1,0,0,0,0,0,0,0,0,0,0,0,0
15000000,107.0,4,2,0,0,0.0,7.4580132850168335,0,1,1,1,0,0,0,0,0,0,0,0,0,0,1,0,0,0,0,0
20000000,105.0,1,1,0,0,0.0,0.0,1,1,1,0,0,0,0,0,0,0,0,1,0,0,0,0,0,0,0,0
9000000,90.0,6,2,3,0,1.2428048287581699,4.326712392857143,0,1,0,1,0,0,0,0,0,0,0,1,0,0,0,0,0,0,0,0
9000000,123.0,1,1,3,0,23.55277925,18.9622740625,0,1,1,0,0,0,0,0,0,0,1,0,0,0,0,0,0,0,0,0
45000000,97.0,3,2,7,0,3.3967578939477723,6.173368295600056,0,1,1,1,0,1,0,0,0,0,0,1,0,0,0,0,0,0,0,1
150000000,144.0,9,3,6,0,3.7450446807824047,2.1257280920588237,1,1,1,1,1,0,0,1,1,0,0,0,0,0,0,1,0,0,0,1
5000000,90.0,2,2,11,0,2.2292913634003018,0.0,0,1,1,0,0,0,0,0,0,0,0,1,0,0,0,0,0,0,0,0
7500000,96.0,2,3,1,0,3.814386,5.061994091702595,0,1,1,1,0,1,0,0,0,0,0,1,0,0,0,0,0,0,0,1
34000000,90.0,5,4,0,0,0.0,3.957942717761105,1,1,1,1,0,0,0,0,1,1,0,0,1,0,0,0,0,0,0,0
110000000,128.0,5,2,2,1,3.288600214545454,3.688242148219603,1,1,1,0,1,0,1,1,0,0,0,0,0,0,0,0,0,0,1,1
852510,113.0,7,1,0,0,0.0,0.0,0,0,0,0,1,0,0,0,0,0,0,1,0,0,0,0,0,0,0,0
16000000,100.0,3,2,0,0,0.0,1.178789825981278,1,1,1,1,0,0,0,0,0,0,0,1,0,0,0,0,1,0,0,0
13000000,114.0,1,2,0,0,0.0,0.0,0,1,1,0,0,0,0,0,0,0,0,1,0,0,0,0,0,0,0,0
25000000,114.0,3,1,0,0,0.0,5.816530388709969,1,1,1,1,0,1,0,0,0,0,0,1,0,0,0,0,0,0,0,0
15000000,112.0,4,3,0,0,0.0,3.1772413007668887,0,1,1,1,0,0,0,0,0,0,0,0,0,0,1,0,0,0,0,0
40000000,96.0,4,3,1,0,1.5559153,7.824533937245873,0,1,1,0,0,0,0,0,0,0,0,0,0,0,0,0,0,0,0,1
15000000,113.0,1,2,1,0,9.538587333333334,5.6276349196428574,1,1,1,0,0,0,0,0,0,0,0,1,0,0,0,0,0,0,0,0
1000000,106.0,1,1,0,0,0.0,0.0,0,1,0,1,0,0,0,0,0,0,1,0,0,0,0,0,0,0,0,0
2000000,95.0,1,3,4,0,21.864650549972943,0.0,0,1,1,0,0,0,0,1,0,0,0,0,0,0,1,1,0,0,0,0
150000000,101.0,6,5,0,0,0.0,4.473860004329549,1,1,1,1,0,1,0,1,0,0,0,1,0,0,1,1,0,0,0,1
8000000,99.0,1,3,1,0,1.0417392857142858,2.5703429520989123,0,1,1,0,0,0,0,1,0,0,0,1,0,0,0,0,0,0,0,0
150000000,138.0,2,4,0,0,0.0,7.156728943205128,1,1,1,1,1,0,0,0,1,0,0,0,1,1,0,0,0,0,0,1
150000000,111.0,2,4,0,0,3.597174107142857,3.323706393650794,1,1,1,1,1,0,0,0,0,1,0,0,1,1,0,0,0,0,0,1
25000000,119.0,3,3,0,0,0.0,3.4969353775248897,0,1,1,1,0,0,0,0,0,0,0,1,0,0,0,0,0,0,0,0
85000000,107.0,4,4,1,0,2.160138482352941,3.2274727728835977,1,1,1,1,0,1,0,0,0,0,0,0,1,1,0,0,0,0,0,1
75000000,87.0,2,3,0,0,0.0,0.0,1,1,1,1,1,0,0,0,0,1,0,0,1,0,0,0,0,0,0,1
1500000,78.0,1,2,0,0,0.0,0.0,0,0,0,1,0,0,0,0,0,0,0,0,0,0,1,0,0,0,0,0
70000000,127.0,5,4,1,1,1.8231098461538464,2.3787691219865548,1,1,1,1,1,0,0,0,1,0,0,0,1,1,0,0,0,0,0,1
30000000,101.0,3,3,11,1,2.821153072506696,3.891834314278414,0,1,1,1,0,0,0,0,0,0,0,1,0,0,0,0,0,0,0,0
21000000,123.0,3,2,2,0,2.2255735829059833,5.846057718417344,0,1,1,1,0,0,0,0,0,0,0,1,0,0,0,0,0,0,0,0
4000000,90.0,7,4,3,1,1.2101354370772948,2.709688914856649,0,1,1,1,0,0,0,0,0,0,0,0,0,0,0,0,0,0,0,0
45000000,94.0,4,3,3,0,0.7654598444444444,2.1606261871187296,0,1,1,1,0,0,1,1,0,0,0,0,0,0,1,1,0,0,0,1
10000000,93.0,2,3,2,2,27.309477375,27.309477375,1,1,1,1,0,0,0,0,0,0,0,0,0,0,1,0,0,0,0,1
35000000,91.0,6,1,1,1,1.56212244,4.427304709083872,1,1,1,1,1,0,0,0,0,0,0,0,0,0,0,0,0,0,0,0
55000000,114.0,3,3,2,1,1.7960722952380952,2.945155543592872,1,1,0,0,0,0,1,0,0,0,0,1,0,0,0,0,0,0,0,0
10000000,97.0,3,3,0,0,0.0,2.370410709473571,0,1,1,1,0,0,0,0,0,0,0,1,0,0,0,0,0,0,0,0
16000000,113.0,4,1,0,0,0.0,2.261409389699976,1,1,1,1,0,0,0,0,0,0,0,1,0,0,0,0,0,0,0,0
70000000,110.0,5,3,2,0,0.6409528980392157,2.0928568241878485,1,1,1,1,1,0,0,1,0,0,0,1,0,0,0,0,0,0,0,0
15000000,85.0,2,2,1,0,1.72367309375,0.0,0,1,1,1,0,0,0,0,0,0,1,0,0,0,0,0,0,0,0,0
100000000,157.0,5,2,9,0,2.5155864080687738,2.1156197391132348,1,1,1,1,0,1,0,0,0,0,0,1,0,0,0,0,0,0,0,1
6000000,89.0,2,2,0,0,0.0,2.5861776953586917,0,1,1,1,1,0,0,0,0,0,0,0,1,0,0,0,0,0,0,0
40000000,94.0,4,5,0,0,0.0,0.0,1,1,1,1,0,1,1,1,0,0,0,0,0,1,1,1,0,0,0,0
160000000,93.0,2,5,0,0,0.0,5.233428833637215,0,0,1,1,0,0,0,0,1,1,0,0,1,1,0,0,0,0,0,1
70000000,90.0,2,6,0,0,0.0,7.177111204320988,1,1,0,0,0,0,1,1,0,0,0,1,0,1,1,1,0,0,0,0
25000000,101.0,2,3,0,0,0.0,2.9188113332905985,1,1,1,1,0,0,0,0,0,0,0,1,0,0,0,0,0,0,0,0
25000000,158.0,3,1,3,3,1.6209825963963962,2.0008071525075892,1,1,1,0,0,1,0,0,0,0,0,1,0,0,0,0,0,0,0,0
110000000,114.0,7,4,1,0,0.91267075,2.08477729098531,1,1,1,1,0,0,0,1,0,0,0,0,0,1,1,0,0,0,0,1
25000000,90.0,2,2,0,0,0.0,4.01457545,0,1,0,0,0,0,0,0,0,0,0,0,1,0,0,0,0,0,0,1
12000000,121.0,5,3,1,0,7.509848,7.509848,1,1,0,1,0,0,0,1,0,0,0,0,0,0,0,0,0,0,0,0
67000000,178.0,8,3,10,5,2.404220714285714,1.7863678502496614,0,1,1,0,0,0,0,1,0,0,0,0,0,0,1,0,0,0,0,0
10000000,84.0,7,4,0,0,0.0,7.70873855967262,1,1,1,0,0,0,1,1,1,0,0,0,0,0,0,0,0,0,0,0
11000000,90.0,1,2,0,0,0.0,2.512114167141424,0,1,1,0,0,0,0,0,0,0,0,0,0,0,0,0,0,0,0,0
15000000,148.0,4,2,1,0,0.84,1.0064320977314816,1,1,1,1,0,0,0,0,1,0,0,1,0,0,0,0,0,0,0,0
20000000,124.0,5,1,0,0,0.0,4.074350581937709,1,1,1,1,0,0,0,0,0,0,0,1,0,0,0,0,0,0,0,0
2500000,100.0,6,1,0,0,0.0,0.3283376666666667,0,1,1,0,1,0,0,0,0,0,0,1,0,0,0,0,0,0,0,0
23000000,124.0,5,5,1,0,15.140009384615384,2.6335851042162015,0,1,1,1,1,0,0,0,0,0,0,1,0,0,0,0,0,0,0,0
22000000,110.0,3,2,1,1,1.69445795,2.964504107405462,1,1,1,1,0,0,0,0,0,0,0,0,1,0,0,0,0,0,0,1
150000000,91.0,3,4,0,0,3.123045542857142,2.8029185797247087,0,1,1,1,0,0,0,0,1,1,0,0,1,0,0,0,0,0,0,1
85000000,122.0,4,2,8,5,2.6536052024143446,3.2574707711724518,1,1,1,1,1,0,0,0,0,0,0,0,0,0,0,0,0,0,0,1
60000000,96.0,3,3,0,0,0.0,2.1585088227106226,0,1,1,1,0,0,0,0,1,0,0,1,1,0,0,0,0,0,0,1
9000000,97.0,2,1,2,0,23.30395785714286,0.0,0,1,1,0,1,0,0,0,0,0,0,1,0,0,0,0,0,0,0,0
130000000,92.0,7,4,1,0,6.315136833333334,2.46838867947894,1,1,1,0,1,0,1,1,1,0,0,0,0,1,0,0,0,0,1,1
140000000,91.0,1,4,4,0,2.437767283501221,4.011548022698305,0,1,1,0,1,0,0,1,0,0,0,0,0,0,0,0,0,0,0,1
20000000,86.0,4,3,1,1,2.4274213,2.4441177064098154,1,1,1,0,0,0,0,1,1,0,0,0,0,0,0,0,0,0,0,0
35000000,96.0,2,2,1,0,0.3960676,2.270247728553427,1,1,1,1,0,1,1,0,0,0,0,0,0,0,0,0,0,0,0,0
35000000,92.0,6,4,2,0,1.8039844437499999,5.870815989832072,0,1,1,0,0,0,0,1,1,0,0,1,0,0,0,0,0,0,0,0
20000000,105.0,4,3,1,0,0.0375943333333333,1.7715812508399469,1,1,1,1,0,0,0,0,0,0,0,1,0,0,0,0,0,0,0,1
28000000,104.0,5,1,1,0,0.7801864838709678,2.3976608852855845,1,1,1,1,1,0,0,0,0,0,0,0,0,0,0,0,0,0,0,0
45000000,139.0,2,2,3,0,16.540553257777777,2.1374997249791763,0,1,1,1,0,0,0,0,0,0,0,1,0,0,0,0,0,0,0,0
21000000,117.0,3,3,0,0,0.0,2.905123719656925,1,1,1,0,0,0,0,0,0,0,0,1,0,0,0,0,0,0,0,0
2000000,102.0,0,1,0,0,0.0,4.4869267105263155,0,1,0,1,1,0,0,0,0,0,1,0,0,0,0,0,1,0,0,0
61000000,124.0,3,5,3,0,1.3980226947089947,1.922760120732119,1,1,1,1,0,0,0,1,0,0,0,1,0,0,0,0,0,0,0,0
70000000,115.0,4,3,9,0,6.62120489766584,2.5277843906092303,1,1,1,1,0,1,0,1,1,1,0,0,0,0,0,0,0,0,0,1
12000000,106.0,3,3,0,0,0.0,4.552803059210875,0,1,1,1,0,0,0,0,0,0,0,1,0,0,0,0,0,0,0,0
15000,86.0,2,2,0,0,0.0,0.0,0,1,1,1,0,0,0,0,0,0,0,0,0,0,1,0,0,0,0,1
300000000,169.0,3,3,4,3,3.3062154796929826,4.044228705214521,1,1,1,1,0,0,1,1,1,0,0,0,0,1,0,0,0,0,0,1
30000000,160.0,6,3,0,0,0.0,3.0716527535191958,1,1,1,1,0,0,0,1,0,0,0,1,0,0,0,0,0,0,0,0
14000000,112.0,8,1,1,0,1.016591206565991,0.42904275,0,0,1,0,0,0,0,0,0,0,0,1,0,0,0,0,1,0,0,0
10200000,93.0,3,1,1,1,16.787277916666667,4.468517648648649,1,1,1,0,1,0,1,0,0,0,0,0,0,0,1,0,0,0,0,0
24000000,89.0,6,4,0,0,0.0,2.423441727008547,1,1,1,1,0,1,0,1,0,0,0,1,0,0,0,0,0,0,0,0
10000000,100.0,3,2,0,0,0.0,3.4126694313275614,0,1,0,1,0,0,0,0,0,0,0,0,0,0,0,0,0,0,0,0
20000000,84.0,1,3,3,0,1.4757368804945055,3.29369378574278,0,1,1,0,0,0,1,1,0,0,0,0,0,0,0,0,0,0,0,0
60000000,92.0,4,5,2,0,1.0599112083333333,7.001337976348039,0,1,1,1,0,1,0,0,0,1,0,0,1,1,0,0,0,0,0,1
65000000,157.0,3,4,5,1,4.198990215308081,2.015427607111332,1,1,1,0,0,0,0,0,0,0,0,1,0,0,0,0,0,0,0,0
16500000,108.0,3,1,0,0,0.0,2.2650667625,0,1,1,0,0,0,0,0,0,0,0,0,0,0,0,0,0,0,0,0
38000000,93.0,6,4,0,0,0.0,3.397926531784661,0,1,0,0,0,1,0,1,1,0,0,0,0,0,0,0,0,0,0,0
180000000,113.0,4,2,2,0,13.0926617979798,1.6693967723596574,0,1,1,1,0,1,0,0,1,0,0,0,0,1,0,0,0,0,0,1
80000000,99.0,4,2,1,1,2.4539080555555555,2.305864153647495,1,1,1,0,1,0,0,0,0,0,0,0,0,0,0,1,0,0,0,0
20000000,105.0,5,4,1,0,71.99768197727272,6.4789850340035,1,1,1,0,1,0,0,1,0,0,0,1,0,0,0,0,0,0,0,0
55000000,122.0,4,1,3,2,4.2193317341269845,2.176133621286756,1,1,1,1,0,0,1,0,0,0,0,0,0,0,0,0,0,0,0,0
258000000,139.0,3,3,5,1,16.81062807332505,1.9298006123500817,1,1,1,1,0,0,1,1,1,0,0,0,0,1,0,0,0,0,1,1
2600000,92.0,4,2,0,0,0.0,0.0,0,0,0,1,0,0,0,0,0,0,0,0,0,0,0,1,1,0,0,0
16500000,120.0,3,2,0,0,0.0,11.175927105998914,0,1,1,1,0,0,0,0,0,0,0,1,0,0,0,0,0,0,0,0
175000000,96.0,7,3,6,0,4.088287433287037,4.548946848681898,1,1,1,1,1,0,0,0,0,0,0,0,1,1,0,0,0,0,0,1
18000000,120.0,5,1,0,0,0.0,0.0,0,0,0,0,0,0,1,0,0,0,0,0,0,0,0,0,0,0,0,0
85000000,85.0,2,3,0,0,0.0,2.5332737298267554,1,1,1,1,1,0,0,0,0,1,0,0,1,0,0,0,0,0,0,1
51500000,100.0,9,3,4,2,1.1303791157090053,2.8485373444866187,0,1,1,1,0,0,0,0,0,0,0,0,0,0,0,0,0,0,0,0
50000000,117.0,4,4,5,0,3.4518450727272727,3.0904783488574528,0,1,1,1,1,0,0,0,0,0,0,0,1,0,0,0,0,0,0,0
20000000,96.0,3,3,0,0,0.0,4.340243156532987,0,1,1,0,0,0,0,0,0,0,0,1,0,0,0,0,0,0,0,0
50000000,107.0,4,2,3,0,8.089389608333335,3.68987391525641,0,1,1,0,0,0,0,0,0,0,0,0,0,0,0,1,0,0,0,0
25000000,103.0,6,3,0,0,0.0,2.5698783966987806,1,1,1,0,1,0,0,1,0,0,0,0,0,0,0,0,0,0,0,0
15000000,100.0,6,3,0,0,0.0,9.730673070492422,0,1,0,0,0,0,0,0,0,0,0,0,0,0,1,1,0,0,0,0
67000000,102.0,4,4,0,0,0.0,4.532050470210954,0,1,0,0,0,0,0,1,1,0,0,0,0,1,0,0,0,0,0,0
20000000,128.0,10,1,3,3,5.895491513333333,0.0,0,1,1,1,0,0,0,0,0,0,0,1,0,0,0,0,0,0,0,0
15000000,126.0,3,1,1,1,1.86940688,4.104035897683854,0,1,1,0,0,1,0,0,0,0,0,1,0,0,0,0,0,0,0,0
15000000,93.0,3,5,0,0,0.0,3.2953600894879984,0,1,1,0,0,0,0,0,0,0,0,1,0,1,0,0,0,0,0,0
25000000,122.0,4,3,3,3,2.054032038782051,2.3759321633728074,1,1,1,0,0,1,0,0,0,0,0,1,0,0,0,0,0,0,0,1
22000000,97.0,2,4,1,0,0.939333,2.566903843448626,0,1,1,0,1,0,0,1,0,0,0,1,0,0,0,0,0,0,0,0
70000000,115.0,5,4,2,1,4.466204646666666,3.4594877708751057,1,1,1,1,1,0,1,1,0,0,0,1,0,0,0,0,0,0,1,1
30000000,126.0,3,2,1,0,0.7244380576923077,2.346336036899921,0,1,1,0,0,1,0,0,0,0,0,1,0,0,0,0,0,0,0,1
30000000,123.0,4,2,1,0,4.326712392857143,3.7471781479284476,1,1,1,0,1,0,0,0,0,0,0,1,0,0,0,0,0,0,0,1
2000000,108.0,1,1,0,0,0.0,1.8207669815384615,0,1,1,0,0,0,0,0,0,0,0,0,0,0,0,0,0,0,0,0
25000000,104.0,3,2,1,0,2.6126852727272727,2.879306179615848,0,1,1,1,1,0,0,0,0,0,0,0,0,0,1,0,0,0,0,0
1500000,86.0,2,2,0,0,0.0,36.82148598863636,0,1,1,1,0,0,0,0,0,0,0,0,0,0,1,0,0,0,0,0
30000000,113.0,4,2,1,1,7.391798947368421,3.6160171221013284,1,1,1,1,0,0,0,0,0,0,0,0,0,0,1,0,0,0,0,0
30000000,108.0,3,3,0,0,0.0,3.392182702829056,0,1,1,0,0,0,0,0,0,0,0,0,0,0,0,0,0,0,0,0
40000000,99.0,5,1,4,3,1.9012616870535712,2.364002885157867,1,1,1,1,0,0,0,0,0,0,0,0,0,0,1,0,0,0,0,0
27500000,120.0,3,2,1,0,3.2933236666666668,4.127352800163383,0,1,1,1,0,0,0,0,0,0,0,1,0,0,0,0,0,0,0,0
160000,85.0,3,3,0,0,0.0,0.0,0,1,0,1,0,0,0,0,0,0,0,1,0,0,0,0,0,0,0,0
50000000,121.0,7,3,0,0,0.0,1.9087407294117649,0,1,0,1,0,0,0,0,0,0,0,1,0,0,0,0,0,0,0,0
75000000,102.0,3,3,2,1,2.830972814814815,4.79842673288935,1,1,1,1,0,1,0,0,0,0,0,1,0,0,0,0,0,0,0,1
10000000,111.0,4,2,1,0,1.6059426666666667,3.046808141945163,0,1,0,0,0,0,0,0,0,0,0,1,0,0,0,0,0,0,0,0
18000000,126.0,2,3,3,0,2.1317638366666665,1.454135932291986,0,1,1,1,0,1,0,0,0,0,0,0,0,0,1,1,0,0,0,0
30000000,129.0,2,3,1,0,4.209586038461539,2.187782893617021,1,1,1,1,1,0,0,0,0,0,0,1,0,0,0,0,0,0,0,1
86000000,84.0,3,3,0,0,0.0,2.977509837685133,0,1,1,0,0,1,0,0,0,0,0,0,0,0,0,0,0,0,0,0
20000000,113.0,2,1,0,0,0.0,0.0,1,1,1,1,1,0,0,0,0,0,0,0,0,0,0,0,0,0,0,1
20000000,135.0,9,2,1,1,2.150215851851852,3.3344215373847885,0,1,1,1,0,0,0,0,0,0,0,1,0,0,0,0,0,0,0,0
150000000,98.0,1,4,0,0,0.0,4.770649667506299,1,1,1,1,0,1,0,0,1,1,0,0,1,0,0,0,0,0,0,1
25000000,97.0,4,2,0,0,0.0,8.708742035555556,1,1,1,1,1,0,0,0,0,0,0,0,0,0,0,0,0,0,0,0
80341000,150.0,3,3,5,0,2.5453969725942027,3.6641718494623654,1,0,0,1,1,0,0,1,1,0,0,1,0,0,0,0,0,0,0,1
25100000,131.0,3,2,10,0,5.021885545052073,8.406192245242735,0,1,1,1,0,0,0,0,0,0,0,1,0,0,0,0,0,0,0,0
36500000,115.0,4,4,0,0,0.0,0.0,0,0,0,1,0,1,0,1,0,0,0,0,0,1,0,1,0,0,0,0
25000000,121.0,13,4,2,2,6.292025824242424,2.239063579850938,0,1,0,1,0,0,0,0,0,0,0,1,0,0,0,1,0,0,0,0
25000000,113.0,4,2,1,0,5.7703035,2.6557720823153836,1,1,1,1,0,0,0,0,0,0,0,1,0,0,0,0,0,0,0,0
150000000,92.0,7,2,3,1,0.8399617320261438,3.067726205655442,1,1,1,1,1,0,0,1,0,0,0,0,0,1,0,0,0,0,0,1
150000000,166.0,3,5,6,0,3.7165582922439135,3.209345391301946,1,1,1,1,0,1,0,0,0,0,0,1,0,1,0,0,0,0,0,1
35000000,110.0,5,3,1,1,4.641580866666667,4.000408951937576,0,1,1,0,1,0,0,0,0,0,0,0,0,0,1,0,0,0,0,0
35000000,100.0,6,1,2,0,1.3803503583333332,1.8905822200396314,0,1,1,1,0,0,0,1,0,0,0,0,0,0,0,0,0,0,0,0
40000000,90.0,5,4,0,0,0.0,2.3832725785429343,1,1,1,1,0,0,0,1,0,0,0,1,0,0,0,0,0,0,0,1
150000000,89.0,1,2,2,0,7.102408946666666,3.818551018616027,0,1,1,1,0,0,1,0,0,1,0,0,1,0,0,0,0,0,1,1
37000000,122.0,6,4,2,0,1.4184998899999999,1.6976707586805555,0,1,1,1,0,1,0,0,1,0,0,1,0,1,0,0,0,0,0,1
85000000,88.0,3,3,4,0,8.705340193240094,9.368925289031099,0,0,1,1,0,0,0,0,1,0,0,0,0,1,0,1,0,0,0,1
37000000,81.0,5,2,0,0,0.0,4.502922754338665,0,1,1,1,1,0,0,0,0,1,0,0,1,0,0,0,0,0,0,0
35000000,101.0,3,1,2,0,1.329109565437788,4.0701796885659585,0,1,1,1,0,0,0,0,0,0,0,1,0,0,0,0,0,0,0,0
37000000,96.0,5,2,4,0,3.0160256310256406,2.2294016867543864,0,1,1,0,0,0,0,0,0,0,0,1,0,0,0,0,0,0,0,1
90000000,113.0,4,2,3,0,3.7263091693691295,2.5280020489897663,1,1,1,1,1,0,0,1,0,0,0,0,0,0,0,0,0,0,0,1
180000000,98.0,3,2,2,1,6.515363345124112,2.74056445,1,1,1,1,1,0,0,0,0,1,0,0,1,0,0,0,0,0,0,1
21000000,120.0,1,2,0,0,0.0,3.233547016089516,0,1,1,0,1,0,0,0,0,0,0,1,0,0,0,0,0,0,0,0
52000000,108.0,5,2,0,0,0.0,3.612652219699701,1,1,1,0,1,0,0,0,0,0,0,0,0,0,0,0,0,0,0,1
85000000,120.0,6,3,3,2,2.9191337264162094,3.072370125158997,1,1,1,0,1,0,1,0,1,0,0,0,0,1,0,1,0,0,0,1
27000000,111.0,2,2,0,0,0.0,3.099874388261628,1,1,1,1,1,0,0,1,0,0,0,0,0,0,0,0,0,0,0,1
25000000,104.0,4,2,8,0,5.1402165616287885,3.473342986775846,0,1,1,1,0,0,0,0,0,0,0,1,0,0,0,0,1,0,0,0
90000000,95.0,2,3,4,0,3.587085632528476,2.493860527870678,1,1,1,0,0,0,0,0,1,0,0,0,1,1,0,0,0,0,0,1
55000000,90.0,2,3,1,1,1.86900008,0.0,0,1,1,1,0,0,0,0,1,0,0,0,1,1,0,0,0,0,0,0
40000000,130.0,3,1,3,0,1.4361318880246914,1.711314998409811,0,1,1,0,0,0,0,0,0,0,0,1,0,0,0,0,0,0,0,0
27000000,117.0,0,4,0,0,0.0,1.6279673583333334,0,1,1,0,1,0,0,0,1,0,0,1,1,0,0,0,0,0,0,0
35000000,114.0,2,2,2,0,2.7528550155555553,7.077740232248377,1,1,1,0,0,0,0,0,0,0,0,1,0,0,0,0,0,0,0,0
28000000,99.0,6,1,0,0,0.0,2.59557202766397,1,1,1,0,0,0,0,0,0,0,0,0,0,0,0,0,0,0,0,0
130000000,90.0,1,4,0,0,0.0,2.8546399517886556,0,1,1,1,1,0,0,0,1,1,0,0,1,0,0,0,0,0,0,1
27000000,110.0,6,3,0,0,0.0,5.841443055555556,0,1,0,0,0,0,0,0,0,0,0,1,0,0,0,0,0,0,0,0
37000000,96.0,1,4,0,0,0.0,3.947745917479599,0,1,1,0,0,0,0,0,1,0,0,0,1,1,0,0,0,0,0,1
40000000,101.0,2,2,0,0,0.0,3.3261649653799017,1,1,1,0,0,0,0,0,0,0,0,0,0,0,0,0,0,0,0,0
62000000,87.0,3,2,0,0,0.0,3.161620100342839,1,1,1,1,1,0,0,0,0,0,0,0,0,0,0,0,0,0,0,0
35000000,123.0,2,2,3,1,4.1580118839995945,2.6636279850039766,1,1,1,1,0,0,0,0,0,0,0,1,0,0,0,0,0,0,0,0
45000000,105.0,6,3,5,0,2.598738369327562,2.047188543584307,1,1,1,1,1,0,0,1,0,0,0,0,0,0,0,1,0,0,0,0
30000000,111.0,2,3,0,0,0.0,1.228554709273183,1,1,1,1,0,0,0,0,0,0,0,1,0,0,0,0,0,0,0,1
30000000,111.0,3,2,1,0,9.51623725,4.345743054788166,0,1,1,1,0,0,0,0,0,0,0,0,0,0,0,0,0,0,0,1
55000000,141.0,3,3,13,6,4.306539283170659,2.1583477425936444,0,1,1,1,0,0,0,0,0,0,0,1,0,0,0,0,0,0,0,1
30000000,99.0,2,1,0,0,0.0,1.8051575342780026,0,1,1,1,0,0,0,0,0,0,0,0,0,0,0,0,0,0,0,0
65000000,98.0,5,1,2,1,2.865715976657825,3.2848045809509987,1,1,1,0,1,0,0,0,0,0,0,0,0,0,0,0,0,0,0,1
20000000,83.0,1,2,3,0,9.04555040393159,1.6973285693581779,0,1,1,1,0,0,0,0,0,0,0,0,0,1,0,0,0,0,0,0
20000000,114.0,3,4,0,0,0.0,1.9656599924841274,0,1,1,1,0,0,0,0,1,0,0,1,0,0,0,0,0,0,0,0
120000000,135.0,6,3,4,0,4.168185492222222,1.8552197877997558,1,1,1,1,0,0,0,1,0,0,0,0,1,0,0,1,0,0,0,0
20000000,101.0,5,2,1,0,0.653894525,2.1636221985682753,1,1,1,1,0,0,0,0,0,0,0,0,0,0,0,0,0,0,0,0
58000000,114.0,4,3,2,1,4.4502300833333335,2.813877602270777,1,1,1,1,0,0,0,0,0,0,0,1,0,0,0,0,0,0,0,0
20000000,115.0,3,3,0,0,0.0,3.0361950435943172,0,1,1,0,0,0,0,0,0,0,0,1,0,0,0,0,0,0,0,0
40000000,125.0,5,2,2,0,2.0995737276053212,4.820828250142289,0,1,0,1,1,0,0,0,0,0,0,1,0,0,0,0,0,0,0,0
130000000,165.0,5,1,2,0,6.7860622302134646,2.3095973012497373,1,1,1,0,0,1,0,0,0,0,0,1,0,0,0,0,0,0,0,0
19000000,109.0,3,3,0,0,0.0,0.0,0,1,1,1,0,0,0,0,1,0,0,0,0,0,0,0,0,0,0,0
70000000,112.0,2,3,3,0,4.602156657387057,1.5404555870709038,1,1,1,1,0,0,0,0,1,0,0,0,0,0,0,0,0,0,0,1
60000000,101.0,5,4,1,0,0.5643628,3.0122197860596565,0,1,1,1,0,0,0,1,0,0,0,1,0,0,0,0,0,0,0,0
225000000,150.0,7,3,3,0,6.121928001111112,4.16003865,1,1,1,0,0,0,1,0,1,0,0,0,1,1,0,0,0,0,0,1
25000000,85.0,2,3,0,0,0.0,1.87987355,1,1,1,1,0,0,0,1,0,0,0,0,0,0,0,1,0,0,0,1
25000000,93.0,9,2,1,0,0.7986775833333334,2.755912711941816,1,1,1,0,0,0,0,1,0,0,0,0,0,0,0,0,0,0,0,1
92000000,107.0,4,2,2,0,2.1792661075227966,3.0248586837633447,0,1,1,1,1,0,0,1,0,0,0,0,0,0,0,0,0,0,0,1
55000000,123.0,4,1,1,0,5.583223545454546,3.113155293804815,1,1,1,1,0,1,0,0,0,0,0,1,0,0,0,0,0,0,0,1
150000000,114.0,4,3,3,0,1.9612706004298943,2.0593024105304774,1,1,1,0,1,0,0,1,1,0,0,0,0,0,0,1,0,0,0,1
60000000,91.0,5,2,5,2,6.128120625,3.0002805783289985,1,1,1,1,1,0,0,0,0,0,0,0,0,0,0,1,0,0,0,1
60000000,103.0,6,5,0,0,3.9683455,5.015369009128251,1,1,1,1,0,1,0,1,0,0,0,0,0,0,0,1,0,0,0,0
25000000,87.0,3,2,3,0,3.197420177777778,0.0,1,1,1,1,1,0,0,1,0,0,0,0,0,0,0,0,0,0,0,0
60000000,106.0,2,3,3,0,1.1884559130490955,2.0708170539526805,0,1,1,1,0,1,0,0,1,0,0,0,1,1,0,0,0,0,0,0
60000000,90.0,6,4,3,0,0.9982452281944445,2.9782728584273643,1,1,1,1,1,0,0,0,1,0,0,0,1,0,0,1,0,0,0,0
55000000,104.0,4,3,3,0,5.803723730628656,2.3853063900222415,0,1,1,1,0,0,0,1,1,0,0,0,0,1,0,0,0,0,0,1
60000000,93.0,1,3,0,0,0.4326128590604027,5.282966302342717,0,1,1,1,0,1,0,0,1,1,0,0,1,0,0,0,0,0,0,0
200000000,106.0,1,4,4,4,5.3375692225,2.4169277423568714,0,1,1,1,0,0,0,1,1,0,0,0,0,0,0,0,0,0,0,1
70000000,128.0,3,3,10,0,2.5304928042618964,3.1360923000683925,1,1,1,1,0,0,0,1,0,0,0,1,0,0,0,0,0,0,0,1
60000000,115.0,2,2,1,1,9.330031257142856,2.1526169493666196,0,1,1,1,0,1,0,0,0,0,0,0,1,0,0,0,0,0,0,1
75000000,121.0,4,4,4,4,3.2490931282996627,2.6802586519287845,0,1,1,0,0,1,0,0,0,0,0,1,0,0,0,0,0,0,0,1
41677699,100.0,8,2,3,3,11.374034841457025,0.0,1,0,0,0,1,0,0,0,0,1,0,0,1,0,0,0,0,0,0,1
12000000,110.0,3,2,1,1,2.615566,4.032557538385059,0,1,1,0,0,1,0,0,0,0,0,1,0,0,0,0,0,0,0,0
30000000,84.0,2,1,2,2,3.38534975,14.531819111111112,0,1,1,1,0,0,0,0,0,0,0,0,0,0,0,0,0,0,0,0
11000000,106.0,9,1,0,0,0.0,0.0,0,0,0,1,0,0,0,0,0,0,0,0,0,0,0,0,0,0,0,0
500000,122.0,5,1,1,0,71.99768197727272,0.0,0,1,1,1,0,0,0,0,0,0,0,1,0,0,0,0,0,0,0,0
4000000,103.0,5,3,0,0,0.0,0.0,0,1,0,1,0,1,0,0,0,0,0,1,0,0,0,0,0,0,0,0
12000000,98.0,2,3,0,0,0.0,1.1882702251661919,1,1,1,1,0,0,0,0,0,0,0,1,0,0,1,0,0,0,0,0
12000000,89.0,3,3,0,0,0.0,9.04475907371795,0,1,1,0,0,0,0,0,0,0,0,0,0,0,1,1,0,0,0,0
7000000,93.0,4,3,0,0,0.0,0.0,1,1,1,1,0,0,0,0,0,1,0,0,1,0,0,0,0,0,0,0
6000000,77.0,2,1,0,0,0.0,2.97444394705815,0,1,0,0,0,0,1,0,0,0,1,0,0,0,0,0,0,1,0,0
15000000,102.0,1,2,0,0,0.0,2.2781710115823413,0,1,1,1,0,1,0,0,0,0,0,1,0,0,0,0,1,0,0,0
9000000,89.0,4,3,1,0,3.520145,10.640868591666667,1,1,1,0,0,0,0,0,0,0,0,0,0,0,0,0,0,0,0,0
11000000,114.0,4,1,1,0,1.3864059,3.555723433980213,0,1,1,1,0,0,0,0,1,0,0,0,0,0,0,0,0,0,0,0
5000000,110.0,2,2,0,0,0.0,2.668207860245282,0,1,1,1,1,0,0,0,0,0,0,1,0,0,0,0,0,0,0,0
5000000,106.0,0,4,0,0,0.0,2.8951478259707812,0,1,0,1,0,0,0,1,1,0,0,0,0,0,0,0,0,0,0,0
15000000,98.0,4,5,0,0,0.0,10.717127600000001,1,1,1,1,1,0,0,0,0,0,0,1,0,0,1,0,0,0,0,0
8500000,98.0,1,3,0,0,0.0,4.527596833333333,0,0,0,1,0,1,1,1,1,0,0,0,0,0,0,0,0,0,1,0
15000000,120.0,4,2,4,1,6.2271312212500005,0.0,1,1,1,1,0,0,0,0,0,0,0,1,0,0,0,0,0,0,0,1
7000000,97.0,2,2,0,0,0.0,0.0,0,1,1,0,0,0,1,0,1,0,0,0,0,0,0,1,0,0,0,0
6000000,99.0,2,1,0,0,0.0,2.045144489850704,0,1,1,1,1,0,0,0,0,0,0,1,0,0,0,0,0,0,0,0
2000000,90.0,3,3,0,0,0.0,0.0,0,1,0,1,1,0,0,0,0,1,0,1,0,0,0,0,0,0,0,0
185000000,122.0,2,2,21,10,13.318860018674386,5.132584152012737,1,1,1,1,0,0,0,1,1,0,0,0,0,0,0,0,0,0,0,1
6000000,109.0,4,2,3,0,18.588465153439152,1.4075429891962523,0,1,1,1,0,0,0,0,0,0,0,1,0,0,0,0,0,0,0,0
7500000,107.0,1,2,0,0,0.0,0.0,0,0,0,1,0,0,0,0,0,0,0,1,0,0,0,0,0,0,0,0
15000000,131.0,6,3,1,0,0.35168966,0.9384126143236073,0,1,1,1,0,0,0,0,0,0,0,1,0,0,0,0,0,0,0,0
18000000,114.0,4,3,3,0,3.767579949382716,2.944145860651629,1,1,0,1,0,0,0,1,0,0,0,0,0,0,0,0,0,0,0,0
18000000,98.0,1,1,0,0,0.0,3.3425760122583714,0,1,1,1,0,1,0,0,0,0,0,1,0,0,0,0,0,0,0,0
10800000,92.0,2,3,0,0,0.0,16.907310872222222,1,1,1,0,0,0,0,0,0,0,0,0,0,0,1,0,0,0,0,1
12500000,94.0,3,2,0,0,0.0,0.5588235294117647,0,1,1,0,0,0,0,0,0,0,0,1,0,0,0,0,0,0,0,0
3000000,92.0,6,2,0,0,0.0,2.930991907722278,0,1,1,0,0,0,0,0,0,0,0,1,0,0,0,0,0,0,0,0
15000000,107.0,5,3,0,0,0.0,2.40959558108599,0,1,1,1,0,0,0,0,0,0,0,1,0,0,0,0,0,0,0,0
2500000,90.0,1,3,0,0,0.0,4.323244270833333,0,1,1,1,0,1,0,0,0,0,0,1,0,0,0,1,0,0,0,0
35000000,99.0,6,2,0,0,0.0,4.497525913105086,1,1,1,0,0,0,0,0,0,0,0,0,0,0,0,0,0,0,0,1
16000000,114.0,1,3,0,0,0.0,7.485185827769043,0,1,1,1,0,0,0,0,0,0,0,1,0,0,0,0,0,0,0,0
15000000,96.0,6,2,7,0,6.825410378571428,5.121541049151048,0,1,1,0,1,0,0,0,0,0,0,1,0,0,0,0,0,0,0,0
7000000,94.0,1,1,0,0,0.0,0.7391952571428572,0,1,1,1,1,0,0,0,0,0,0,0,0,0,0,0,0,0,0,0
230000,92.0,6,3,0,0,0.0,1.8231098461538464,0,1,0,1,0,0,0,1,0,0,0,1,0,0,0,0,0,0,0,0
15000000,111.0,9,3,2,1,0.9449791666666666,8.339745154821363,0,1,0,0,0,0,0,0,0,0,0,0,0,0,0,0,0,0,0,0
6000000,85.0,0,1,0,0,0.0,2.063428102928294,0,1,1,1,0,0,0,0,0,0,0,0,0,0,0,0,0,0,0,0
15000000,102.0,1,2,2,0,36.01290758863636,2.3862314853905784,0,1,1,1,1,0,0,0,0,0,0,0,0,0,0,0,0,0,0,0
24000000,102.0,2,1,7,4,18.778100312399506,3.68120755,0,1,1,1,0,0,0,0,0,0,0,0,0,0,0,0,0,0,0,0
185000000,152.0,5,4,4,4,3.030609445851449,2.631394614978283,1,1,1,1,1,0,0,1,0,0,0,1,0,0,0,0,0,0,0,1
30000000,130.0,5,3,2,0,3.203982880952381,2.528577242078366,0,1,1,1,0,0,0,0,0,0,0,1,0,0,0,0,0,0,0,0
20000000,115.0,3,2,1,0,10.047674,0.0,0,1,1,1,0,0,0,1,0,0,0,1,0,0,0,0,0,0,0,0
20000000,91.0,1,3,2,0,4.540101960714286,3.4706168392317376,1,1,1,0,0,0,0,0,1,0,0,0,1,0,0,0,0,0,0,1
20000000,109.0,4,4,1,0,2.983519,3.7608138304947065,0,1,1,0,0,0,0,1,0,0,0,1,0,0,0,0,0,0,0,0
20000000,112.0,5,3,4,0,1.3878667571613301,1.957343962348041,0,1,1,1,0,0,0,0,0,0,0,1,0,0,0,0,0,0,0,0
70000000,104.0,4,1,2,0,3.5863281304945054,3.516928218613616,1,1,1,0,0,1,0,0,0,0,0,0,0,0,0,0,0,0,0,1
20000000,128.0,1,2,3,1,6.473208808497317,2.2268016342518338,0,1,1,1,0,1,0,0,0,0,0,1,0,0,0,0,0,0,0,0
20000000,104.0,2,2,0,0,0.0,3.5366285954499954,0,1,1,0,0,1,0,0,0,0,0,1,0,0,0,0,0,0,0,0
32000000,124.0,9,2,2,0,11.8319566,4.037212834096838,0,1,1,0,0,1,0,0,0,0,0,1,0,0,0,0,0,0,0,1
20000000,110.0,2,3,0,0,0.0,3.3572005510668945,0,1,1,0,0,0,0,0,0,0,0,1,0,0,0,0,0,0,0,0
75000000,110.0,9,3,1,0,7.619047619047619,3.8998795524251353,1,1,1,1,1,0,0,1,0,0,0,0,0,0,0,0,0,0,0,1
30000000,108.0,6,3,0,0,0.0,0.7831040159722222,0,1,1,0,0,0,0,1,0,0,0,0,0,0,0,1,0,0,0,0
12000000,107.0,1,2,0,0,0.0,2.776690051851852,0,1,1,1,0,0,0,0,1,0,0,0,0,0,0,0,0,0,0,0
80000000,110.0,8,3,4,2,2.028281489027294,3.608911337105262,1,1,1,1,1,0,0,1,0,0,0,0,0,0,0,0,0,0,0,1
30000000,104.0,4,4,0,0,0.0,1.5556629919696967,1,1,1,0,1,0,1,0,0,0,0,1,0,0,0,1,0,0,0,0
97250400,116.0,12,4,0,0,0.0,0.0,0,0,0,1,0,0,0,0,1,0,0,0,1,1,0,0,0,0,0,1
23000000,98.0,3,3,0,0,0.0,0.0,0,1,1,0,0,0,1,0,0,0,0,1,0,0,0,0,0,0,0,1
35000000,85.0,1,3,0,0,0.0,1.6940272969422483,0,1,1,0,0,0,0,1,0,0,0,0,0,0,0,1,0,0,0,0
5000000,102.0,3,2,0,0,0.0,4.64868223190165,0,1,1,1,0,0,0,0,0,0,0,1,0,0,0,0,0,0,0,0
33000000,116.0,7,1,12,5,3.9837048597985176,9.554005981745476,1,1,1,1,0,1,0,0,0,0,0,1,0,0,0,0,0,0,0,1
145000000,112.0,5,3,6,0,2.72241076822322,3.6565860316817353,1,1,1,1,1,0,1,1,1,0,0,0,0,1,0,0,0,0,0,1
20500000,102.0,6,2,0,0,0.0,3.76365271025641,1,1,1,1,0,1,1,1,0,0,0,0,0,0,0,0,0,0,0,0
80000000,104.0,5,3,1,0,7.590340421052631,3.2127935646656263,1,1,1,0,0,1,0,0,0,0,0,1,0,0,0,1,0,0,0,1
80000000,118.0,4,3,2,0,2.962800516666667,2.063281430196873,0,1,1,0,0,0,0,1,0,0,0,0,0,0,0,0,0,0,0,1
140000000,126.0,1,3,3,0,2.501159080448718,1.5831173144360717,0,1,1,1,0,0,0,1,1,0,0,0,0,0,0,1,0,0,0,1
80000000,99.0,3,4,6,0,3.1780375872727276,4.167823142826836,1,1,1,0,0,1,0,0,0,0,0,0,1,1,0,0,0,0,0,1
80000000,88.0,5,3,0,0,0.0,3.8991695081734234,0,1,1,0,0,1,0,0,0,0,0,1,0,0,0,0,0,0,0,1
35000000,119.0,6,2,3,1,9.120439875,3.533807300113412,0,1,1,0,0,1,0,0,0,0,0,1,0,0,0,0,0,0,0,0
70000000,101.0,8,4,1,0,3.5397831,5.127301832781356,0,1,0,1,1,0,0,1,1,0,0,0,0,0,0,1,0,0,0,0
45000000,160.0,4,2,8,1,2.175023788931624,1.86940688,0,1,1,0,0,0,0,0,0,0,0,1,0,0,0,0,0,0,0,0
45000000,99.0,7,3,0,0,0.0,2.815448941593565,0,1,1,1,1,0,0,1,0,0,0,0,0,0,0,0,0,0,0,0
45000000,93.0,2,5,0,0,0.0,1.5244413999356177,0,1,1,0,1,0,0,1,1,0,0,0,1,0,0,1,0,1,0,1
20000000,98.0,5,5,0,0,0.0,4.29754468973186,1,1,1,1,0,0,0,1,0,0,0,0,0,1,1,1,0,0,0,0
13000000,161.0,2,2,0,0,0.0,0.0,0,1,0,1,0,0,0,0,0,0,0,1,0,1,0,0,0,0,0,0
50000000,130.0,5,4,3,0,9.417765020875422,5.067077579276887,0,1,1,1,0,0,1,0,1,0,0,1,0,1,0,0,0,0,0,1
150000000,150.0,7,3,7,0,3.885952374003966,3.613728368437482,1,1,1,1,1,0,1,1,1,0,0,0,0,0,0,1,0,0,0,1
11000000,90.0,2,2,0,0,0.0,16.00647964375,1,1,1,1,0,0,0,0,0,0,0,0,0,0,1,0,0,0,0,0
50000000,121.0,6,6,3,1,3.389236692592592,2.200229891964967,0,1,1,1,0,0,0,1,1,0,0,1,0,0,0,1,0,0,0,1
16000000,93.0,6,2,4,0,2.479698588484848,3.005465822502219,0,1,1,0,1,0,1,0,0,0,0,1,1,0,0,0,0,0,0,0
75000000,146.0,6,2,2,0,5.756068319230769,3.879599818589989,1,1,1,1,1,0,0,0,0,0,0,1,0,0,0,0,0,0,0,0
200000000,115.0,4,3,3,1,1.9001464519695281,4.963729051549488,1,1,1,1,0,0,0,1,0,0,0,0,0,0,0,1,0,0,0,1
30000000,99.0,5,2,6,1,14.584355194179144,5.206997302020202,1,1,1,1,0,0,0,0,0,0,0,0,0,0,1,0,0,0,0,0
35000000,100.0,2,2,0,0,0.0,3.0422554403429576,0,1,1,0,0,0,0,0,0,0,0,0,1,0,0,0,0,0,0,0
50000000,98.0,2,6,2,2,4.208150406818182,2.1982755258632145,1,1,1,0,0,0,0,1,1,0,0,0,1,1,0,1,0,0,0,1
20000000,120.0,2,1,4,0,18.346209798611113,21.049658265972223,1,1,1,1,0,0,1,0,0,0,1,0,0,0,0,0,0,0,0,0
53000000,109.0,3,3,6,0,3.2561743698627335,2.0657349888389764,0,1,1,0,0,0,0,0,0,0,0,1,0,0,0,0,0,0,0,1
6000000,104.0,5,2,0,0,0.0,2.068652375390412,0,1,1,0,0,0,0,0,0,0,0,1,0,0,0,0,0,0,0,0
6500000,113.0,1,2,0,0,0.0,0.7933527596439807,0,1,1,1,0,1,0,0,0,0,0,1,0,0,0,0,1,0,0,0
16000000,120.0,3,4,0,0,0.0,0.0,0,1,0,0,1,0,0,1,1,0,0,1,0,0,0,0,0,0,0,0
17000000,98.0,3,3,4,0,7.377656284821429,0.681321701724138,0,1,1,0,1,0,0,0,0,0,0,1,0,0,0,0,0,0,0,0
40000000,99.0,9,3,1,0,1.3211509902777778,9.204154923529412,1,1,1,1,0,0,0,1,0,0,0,0,0,0,0,0,0,0,0,0
7000000,106.0,0,2,0,0,0.0,1.976239303731236,0,1,0,0,0,0,0,0,0,0,0,1,0,0,0,0,0,0,0,0
50000000,118.0,4,3,2,2,2.5891018769800573,1.9242723638224826,0,1,1,1,0,0,0,0,0,0,0,1,0,0,0,0,0,0,0,0
80000000,112.0,2,3,2,0,4.3630007202614385,1.6880649650871888,0,1,1,1,0,1,0,0,0,0,0,1,0,0,0,0,0,0,0,0
20000000,96.0,3,3,1,0,2.197078775,5.193697379458071,1,1,1,1,0,0,1,1,0,0,0,0,0,0,0,0,0,0,1,0
80000000,89.0,4,3,3,1,1.8758150937873357,2.3623327365002957,0,1,1,1,0,0,0,1,0,0,0,0,0,0,0,1,0,0,0,1
70000000,153.0,5,4,5,2,7.831001891222459,3.5402928574491894,1,1,1,1,1,0,0,1,0,0,0,1,0,0,0,0,0,0,0,1
200000000,158.0,4,3,3,0,5.734774693414141,2.217204151279223,1,1,1,1,0,0,0,1,1,0,0,0,0,0,0,1,0,0,0,1
7000000,105.0,5,2,5,4,3.2508324808096556,0.0,0,1,1,0,0,0,0,0,0,0,0,1,0,0,0,0,0,0,0,0
20000000,108.0,5,4,12,0,2.087098274846094,1.1082804,1,1,1,1,0,0,0,1,1,0,0,1,0,0,0,0,0,0,0,0
30000000,79.0,5,5,0,0,0.0,2.7173632532520404,0,1,1,0,1,0,0,1,1,1,0,0,0,0,0,1,0,0,0,0
8000000,97.0,5,1,0,0,0.0,3.3688418018284416,1,1,1,1,0,0,0,0,0,0,0,0,0,0,0,0,0,0,0,0
50000000,95.0,2,3,2,0,3.57758675,2.37272403046119,1,1,1,1,0,0,0,1,0,0,0,0,0,0,0,1,0,0,0,0
15000000,105.0,3,1,1,0,1.3889603347547974,2.404220714285714,0,1,1,1,1,0,0,0,0,0,0,0,0,0,1,0,0,0,0,0
175000000,96.0,1,4,1,0,4.8940544,6.486485472280295,0,1,1,1,0,0,0,0,1,1,0,0,1,0,0,0,0,0,0,1
200000000,96.0,2,2,10,0,6.238707087899256,3.5071892779493496,1,1,1,1,0,1,0,0,0,1,0,1,0,0,0,0,0,0,0,1
3500000,101.0,3,4,0,0,0.0,1.798758151395045,0,1,1,0,0,0,0,1,0,0,0,1,0,0,0,0,0,0,0,0
7,82.0,0,4,0,0,0.0,3.097965815681671,0,0,0,0,1,0,0,0,0,0,0,1,0,0,0,0,0,0,0,0
15000000,99.0,5,1,0,0,0.0,6.1872434707449555,0,1,1,1,0,0,0,0,0,0,0,0,0,0,0,0,0,0,0,0
20000000,123.0,4,3,1,0,1.719153025,2.8142332563208,0,1,1,0,1,0,0,0,0,0,0,0,0,0,1,0,0,0,0,0
30000000,112.0,10,1,0,0,0.0,0.0,1,1,1,1,1,0,0,0,0,0,0,0,0,0,0,1,0,0,0,1
8000000,118.0,2,3,1,0,0.0050785,0.14249272222222223,0,1,1,1,0,1,1,1,0,0,0,0,0,0,0,0,0,0,1,0
15000000,111.0,7,1,0,0,0.0,10.23971814100877,0,1,1,0,0,0,0,0,0,0,0,1,0,0,0,0,0,0,0,0
175000000,118.0,5,4,2,0,2.33372946462585,3.2535582226466153,1,1,1,1,1,0,1,1,1,0,0,0,0,0,0,1,0,0,0,1
237000000,162.0,4,4,6,0,6.860002309025236,3.3272734957685466,1,1,1,1,0,1,0,1,1,0,0,0,0,1,0,1,0,1,0,1
10000000,98.0,7,3,0,0,0.0,2.0249524422510823,1,1,1,1,0,1,0,0,0,0,0,0,0,0,0,1,0,0,0,0
22000000,108.0,5,3,9,6,2.7657047864598097,1.9765201224756939,1,1,1,1,0,0,0,0,0,0,0,1,0,0,0,0,0,0,0,0
100000000,106.0,5,3,10,0,5.236984022156298,2.7584755304753856,1,1,1,1,1,0,0,0,0,0,0,1,0,0,0,0,0,0,0,1
50000000,97.0,2,4,4,0,2.108336679166667,8.259094002164503,1,1,1,0,0,0,1,1,1,0,0,0,0,0,0,1,0,0,0,0
50000000,116.0,6,2,1,0,6.12329415,2.7136921916402112,1,1,0,1,0,0,0,0,0,0,0,1,0,0,0,0,0,0,0,0
5600000,85.0,1,2,1,0,20.298666666666666,20.298666666666666,0,0,0,1,0,0,0,0,0,0,0,0,0,0,1,0,0,0,0,0
35000000,105.0,1,3,0,0,0.0,4.84035023042328,0,1,1,1,0,0,0,0,0,0,0,1,0,0,0,0,0,0,0,0
7500000,95.0,3,3,0,0,0.0,1.9576913678059351,0,1,1,1,1,0,0,0,0,0,0,1,0,0,0,0,0,0,0,0
65000000,94.0,4,4,1,0,0.4326128590604027,2.7204537644018667,0,1,1,1,0,0,0,1,0,1,0,0,1,0,0,1,0,0,0,0
800000,91.0,7,2,0,0,0.0,0.0,0,0,0,1,0,0,0,0,0,0,0,0,0,0,1,0,0,0,0,0
2000000,129.0,9,4,0,0,0.0,0.0,0,0,0,1,1,0,0,0,0,0,0,1,0,0,0,0,0,0,0,0
40000000,101.0,8,4,2,0,2.0387729666666665,2.6366960122941023,1,1,1,1,0,0,0,1,0,0,0,0,0,0,0,0,0,0,0,0
16000000,87.0,4,3,1,0,1.983159476923077,5.025881871915598,0,1,1,1,0,0,0,0,0,0,0,0,0,0,1,0,0,0,0,0
17000000,133.0,5,3,4,0,1.4407178243104346,4.603293121692677,0,1,1,0,0,0,0,0,0,0,0,1,0,0,0,0,0,0,0,0
17000000,95.0,2,2,5,0,2.1309969957094017,37.58604157529423,0,1,1,1,0,0,0,0,0,0,0,0,0,0,0,0,0,0,0,0
15000000,110.0,3,4,0,0,0.0,0.0,0,1,1,1,0,0,0,0,0,0,0,1,0,0,1,0,0,0,0,0
175000000,94.0,1,4,0,0,4.897000253333333,3.0814912922858064,0,1,1,1,0,0,0,0,1,1,0,0,1,0,0,1,0,0,0,1
58000000,103.0,4,1,2,0,2.601662925,4.8521930808685,1,1,1,0,0,1,0,0,0,0,0,0,0,0,0,0,0,0,0,0
7300000,103.0,3,4,0,0,0.0,2.967513160985403,0,1,0,0,0,1,0,1,0,0,0,1,0,0,0,0,0,0,0,0
23000000,86.0,18,3,5,0,3.077398057235692,3.5130430012033846,0,1,0,0,0,0,0,0,0,0,0,1,0,0,0,0,0,0,0,0
30000000,89.0,7,1,3,0,7.858760570040627,2.394570798266192,0,1,1,1,0,0,0,0,0,0,0,0,0,0,0,0,0,0,0,1
8000000,92.0,1,1,2,1,0.6496457,3.566661278333333,0,1,1,1,0,0,0,0,0,0,0,0,0,0,0,0,1,0,0,0
24000000,93.0,3,2,0,0,0.0,2.695893954899789,0,1,1,1,0,0,0,0,0,0,0,0,0,0,0,0,0,0,0,0
7500000,100.0,1,2,0,0,0.0,4.438006611943348,0,1,1,1,0,0,0,0,0,0,0,1,0,0,0,0,0,0,0,0
45000000,86.0,5,5,1,0,2.824176125,0.0,1,1,1,1,1,0,0,0,1,0,0,0,1,1,0,1,0,0,0,0
105000000,97.0,2,4,2,0,9.392247178571427,2.280441333333333,1,1,1,1,0,1,0,0,0,1,0,0,1,0,0,0,0,0,0,1
20000000,111.0,3,4,0,0,0.0,2.08429748,0,1,1,1,1,0,0,0,0,0,0,1,1,0,0,0,0,0,0,0
23000000,139.0,1,3,0,0,0.0,0.0,0,1,0,1,0,1,0,1,0,0,0,1,0,0,0,0,0,0,0,0
23600000,88.0,3,2,0,0,0.0,1.5373177574889896,1,1,1,1,0,0,0,0,0,0,0,0,0,0,1,0,0,0,0,1
3800000,84.0,0,1,0,0,0.0,1.9798717918438915,0,1,1,1,1,0,0,0,0,0,0,0,0,0,0,0,1,0,0,0
80000000,140.0,7,3,4,2,1.681877386620337,1.9884692870875014,1,1,1,1,1,0,0,0,0,0,0,1,0,0,0,0,0,0,0,1
60000000,109.0,6,1,2,1,4.317790546428571,2.696675634921178,1,1,1,1,0,0,0,0,0,0,0,1,0,0,0,0,0,0,0,0
20000000,88.0,4,4,0,0,0.0,3.229971346716395,0,1,1,0,0,1,0,1,0,0,0,1,0,0,0,0,0,0,0,0
75000000,88.0,3,5,2,0,2.313360470523139,7.499537961911765,0,1,1,1,0,1,1,0,0,1,0,0,1,1,0,0,0,0,0,1
15000000,89.0,4,1,1,0,6.48524361,1.6024022755555556,0,1,1,1,1,0,0,0,0,0,0,0,0,0,0,0,0,0,0,0
60000000,127.0,5,1,1,0,8.004661666666667,4.374733955707799,1,1,1,1,0,0,0,1,0,0,0,0,0,0,0,0,0,0,0,0
60000000,97.0,3,2,6,0,3.433629321328006,5.479529285544189,1,1,1,0,1,0,0,0,1,0,0,0,0,0,0,0,0,0,0,0
40000000,129.0,3,3,2,0,1.7711644199999999,5.536303992054198,0,1,1,1,0,0,0,0,0,0,0,1,0,0,0,0,0,0,0,1
70000000,127.0,7,3,1,0,3.0091535998750585,1.8435497774989995,0,1,0,1,0,0,0,0,1,0,0,1,0,0,0,0,0,0,0,0
40000000,123.0,3,2,1,0,3.858792230769231,3.562012662965644,1,1,1,1,1,0,0,0,0,0,0,1,0,0,0,0,0,0,0,1
35000000,92.0,4,5,0,0,0.0,2.425957555202205,0,1,1,0,0,0,1,1,1,0,0,0,0,1,0,1,0,0,0,0
35000000,88.0,2,2,1,0,7.6550966,4.199286561173254,1,1,1,1,0,1,0,0,0,0,0,0,1,0,0,0,0,0,0,0
8500000,119.0,7,2,2,0,8.335715244047618,1.3443434144444444,0,1,0,1,0,1,0,0,0,0,0,1,0,0,0,0,1,0,0,0
60000000,134.0,6,2,14,7,4.145708886320807,4.332301442409873,1,1,1,1,0,1,0,0,0,0,0,1,0,0,0,0,0,0,0,1
85000000,121.0,5,2,3,0,3.6542999430672274,2.712070689642999,1,1,1,1,0,1,0,0,0,0,0,0,0,0,0,0,0,0,0,1
60000000,100.0,2,2,1,0,0.0721268933333333,2.415708504572511,0,1,1,1,0,0,0,0,0,1,0,0,1,0,0,0,0,0,0,1
12500000,101.0,2,3,0,0,0.0,6.557247826086956,0,1,1,0,0,0,0,0,0,0,0,0,0,0,1,0,0,0,0,0
25000000,109.0,6,2,2,1,17.334631933333334,1.7401916759843952,1,1,1,1,0,0,0,0,0,0,0,1,0,0,0,0,0,0,0,1
27000000,109.0,4,3,0,0,0.6256159696969696,2.5139086552242382,1,1,1,1,1,0,0,0,0,0,0,0,0,0,1,0,0,0,0,0
65000000,136.0,6,2,5,4,7.252923067739863,1.9069834980048597,0,1,1,1,0,1,0,0,0,0,0,1,0,1,0,0,0,0,0,0
41000000,105.0,3,1,1,0,4.094366333333333,2.7052681756227104,0,1,1,1,0,0,0,0,0,0,0,0,0,0,0,0,0,0,0,0
70000000,91.0,3,5,0,0,0.0,2.1992383671393685,0,1,1,1,0,1,0,0,1,1,0,0,1,0,0,1,0,0,0,1
30000000,123.0,12,3,5,0,4.913043916371826,4.097824870650975,1,1,0,1,0,0,0,0,1,0,0,0,0,1,0,0,0,0,0,0
32000000,111.0,4,2,1,0,2.5243465,2.636741435002401,0,1,1,1,0,1,0,0,1,0,0,1,0,0,0,0,0,0,0,0
40000000,89.0,1,2,11,0,3.308728407292834,1.8318338106735856,1,1,1,0,1,0,0,0,0,0,0,0,1,0,0,0,0,0,0,0
15000000,90.0,3,3,1,0,0.8,4.9189177775488675,0,1,1,1,0,0,0,0,0,0,0,1,0,0,0,0,0,0,0,0
20000000,102.0,2,1,1,0,0.5308294444444445,4.74516674680851,0,1,1,1,0,0,0,0,0,0,0,0,0,0,0,0,0,0,0,1
90000000,128.0,5,4,4,0,3.1831712814814814,2.716898684237649,1,1,1,1,0,1,0,1,1,0,0,0,0,0,0,0,0,0,0,1
4500000,97.0,1,2,1,0,0.9357966666666668,6.630638916666666,0,1,1,1,0,0,0,0,0,0,0,1,0,0,0,0,1,0,0,0
14000000,98.0,5,3,2,0,1.7075521850931676,1.8039945365740018,0,1,1,0,1,0,0,0,1,0,0,0,0,0,0,0,0,0,0,0
150000000,105.0,6,5,4,0,4.787921645138889,3.1021905401948637,1,1,1,1,0,0,1,1,1,0,0,0,1,1,0,0,0,0,0,1
250000000,153.0,2,3,1,0,6.254751586666667,6.635867857717948,1,1,1,1,1,0,0,0,1,0,0,0,1,1,0,0,0,0,0,1
40000000,82.0,3,2,3,0,2.538100367847708,0.0,0,1,1,1,1,0,0,0,0,0,0,0,0,0,1,0,0,0,0,1
7000000,112.0,3,3,0,0,0.0,1.8213660692165068,0,1,1,0,0,1,0,0,0,0,0,1,0,0,0,0,1,0,0,0
15000000,101.0,1,2,1,0,1.1785834642857145,2.686941564629847,1,1,1,1,0,0,0,0,0,0,0,0,0,0,1,0,0,1,0,1
16000000,100.0,2,2,1,0,0.8436129193548387,5.649600260448718,0,1,1,0,0,0,0,0,0,0,0,0,0,0,1,0,0,0,0,0
30000000,115.0,5,2,2,2,0.11689868627450975,2.5223601262504194,1,1,1,1,0,0,0,0,0,0,0,0,0,0,0,1,0,0,0,0
33000000,100.0,9,3,2,0,9.853240557142856,4.835626,1,0,0,0,0,0,0,1,0,0,0,0,0,0,0,0,0,0,0,0
25000000,114.0,3,3,6,0,2.790328458276418,4.777328402365525,0,1,1,0,0,1,0,0,0,0,0,1,0,0,0,0,0,0,0,0
40000000,108.0,3,3,2,0,7.429107275,4.862241800525673,0,1,1,1,1,0,0,0,0,0,0,1,0,0,0,0,0,0,0,1
150000000,107.0,8,4,2,0,2.0966376515151515,2.358377364539946,1,1,1,1,0,0,1,1,1,0,0,0,0,0,0,1,0,0,0,1
18000000,109.0,6,2,0,0,0.0,2.675605940366775,1,1,1,1,0,0,0,0,0,0,0,1,0,0,0,0,0,0,0,0
78146652,125.0,4,3,1,1,3.7196734,3.76257873110468,1,1,1,1,0,0,0,0,0,0,0,0,0,0,0,0,0,0,0,0
100000000,101.0,5,2,2,0,1.7425578400809716,4.076804001694139,1,1,1,1,0,0,0,0,0,0,0,0,1,1,0,0,0,0,0,1
18500000,100.0,7,3,0,0,0.0,5.211388200585635,1,1,1,1,0,0,0,0,0,0,0,0,0,1,0,0,0,0,0,0
9500000,107.0,3,1,1,0,6.0731613,3.727703538414307,0,1,1,1,0,0,0,0,0,0,0,0,0,0,0,0,0,0,0,0
90000000,94.0,2,4,1,0,5.868859835,4.837569047881262,1,1,1,1,1,0,1,0,1,1,0,0,1,0,0,0,0,1,0,1
100000000,90.0,2,3,0,0,0.0,10.237562230146255,1,1,1,1,0,0,0,0,0,1,0,0,1,0,0,0,0,0,0,1
10000000,85.0,2,1,1,0,1.67634175,3.2647909153015524,0,1,1,1,0,0,0,0,0,0,0,0,0,0,0,0,0,0,0,0
150000000,88.0,3,5,0,0,0.0,1.7669983126607234,1,1,1,1,1,0,0,1,1,0,0,0,1,1,0,0,0,0,0,1
39000000,107.0,4,3,1,1,4.061587254545454,3.5358721017838155,0,1,1,0,1,0,0,0,0,0,0,1,0,1,0,0,0,0,0,1
33000000,108.0,2,5,1,0,0.0,2.0754607411686554,0,1,0,1,0,0,0,1,0,0,0,0,0,0,1,1,0,0,0,0
10000000,99.0,2,2,0,0,0.0,5.479179048760747,0,1,1,1,1,0,0,0,0,0,0,0,0,0,0,0,1,0,0,0
12000000,111.0,6,2,4,0,5.420486319140949,1.9025545990984114,0,1,1,1,0,0,0,0,0,0,0,1,0,0,0,0,0,0,0,0
5000000,99.0,2,2,0,0,0.0,4.750055555555556,0,0,0,1,0,0,0,0,0,0,0,1,0,0,0,0,0,0,0,0
10000000,96.0,2,2,0,0,0.0,2.954725238369408,0,1,1,1,0,0,0,0,0,0,0,1,0,0,0,0,1,0,0,0
26000000,91.0,4,4,3,0,3.5650629309523807,3.342808322128852,1,1,1,1,0,0,1,1,1,0,0,0,1,0,0,0,0,0,0,1
150000000,138.0,4,2,7,2,4.976504153654845,4.412680944832198,1,1,1,1,0,0,0,0,0,0,0,0,0,0,0,0,0,0,0,1
30000000,109.0,3,1,2,0,3.413225370689655,3.3929987214939614,0,1,1,1,1,0,0,0,0,0,0,1,0,0,0,0,0,0,0,0
15000000,92.0,4,2,8,0,6.775639514583333,2.62006034,1,1,1,1,1,0,0,0,0,0,0,0,0,0,0,0,0,0,0,0
29000000,129.0,3,1,2,0,1.978960398275862,4.059290476380026,0,1,1,1,0,1,0,0,0,0,0,1,0,0,0,0,0,0,0,1
12000000,132.0,5,3,0,0,0.0,0.0,0,1,0,1,0,0,0,0,0,0,0,1,0,0,0,0,0,0,0,0
26000000,104.0,5,3,1,0,1.1610632,3.2246380228738585,1,1,1,0,0,0,0,0,0,0,0,1,0,0,0,0,0,0,0,0
35000000,100.0,4,1,4,0,3.7100348833333334,0.42574665,1,1,1,1,1,0,0,0,0,0,0,0,0,0,0,0,0,0,0,1
3000000,123.0,4,1,0,0,0.0,0.0,0,1,0,0,0,0,0,0,0,0,0,1,0,0,0,0,1,0,0,0
25000000,122.0,7,2,1,1,0.7177143,2.5516430658523728,0,1,1,0,0,0,1,0,0,0,0,1,0,0,0,0,0,0,0,0
13000000,98.0,1,3,0,0,0.0,4.460567262004259,0,1,1,0,0,0,0,0,0,0,0,1,0,0,0,0,0,0,0,0
35000000,102.0,3,5,3,0,2.0954187687830683,2.0665332933333334,1,1,1,1,0,0,1,0,0,0,0,1,1,0,0,0,0,0,0,1
130000000,163.0,6,3,2,1,5.07864189478022,3.1510343763802364,1,1,1,1,0,0,0,1,0,0,0,0,0,0,0,1,0,0,0,1
25000000,117.0,1,2,2,0,10.989849909523809,0.0,0,1,0,1,0,0,0,0,0,0,0,1,0,0,0,0,0,0,0,0
100000000,102.0,4,3,3,0,3.2825790549494944,2.2824511794017917,1,1,1,0,1,0,0,0,1,0,0,0,0,0,0,1,0,0,0,0
1500000,93.0,2,3,0,0,0.0,0.0,0,1,0,0,0,0,0,0,0,0,0,0,0,0,1,1,0,0,0,0
31192,89.0,0,3,0,0,0.0,0.0,0,1,0,1,0,0,0,1,0,0,0,1,0,0,0,0,0,0,0,0
15000000,96.0,3,3,1,1,0.652717,5.808632108043415,0,1,1,0,0,0,0,0,0,0,0,1,0,0,0,0,0,0,0,0
150000000,127.0,4,3,1,1,2.6523334133333334,2.9045748480820106,1,1,1,0,0,0,0,1,1,0,0,0,0,0,0,1,0,0,0,1
10000000,110.0,1,1,0,0,0.0,1.4538538904761906,0,1,1,1,0,1,0,0,0,0,0,1,0,0,0,0,0,0,0,0
70000000,113.0,4,2,0,0,0.0,3.76891796101333,1,1,1,1,0,0,0,0,0,0,0,0,0,0,0,0,0,0,0,1
38000000,96.0,2,2,4,2,3.6172460487139815,4.4344685803720445,0,1,1,1,1,0,0,0,0,0,0,0,0,0,0,0,0,0,0,1
40000000,87.0,4,4,4,0,1.5194259118253968,2.6183935153025577,1,1,1,1,0,0,0,0,1,1,0,0,1,0,0,0,0,0,0,0
40000000,109.0,1,4,1,0,8.871853492770846,1.7382953579274991,1,1,1,0,0,0,1,1,1,0,0,0,0,1,0,0,0,0,0,0
5000000,97.0,4,2,0,0,0.0,2.677363579224868,0,1,0,1,1,0,0,0,0,0,0,1,0,0,0,1,0,0,0,0
150000000,109.0,5,5,4,0,5.0899266245947805,5.363992091609359,1,1,1,1,1,0,0,1,1,0,0,1,0,1,0,0,0,0,0,1
24000000,88.0,6,2,2,0,3.355596704761905,3.1874016708988755,0,1,1,1,1,0,0,0,0,0,0,0,0,0,1,0,0,1,0,0
165000000,98.0,3,4,1,0,1.8221440875,2.686432368749376,0,1,1,1,0,0,0,0,1,1,0,0,1,1,0,0,0,0,0,1
25000000,107.0,2,4,8,0,4.84614297050943,0.8920795598290598,0,1,1,0,0,0,0,0,0,0,0,1,0,0,1,0,0,1,0,0
24000000,98.0,4,4,1,0,1.52546590625,3.5611062125563824,0,1,1,1,0,1,0,1,0,0,0,1,0,0,0,0,0,0,0,0
19000000,101.0,3,3,0,0,0.0,3.8882992990250487,0,1,1,1,0,0,0,0,0,0,0,1,0,0,0,0,0,0,0,0
160000000,148.0,3,5,5,5,3.510496685329808,6.545657245445199,1,1,1,1,1,0,0,1,1,0,0,0,0,0,0,1,0,0,0,1
20000000,88.0,3,2,0,0,0.0,3.343649082505421,1,1,1,1,0,0,0,0,0,1,0,0,1,0,0,0,0,0,0,0
20000000,113.0,3,2,2,0,6.331205836140351,3.0121697437648263,0,1,1,1,0,0,0,0,0,0,0,1,0,0,0,0,0,0,0,0
25000000,115.0,1,3,5,0,2.5812762332878783,27.021786331367057,0,1,1,0,0,0,0,0,0,0,0,1,0,0,0,0,0,0,0,1
20000000,105.0,4,3,12,0,3.109927199039539,2.477347272112705,0,1,1,1,0,0,0,1,0,0,0,0,0,0,0,0,0,0,0,0
2000000,120.0,2,1,0,0,0.0,0.0,0,1,1,1,0,0,0,0,0,0,0,0,0,0,0,0,0,0,0,0
170000000,125.0,6,3,0,0,0.0,1.2845802083424898,1,1,1,1,0,1,1,1,1,0,0,0,0,0,0,1,0,0,0,1
20000000,105.0,3,2,3,0,3.5141268578787876,3.2830166276796597,0,1,1,0,0,0,0,0,0,0,0,0,0,0,0,0,0,0,0,0
3500000,112.0,7,2,0,0,0.0,2.425219656109048,0,1,1,1,0,1,0,0,0,0,0,1,0,0,0,0,0,0,0,0
200000000,103.0,2,3,0,0,0.0,3.9756869069988277,1,1,1,1,1,0,0,0,0,1,0,0,1,0,0,0,0,0,0,1
26000000,100.0,1,1,0,0,0.0,1.7083534823428428,0,1,1,1,0,0,0,0,0,0,0,0,0,0,1,0,0,0,0,0
30000000,133.0,3,4,2,0,8.212217518394649,2.4521414145768214,1,1,1,1,0,1,0,0,0,0,0,1,0,0,0,0,0,0,0,0
3200000,105.0,3,3,0,0,0.0,4.339984260168195,0,1,1,1,0,0,0,0,0,0,0,1,0,0,0,0,0,0,0,0
30000000,134.0,1,2,0,0,0.0,3.2355773157480066,0,1,0,1,0,0,0,0,0,0,0,1,0,0,0,0,1,0,0,0
28000000,117.0,2,2,2,2,1.8798408230769232,5.362491945833333,1,1,1,0,0,0,0,1,0,0,0,0,0,0,0,0,0,0,0,0
8000000,129.0,2,2,0,0,0.0,3.748810426190476,0,1,0,1,0,1,0,0,0,0,0,1,0,0,0,0,0,0,0,0
80000000,103.0,1,3,1,0,6.4883805,3.7337525392910393,0,1,1,1,1,0,0,1,1,0,0,0,0,0,0,0,0,0,0,1
3000000,91.0,3,2,0,0,0.0,71.99768197727272,1,1,1,1,0,0,0,0,0,0,0,0,0,0,1,0,0,0,0,1
40000000,120.0,3,1,7,1,3.5036519485900213,1.79339770073645,1,1,1,1,0,0,0,0,0,0,0,1,0,0,0,0,0,0,0,1
85000000,82.0,1,2,0,0,0.0,2.1029957991900035,0,1,1,1,1,0,1,0,0,0,0,0,1,0,0,0,0,1,0,1
60000000,112.0,2,3,2,0,4.86600970729685,5.215790944629629,1,1,1,1,1,0,0,1,1,0,0,0,0,0,0,0,0,0,0,0
42000000,100.0,1,5,0,0,0.0,2.133351517037481,0,1,0,1,0,1,0,1,1,0,0,0,0,1,0,0,0,0,0,0
31000000,105.0,2,1,1,0,4.857142857142857,5.541782598935188,0,1,1,1,0,0,0,0,0,0,0,1,0,0,0,0,0,0,0,0
4000000,120.0,6,2,0,0,0.0,6.185532323529412,0,0,0,1,0,0,0,0,0,0,0,1,0,0,0,0,0,0,0,0
13000000,108.0,4,2,4,3,15.804015323412697,2.656861057887103,0,1,1,1,0,1,0,0,0,0,0,1,0,0,0,0,0,0,0,1
12500000,108.0,7,3,0,0,0.0,4.805481387931698,0,1,0,1,0,0,0,0,0,0,0,1,0,0,0,0,0,0,0,0
12500000,118.0,5,2,0,0,0.0,1.1967686222222222,0,1,1,1,0,0,0,0,0,0,0,1,1,0,0,0,0,0,0,0
25000000,154.0,3,2,0,0,0.0,0.9373252544642857,0,0,0,1,0,0,0,0,0,0,0,1,0,0,0,0,0,0,0,0
1500000,103.0,4,2,2,1,36.42320246363636,2.5157380013606128,0,1,1,1,0,0,0,0,0,0,0,0,0,0,1,0,0,0,0,0
28000000,94.0,3,3,4,0,3.3417705002545506,2.3642390371404263,0,1,1,0,0,0,0,1,0,0,0,0,1,0,0,0,0,0,0,0
25000000,85.0,1,2,0,0,0.0,0.0,0,0,1,0,0,0,0,0,0,1,0,0,1,0,0,0,0,0,0,0
30000000,112.0,6,3,6,0,2.612636638255119,2.6811375810126594,0,1,1,1,0,1,0,0,0,0,0,1,0,0,0,0,0,0,0,1
25000000,122.0,2,3,3,0,1.804712219642857,2.6403891612150643,0,1,1,1,0,0,0,0,0,0,0,1,0,0,0,0,0,0,0,0
13400000,100.0,0,3,1,0,0.7655343428571428,17.166574558233254,0,0,0,1,0,1,0,1,0,0,0,0,0,0,0,0,0,0,0,0
20000000,82.0,2,2,4,3,2.5391579733333334,0.56437136,0,1,1,1,1,0,0,0,0,0,0,0,0,0,1,0,0,0,0,0
500000,85.0,8,5,0,0,0.0,0.0,0,1,0,1,1,0,0,0,0,0,0,1,0,1,1,0,0,0,0,0
15000000,117.0,3,2,0,0,0.0,2.4479268540881853,1,1,1,1,0,1,0,0,0,0,0,1,0,0,0,0,0,0,0,0
260000000,100.0,2,2,0,0,2.0665332933333334,3.882677690106177,1,1,1,1,0,1,0,0,0,1,0,0,1,0,0,0,0,0,0,1
150000000,103.0,5,4,6,0,5.5606666291666675,0.0,1,1,1,1,1,0,0,1,1,0,0,0,1,1,0,0,0,0,0,1
14000000,103.0,4,1,2,0,3.7984728333333333,3.003206879315511,0,1,1,1,0,0,0,0,0,0,0,0,0,0,0,0,0,0,0,0
65000,99.0,1,3,0,0,0.0,0.0,0,1,1,1,0,1,0,0,0,0,0,1,0,0,0,0,0,0,0,0
130000000,95.0,1,5,0,0,5.564205653333333,2.653156962310261,0,1,1,1,0,0,0,1,0,1,0,0,1,0,0,1,0,0,0,1
15000000,92.0,3,2,1,0,2.0866988571428573,0.0,0,1,1,1,0,0,0,0,0,0,0,0,1,0,0,0,0,0,0,0
500000,94.0,1,3,0,0,0.0,0.0,0,1,0,1,1,0,0,0,0,0,0,1,0,0,0,1,0,0,0,0
165000000,93.0,1,5,2,0,3.1613564705882355,4.751600181255244,0,1,1,1,0,0,0,0,1,1,0,0,1,1,0,0,0,1,0,1
19000000,100.0,5,2,1,0,1.1267615425625477,3.1539217206699344,1,1,1,1,0,0,0,0,0,0,0,0,0,0,0,0,0,0,0,0
15000000,118.0,8,2,0,0,0.0,3.4721986086251917,0,1,0,1,0,0,0,0,0,0,0,1,0,0,0,0,0,0,0,1
1987650,94.0,4,3,0,0,0.0,6.169555892131063,0,1,1,1,0,0,0,0,0,0,0,1,0,0,0,0,0,0,0,0
20000000,104.0,5,3,0,0,0.0,2.6421926847892516,0,1,1,1,1,0,0,0,0,0,0,1,0,0,0,0,0,0,0,0
20000000,116.0,4,3,1,0,6.83056104,3.0128442715277775,0,1,1,1,0,0,0,0,0,0,0,1,0,0,1,0,0,0,0,0
3500000,103.0,3,2,0,0,0.0,0.0,0,0,0,1,0,0,0,0,0,0,0,0,0,1,1,0,0,0,0,0
20000000,94.0,1,3,2,0,9.736354472727273,7.707006941866883,0,1,1,0,0,0,0,1,0,0,1,0,0,0,0,0,0,1,0,1
14000000,89.0,1,2,8,1,3.4593089960931898,0.687286759047619,0,1,1,1,1,0,0,0,0,0,0,1,0,0,0,0,0,0,0,0
20000000,121.0,2,2,2,0,6.608784366666667,4.219515967989418,1,1,1,1,0,0,0,0,0,0,0,0,0,0,0,0,0,0,0,0
22000000,105.0,2,1,0,0,0.0,2.711263618178209,0,1,1,1,0,0,0,0,0,0,0,1,0,0,0,0,0,0,0,0
155000000,113.0,3,3,4,0,2.2449133337719296,4.350589632870371,0,1,1,0,1,0,1,0,1,0,0,0,1,1,0,0,0,0,0,1
2000000,108.0,3,3,0,0,0.0,0.0,0,1,1,0,1,0,0,0,0,0,0,0,0,0,1,0,0,0,0,0
20000000,104.0,2,2,0,0,0.0,0.0,0,1,1,1,0,0,0,0,0,0,0,0,0,0,0,0,0,0,0,0
25000000,99.0,5,3,0,0,0.0,2.2626914413199426,0,1,1,1,0,1,0,0,0,0,0,0,0,1,1,0,0,0,0,0
25000000,97.0,5,5,1,0,5.808547923076923,3.54672926133681,1,1,1,1,0,0,0,1,1,0,0,0,0,0,0,0,0,0,0,0
20000000,110.0,2,2,1,0,4.6915395,3.9448623393939397,0,1,1,1,0,1,0,0,0,0,0,1,0,1,0,0,0,0,0,0
110000000,100.0,4,3,5,0,2.434542658342994,2.4322496336421207,1,1,1,1,1,0,0,1,0,0,0,0,0,0,0,0,0,0,0,1
15000000,104.0,3,3,1,0,4.351942166666666,4.965717130279143,0,1,1,1,0,0,0,0,0,0,0,1,0,0,0,1,0,0,0,0
20000000,90.0,3,2,1,0,6.203057181818182,11.163293314781145,1,1,1,1,0,0,1,0,0,0,0,0,0,0,1,0,0,1,0,1
10000000,111.0,9,2,0,0,0.0,2.140242478125,0,1,0,1,0,0,0,0,0,0,0,1,0,0,0,0,0,0,0,0
20000000,101.0,4,3,1,0,0.9174575846153846,1.8706516323338978,0,1,1,0,0,0,0,1,0,0,0,0,0,0,1,0,0,0,0,0
200000000,140.0,4,2,11,2,2.4475650142640615,6.426851318349525,1,1,1,1,0,0,0,1,1,0,0,0,0,0,0,0,0,0,0,1
200000000,108.0,5,3,10,0,3.604094797515873,2.9695733131876043,1,1,1,1,0,0,0,0,1,0,0,0,1,1,0,0,0,1,0,1
1800000,87.0,3,3,0,0,0.0,0.0,0,1,1,1,1,0,0,0,0,0,0,1,0,0,1,0,0,0,0,0
200000000,124.0,1,3,4,1,2.9208232781936814,3.4193851975576006,0,1,1,1,0,0,0,1,1,0,0,0,0,0,0,1,0,0,0,1
150000000,116.0,2,4,4,0,12.431012765555556,2.7885162024349515,1,1,1,1,0,0,1,1,1,0,0,0,0,1,0,0,0,0,0,1
30000000,107.0,2,2,1,0,6.557247826086956,0.0,0,1,1,1,1,0,0,0,0,0,0,1,0,0,0,0,0,1,0,1
12000000,97.0,6,3,1,1,0.7403808666666667,1.798120139563492,1,1,0,1,0,0,0,1,1,0,0,1,0,0,0,0,0,0,0,0
8000000,101.0,1,2,1,1,7.01675,3.833672242139804,0,1,1,1,1,0,0,0,0,0,0,1,0,0,0,0,1,0,0,0
18000000,94.0,7,3,5,2,10.020512230333335,4.612760174881387,1,1,1,0,0,1,0,0,1,0,0,1,0,0,0,0,0,0,0,0
8000000,98.0,7,2,2,0,4.200908384987893,4.360357350318274,0,1,0,1,1,0,0,1,0,0,0,0,0,0,0,0,0,0,0,0
8000000,92.0,2,1,0,0,0.0,2.5704314572306397,0,1,1,1,0,0,0,0,0,0,0,0,0,0,0,0,0,0,0,0
10000000,100.0,5,1,1,0,1.04492665,0.0,0,1,1,0,0,1,0,0,0,0,0,0,0,0,0,1,0,0,0,0
22000000,108.0,2,2,5,0,7.48716906282737,1.5770565826688612,0,1,1,1,0,0,0,0,0,0,0,1,0,0,0,0,0,0,0,0
50000000,129.0,4,2,15,0,4.005143817232754,2.887929977085901,1,1,1,1,0,0,0,0,0,0,0,1,0,1,0,0,0,0,0,1
50000000,87.0,1,2,2,0,1.404718329090909,2.371428700983692,1,1,1,1,1,0,0,0,0,0,0,0,1,0,0,0,0,0,0,0
7000000,106.0,8,1,0,0,0.0,2.6352915475488885,0,1,1,1,0,0,0,0,0,0,0,1,0,0,0,0,0,0,0,0
7000000,108.0,4,1,0,0,0.0,1.7974748471136237,0,1,1,1,1,0,0,0,0,0,0,0,0,0,0,0,1,0,0,0
35000000,123.0,3,1,1,1,1.528810453333333,3.318272349861742,1,1,1,1,1,0,0,0,0,0,0,1,0,0,0,0,0,0,0,0
7000000,108.0,2,3,0,0,0.0,3.5216122713949845,0,1,1,0,0,0,0,0,0,0,0,0,0,0,0,0,1,0,0,0
6800000,130.0,3,3,0,0,0.0,0.0,0,1,0,1,0,0,0,0,0,0,0,1,0,0,0,0,0,0,0,0
80000000,102.0,3,1,4,0,3.354721621471292,2.3326289409743866,1,1,1,1,1,0,0,0,0,0,0,0,0,0,0,0,0,0,0,1
75000000,100.0,3,4,5,3,3.97431740212908,5.096289958005011,1,1,1,1,1,0,0,1,0,0,0,0,0,0,0,0,0,0,0,0
650000,98.0,3,5,0,0,0.0,8.849122920833333,0,1,1,1,0,0,0,1,0,0,0,1,0,0,1,1,0,0,0,0
9500000,104.0,3,3,1,0,3.3,2.87987402081793,0,1,1,1,0,0,0,0,0,0,0,1,0,0,0,0,1,0,0,0
52000000,92.0,8,3,2,1,4.935950151666667,5.301918124874808,0,1,0,1,0,0,0,1,0,0,0,0,0,0,0,0,0,0,0,0
52000000,125.0,3,2,5,3,9.066775174444015,2.9522967409865735,0,1,1,1,0,0,0,0,0,0,0,0,0,0,0,0,0,0,0,1
967686,101.0,4,3,0,0,0.0,0.0,0,1,0,1,0,0,0,0,0,0,0,1,0,0,0,0,0,0,0,0
112000000,85.0,4,1,0,0,3.5385283266666665,2.782248059568778,1,1,1,0,0,1,0,0,0,0,0,0,0,0,0,0,0,1,0,1
125000000,106.0,5,3,4,0,1.7438064069890875,5.136829649907425,1,1,1,1,0,0,0,1,1,0,0,0,0,1,0,0,0,1,0,1
32000000,111.0,4,4,0,0,0.0,3.0047669001014614,1,1,1,1,0,0,0,1,0,0,0,0,0,0,0,1,0,0,0,0
44000000,99.0,3,1,2,0,3.6721016222222223,2.780963866549708,1,1,1,0,0,0,0,0,0,0,0,1,0,0,0,0,0,0,0,0
100000000,103.0,11,3,1,0,35.0,2.1313033115376965,1,1,1,1,0,1,0,1,0,0,0,0,0,0,0,0,0,0,0,1
120000000,121.0,3,3,2,0,3.4857886537500002,2.9168376797465,1,1,1,1,0,1,0,0,0,0,0,1,0,0,0,0,0,0,0,0
25000000,116.0,1,1,2,0,1.770174142857143,2.4100091500360636,1,1,1,1,0,1,0,0,0,0,0,1,0,0,0,0,0,0,0,0
117000000,109.0,5,2,4,3,3.4827543460497834,4.283830125740294,1,1,1,1,1,0,0,1,0,0,0,0,0,0,0,0,0,0,0,1
32000000,107.0,1,4,0,0,0.0,4.416051346382494,0,1,1,1,1,0,0,1,0,0,0,1,0,0,0,0,0,0,0,0
2500000,96.0,3,3,0,0,0.0,4.1698763670227645,0,1,1,1,0,0,0,1,0,0,0,1,0,0,0,0,0,0,0,0
32000000,102.0,2,3,0,0,0.0,5.079837500454003,0,1,1,1,0,0,0,0,0,0,0,1,0,0,0,0,0,0,0,0
35000000,109.0,5,2,0,0,0.0,3.8193191628599883,1,1,1,1,0,0,0,0,0,0,0,0,0,1,0,0,0,0,0,0
35000000,92.0,5,1,2,0,4.413190508305648,4.029490800996918,0,1,1,1,0,0,0,0,0,0,0,0,0,0,0,0,0,0,0,0
2000000,100.0,2,1,0,0,0.0,0.0,0,1,1,1,1,0,0,0,0,0,0,1,0,0,0,0,0,0,0,0
10000000,80.0,4,3,1,0,3.40461825,2.1831339354166666,1,1,1,1,0,0,0,0,0,0,0,0,0,0,1,0,0,0,0,0
100000000,107.0,2,3,3,0,2.56743958443855,2.059925449718088,1,1,1,1,1,0,0,1,0,0,0,0,0,0,0,0,0,0,0,1
2000000,109.0,2,1,1,0,0.7158115,3.7300146649481363,1,1,1,1,0,0,0,0,0,0,1,0,0,0,0,0,0,0,0,0
35000000,106.0,2,2,0,0,0.0,2.0470396996610574,0,1,1,1,0,0,0,0,0,0,0,0,0,0,0,0,0,0,0,0
100000000,98.0,6,2,2,0,6.8299505633281345,3.350632168863626,1,1,1,1,0,1,0,0,0,0,0,0,0,0,0,0,0,0,0,1
38000000,110.0,4,3,6,5,3.4278632284490924,2.8164160572920705,1,1,1,1,0,1,0,0,1,0,0,1,0,0,0,0,0,0,0,1
55000000,119.0,1,2,0,0,0.0,2.6598196701923076,0,1,1,1,0,1,0,0,0,0,0,1,0,0,0,0,0,0,0,0
55000000,97.0,3,1,5,0,4.3811455427777775,2.9783186245766338,1,1,1,1,0,0,0,0,0,0,0,0,0,0,0,0,0,0,0,1
12000000,131.0,13,1,0,0,0.0,9.779602291666668,0,0,0,0,0,1,0,0,0,0,0,0,0,0,0,1,0,0,0,0
5000000,77.0,2,1,0,0,0.0,0.0,0,1,0,0,0,0,1,0,0,0,1,0,0,0,0,0,0,1,0,0
37000000,125.0,4,3,0,0,0.0,4.268697335057406,1,1,1,1,0,0,0,0,0,0,0,1,0,0,0,0,0,0,0,1
10000000,90.0,1,3,0,0,0.0,2.1931933603102767,0,1,1,1,0,0,0,1,1,0,0,0,0,0,0,0,0,0,0,0
100000000,146.0,4,3,0,0,0.0,1.1551637009217584,0,1,1,1,0,0,0,0,0,0,0,1,0,0,0,0,0,0,0,1
3000000,93.0,4,1,0,0,0.274661,0.0,0,1,1,1,0,0,0,0,0,0,1,0,0,0,0,0,1,0,0,0
95000000,118.0,8,3,7,0,11.769338106031745,1.5583844939393938,0,1,1,0,0,0,1,0,1,0,0,0,1,1,0,0,0,0,0,1
100000000,98.0,5,2,11,0,4.8974092255966335,1.9928998195607581,1,1,1,0,0,1,0,1,0,0,0,0,0,0,0,0,0,0,0,1
7000000,110.0,1,3,0,0,0.0,0.0,0,0,0,1,0,0,0,0,0,0,0,1,0,0,0,0,0,0,0,0
40000000,102.0,2,3,2,0,5.386861798412698,9.48340324186488,0,1,1,1,0,0,0,0,0,0,0,1,0,0,0,0,0,0,0,0
40000000,107.0,4,4,1,0,1.14711105,1.8273237530454844,1,1,1,0,1,0,1,1,1,0,0,0,0,0,0,1,0,0,1,1
9000000,130.0,3,1,0,0,0.0,1.4531385872369527,0,1,1,1,0,0,0,0,0,0,0,1,0,0,0,0,0,0,0,0
40000000,109.0,4,1,1,0,3.5057705,3.0076969344594593,1,1,1,1,1,0,0,0,0,0,0,0,0,0,0,0,0,0,0,0
90000000,110.0,4,3,1,0,1.1528838909090908,1.1029316474323363,0,1,0,1,0,1,1,1,0,0,0,0,1,1,0,0,0,0,0,0
12000000,145.0,3,2,1,0,2.2972972972972974,3.2476000772200773,0,1,1,1,0,0,0,0,0,0,0,1,0,0,0,0,0,0,0,0
45000000,128.0,4,2,4,2,4.061370463693609,3.6498681326996114,0,1,1,0,0,0,0,0,0,0,0,0,0,0,0,0,0,0,0,0
80000000,138.0,4,3,13,2,3.885238564466941,2.5163622724903085,1,1,1,1,0,0,0,0,0,0,0,1,0,0,0,0,0,0,0,1
40000000,110.0,4,1,4,0,3.8488712108974354,2.8385138294782077,1,1,1,1,0,0,0,1,0,0,0,0,0,0,0,0,0,0,0,1
60000000,97.0,3,4,6,0,2.438809811476672,2.2094167105124787,0,1,1,1,0,0,1,1,1,0,0,0,0,0,1,1,0,1,0,1
100000000,115.0,5,5,3,1,5.086156135873016,2.8184733797392556,1,1,1,1,0,0,0,1,1,0,0,1,0,0,0,0,0,0,0,0
30000000,107.0,1,3,8,5,16.650135226474564,2.3317158669068823,1,1,1,1,0,0,0,1,0,0,0,0,0,0,0,0,0,0,0,0
10000000,106.0,3,2,0,0,0.0,3.6557011330846483,0,1,1,0,0,0,0,0,0,0,0,1,0,0,0,0,1,0,0,0
5000000,97.0,2,3,0,0,0.0,4.226068660103891,0,1,1,1,0,0,0,0,0,0,0,1,0,0,0,0,1,0,0,0
80000000,97.0,4,4,3,0,3.8607842965201464,0.4332534683257918,1,1,1,1,1,0,1,0,1,1,0,0,1,1,0,0,0,0,0,1
5000000,91.0,1,1,1,0,2.5895185,3.215185538152261,0,1,1,1,0,1,0,0,0,0,0,1,0,0,0,0,0,0,0,0
5000000,89.0,1,2,0,0,0.0,1.9451386115384617,0,1,1,0,0,0,0,0,0,0,0,0,0,0,1,0,0,0,0,0
60000000,133.0,3,1,1,0,0.5629081666666667,3.473222041046786,1,1,1,1,1,0,0,0,0,0,0,1,0,0,0,0,0,0,0,1
58000000,111.0,4,5,2,2,3.328611473426573,2.5922643937134686,0,1,1,0,0,0,0,1,1,0,0,0,0,0,0,0,0,0,0,0
80000000,80.0,5,4,1,0,2.2600457777777776,4.57591489984825,1,1,1,1,0,1,0,0,1,1,0,0,1,0,0,0,0,1,0,1
4500000,104.0,3,4,0,0,0.0,3.708583694526054,0,1,1,1,0,0,0,0,0,0,0,1,0,0,1,0,0,0,0,0
69000000,95.0,2,2,0,0,0.0,2.8941081455025857,1,1,1,1,1,0,0,0,0,1,0,0,1,0,0,0,0,1,0,1
65000000,95.0,3,2,5,1,5.592431443809524,3.654269422422208,1,1,1,1,0,1,0,0,0,0,0,1,0,0,0,0,0,0,0,1
80000000,117.0,4,4,5,4,3.494950469856019,4.531325694729547,1,1,1,0,0,0,0,0,0,0,0,1,0,0,0,0,0,0,0,0
3500000,106.0,8,2,0,0,0.0,2.7230636565305844,0,1,1,1,1,0,0,0,0,0,0,1,0,0,0,0,0,0,0,0
70000000,133.0,4,2,11,0,4.672219253198372,3.399481401574125,1,1,1,1,0,0,1,0,0,0,0,1,0,0,0,0,0,0,0,1
69000000,114.0,6,1,6,0,5.169474519080688,4.108789049283779,1,1,1,1,1,0,0,0,0,0,0,0,0,0,0,0,0,0,0,0
36000000,101.0,3,3,0,0,0.0,4.564834084433789,0,1,1,1,0,0,0,0,1,0,0,0,0,0,0,1,0,0,0,0
80000000,118.0,2,3,2,0,5.050830214285714,2.5059362923852166,0,1,1,0,0,0,0,1,0,0,0,0,0,0,0,1,0,0,0,1
47000000,80.0,1,5,0,0,0.0,3.173063477636323,1,1,1,1,1,0,0,1,0,0,0,1,0,1,0,0,0,0,0,0
68000000,124.0,5,4,2,0,4.9543323570175435,8.322873414721244,0,1,1,1,1,0,1,0,1,0,0,1,0,1,0,0,0,0,0,1
125000000,129.0,5,4,5,1,3.7110452007407404,2.102563860917882,1,1,1,1,0,1,1,1,1,0,0,0,0,0,0,0,0,0,0,1
125000,90.0,1,2,0,0,0.0,3.1798330649999995,0,1,1,1,0,0,0,0,0,0,0,1,0,0,0,0,0,0,0,0
125000000,130.0,3,3,1,1,1.864332847058824,2.2521820676995183,1,1,1,1,0,0,0,1,0,0,0,0,0,0,0,0,0,0,0,1
19000000,89.0,0,5,0,0,0.0,14.10132884107927,0,1,0,0,0,0,0,1,1,1,0,0,1,0,0,0,0,0,0,0
20000000,113.0,4,2,13,0,1.9930150460117788,1.8576888216496268,0,1,1,0,0,0,0,0,0,0,0,1,0,0,0,0,0,0,0,0
63000000,95.0,2,3,3,1,2.714199877777778,3.484237164433817,1,1,0,1,0,0,0,0,0,1,0,0,1,0,0,0,0,0,0,1
18000000,106.0,5,2,1,0,0.9911676,3.4420783048657695,0,1,1,1,0,0,0,1,0,0,0,1,0,0,0,0,0,0,0,0
12000000,94.0,3,2,3,2,13.738687955555555,6.337391321483797,1,1,1,1,0,1,0,0,0,0,0,1,0,0,0,0,0,0,0,0
4798235,107.0,5,2,0,0,0.0,3.060641375575379,0,1,0,0,1,0,0,0,0,0,0,0,0,0,1,0,0,0,0,0
21000000,99.0,2,2,2,0,0.5554684833763552,5.046699866666667,0,1,1,1,0,0,1,0,0,0,0,0,1,0,0,0,0,0,0,0
32000000,93.0,2,3,1,0,1.9520208,2.415603839709863,0,1,1,1,0,0,0,0,0,0,0,0,0,0,0,1,0,0,0,1
120000000,119.0,3,3,2,0,3.7595523166666664,4.006073805617284,1,1,1,1,0,0,0,1,0,0,0,0,0,0,0,0,0,0,0,1
32000000,107.0,7,3,1,0,3.45647655,3.103028089538644,1,1,1,1,0,0,1,1,0,0,0,0,0,0,0,0,0,0,1,0
19000000,97.0,4,3,1,0,0.06031,3.2684108348645147,0,1,1,1,0,0,0,0,0,0,0,1,0,0,0,0,0,0,0,0
32500000,125.0,3,2,0,0,0.0,4.678861233278867,1,1,1,1,0,0,0,0,0,0,0,0,0,0,0,0,0,0,0,1
60000000,106.0,5,3,11,8,2.541140482849079,3.420416204590928,1,1,1,1,0,0,0,0,0,0,0,1,0,0,0,1,0,0,0,1
30000000,98.0,3,3,0,0,0.0,5.242880016632018,1,1,1,1,1,0,0,0,0,0,0,1,0,0,0,0,0,0,0,0
30000000,94.0,5,3,9,0,6.282774494444444,2.731098557644127,0,1,1,1,0,0,0,0,0,0,0,0,0,1,0,0,0,0,0,1
110000000,103.0,3,5,3,0,5.514761407142857,3.867302842121329,1,1,1,1,1,0,0,0,1,1,0,0,1,1,0,0,0,0,0,1
36000000,105.0,2,1,8,1,5.1743922019105,1.2058652851072857,0,1,1,1,0,0,0,0,0,0,0,0,0,0,0,0,0,0,0,0
35000000,112.0,3,3,2,0,2.534876887272728,3.187518872392445,0,1,1,1,0,0,0,0,0,0,0,1,0,0,0,0,0,0,0,0
100000,92.0,1,2,0,0,0.0,0.0,0,1,1,1,1,0,0,0,0,0,0,1,0,0,0,1,0,0,0,0
30000000,86.0,1,3,0,0,0.0,2.611538475968443,0,1,1,1,0,0,1,0,0,1,0,0,1,0,0,0,0,0,1,0
20000000,92.0,2,1,2,0,0.4597073857142857,3.6150545288700258,1,1,1,1,0,0,0,0,0,0,0,0,0,0,0,0,0,0,0,1
200000,101.0,1,1,0,0,0.0,0.0,0,1,1,1,0,0,0,0,0,0,0,1,0,0,0,0,0,0,0,0
110000000,127.0,9,3,6,0,4.112360315951178,2.566335245257855,0,1,1,1,0,0,0,1,0,0,0,1,0,0,0,1,0,0,0,1
35000000,137.0,3,3,16,8,3.8863193724057066,2.6063671493569105,0,1,1,1,0,1,0,0,0,0,0,1,0,0,0,0,0,0,0,0
130000000,107.0,7,3,22,0,12.90673395713759,5.069814158111218,1,1,1,1,0,0,0,0,1,1,0,0,0,0,0,0,0,1,0,1
40000000,109.0,3,3,2,0,0.4613031924603174,4.105442448839423,0,1,1,1,0,0,0,1,0,0,0,0,0,0,0,1,0,0,0,1
30000000,125.0,1,5,0,0,0.0,2.0259531251579186,0,1,0,1,1,0,0,1,1,0,0,1,0,0,0,0,0,0,0,0
380000000,136.0,3,3,3,0,3.1329401260076257,2.000464964596231,1,1,1,1,0,0,1,1,1,0,0,0,0,1,0,0,0,1,0,1
10000000,124.0,2,2,3,0,4.9814100240935675,3.5897731354566313,0,1,1,1,0,1,0,0,0,0,0,1,0,0,0,0,0,0,0,1
20000000,106.0,3,2,0,0,0.0,3.0390092995052043,0,1,1,1,0,0,0,0,0,0,0,0,0,0,0,0,0,0,0,0
35000000,109.0,3,2,1,0,9.369038125,6.295651615205322,0,1,1,1,1,0,0,0,0,0,0,0,0,0,0,0,0,0,0,1
2000000,109.0,0,2,0,0,0.0,2.680357974681561,0,1,1,1,1,0,0,0,0,0,0,1,0,0,0,0,1,0,0,0
17000000,86.0,3,3,0,0,0.0,1.5123435625,0,1,1,1,0,0,0,0,0,0,0,1,0,1,0,0,0,0,0,0
130000000,90.0,1,5,1,0,4.99348853125,2.914307916979602,0,1,1,0,0,0,0,1,1,1,0,0,1,1,0,0,0,0,0,1
20000000,107.0,3,6,1,0,2.8120292647058824,1.1286147238842879,0,1,1,1,0,0,1,1,0,0,0,0,0,0,1,1,0,0,0,0
35000000,98.0,2,2,1,0,1.0406247729166667,2.1980428899603233,0,1,1,1,1,0,0,0,0,0,0,0,0,0,0,0,0,0,0,1
30000000,89.0,5,4,0,0,0.0,1.515673997222222,0,1,1,1,0,1,0,1,0,0,0,0,0,0,1,1,0,0,0,0
15000000,99.0,6,2,5,3,1.1183318595574954,3.2235552128717693,0,1,0,1,0,0,0,0,0,0,0,1,0,0,0,0,0,0,0,0
1000000,129.0,5,1,2,0,69.45515798863636,69.45515798863636,0,1,1,1,0,0,0,0,0,0,0,1,0,0,0,0,0,0,0,0
13000000,105.0,3,3,2,0,5.933487396376812,3.255342060952381,0,1,1,1,0,0,1,0,0,0,1,0,1,0,0,0,0,0,0,0
57000000,95.0,7,3,3,1,2.0407288,2.391762405584368,1,1,1,1,0,1,1,1,0,0,0,0,0,1,0,0,0,0,0,1
7700000,123.0,11,2,0,0,0.0,2.695285671833073,0,1,1,0,0,0,0,0,0,0,0,1,0,0,0,0,0,0,0,0
145000000,133.0,6,3,2,0,3.7841667780952384,4.363394402637777,1,1,1,1,0,1,1,1,1,0,0,0,0,0,0,0,0,0,1,1
70000000,111.0,4,2,8,3,4.651619000281323,3.44459302246569,1,1,1,1,0,0,0,0,0,0,0,1,0,0,0,0,0,0,0,0
3000000,112.0,7,1,1,0,4.165239708333333,5.9312982732404675,0,1,1,0,0,0,0,0,0,0,0,0,0,0,0,1,0,0,0,0
37000000,113.0,2,2,1,0,7.714833,3.337734522548376,0,1,1,1,0,0,0,0,0,0,0,1,1,0,0,0,0,0,0,0
28000000,83.0,1,3,1,0,4.338617881355932,2.929711875506408,1,1,1,1,1,0,0,1,1,0,0,0,0,0,0,0,0,0,0,0
135000000,107.0,5,5,5,0,3.2856390504210524,2.9853209743011977,1,1,1,1,0,0,0,0,1,1,0,0,1,0,0,0,0,0,0,1
140000000,124.0,1,3,2,2,2.5232097715053765,2.7859586754981476,0,1,1,1,1,0,1,1,1,0,0,0,0,0,0,1,0,1,0,1
6400000,99.0,5,1,0,0,0.0,2.509048979530463,0,1,0,1,0,0,0,0,0,0,0,1,0,0,0,0,0,0,0,0
5000000,83.0,4,1,0,0,0.0,65.58417965530302,1,1,1,1,0,0,1,0,0,0,0,0,0,0,1,0,0,0,1,1
60000000,87.0,5,5,1,0,2.6122560769230767,1.7859658378244905,0,1,1,1,0,0,0,1,0,0,0,0,0,1,1,1,0,0,0,0
130000000,100.0,4,3,5,0,15.79981699445379,5.726588746911009,1,1,0,1,0,1,0,0,0,1,0,0,1,0,0,0,0,1,0,1
94000000,145.0,3,3,1,0,5.722401032258064,2.4121902999385787,0,1,0,1,0,1,0,0,0,0,0,1,0,0,0,0,0,0,0,0
17000000,106.0,1,2,1,0,0.9411385833333332,5.450464014286809,0,1,1,1,1,0,0,0,0,0,0,0,0,0,1,0,0,0,0,0
66000000,116.0,9,3,0,0,0.0,2.8668537732987556,0,1,1,0,0,0,0,1,1,0,0,0,0,0,0,0,0,0,0,0
6000000,97.0,2,1,0,0,0.0,6.648099599603259,0,1,1,1,0,0,0,0,0,0,0,1,0,0,0,0,0,0,0,0
10000000,98.0,5,1,4,1,10.612461075656565,0.0,0,1,1,0,1,0,0,0,0,0,0,1,0,0,0,0,0,0,0,0
134005,104.0,1,2,4,0,1.703167311838886,1.291986493299025,0,1,0,1,1,0,0,0,0,0,0,1,0,0,0,0,0,0,0,0
150000000,91.0,1,2,0,0,0.0,2.9364706731202737,0,1,1,1,0,0,0,0,0,1,0,0,1,0,0,0,0,0,0,1
30000000,111.0,4,3,3,0,3.0547501309523812,1.2988459246138715,0,1,1,1,0,0,0,1,1,0,0,0,0,0,0,0,0,0,0,0
2000000,85.0,2,2,1,0,71.99768197727272,0.0,0,1,1,0,0,0,0,0,0,0,0,0,0,0,1,0,0,0,0,0
5000000,120.0,4,2,0,0,0.0,1.4665064348214285,0,1,1,1,0,1,0,0,0,0,0,1,0,0,0,0,0,0,0,0
5000000,86.0,3,3,0,0,0.0,0.0,0,1,1,1,1,0,0,0,0,0,0,0,0,0,1,1,0,0,0,0
10000000,127.0,1,3,0,0,0.0,0.0,0,1,1,1,0,1,0,0,0,0,0,1,0,0,0,0,0,0,0,0
20000000,115.0,3,2,2,1,3.5817853620726496,2.6754044487477118,0,1,1,1,0,0,0,0,0,0,0,1,0,0,0,0,0,0,0,1
37000000,114.0,7,3,2,0,3.1999345963636365,2.712877648762814,0,1,1,1,0,0,0,0,0,0,0,1,0,0,1,0,0,0,0,0
250000,90.0,5,2,0,0,0.0,2.7505189814784945,1,1,1,1,0,0,0,0,0,0,0,1,0,0,0,0,0,0,0,0
8000,96.0,4,2,0,0,0.0,0.0,0,1,0,1,0,0,0,0,0,0,0,1,0,0,0,0,1,0,0,0
66000000,146.0,4,2,23,11,12.469966283750338,1.4299452777777777,0,1,1,1,0,1,0,0,0,0,0,1,0,0,0,0,0,0,0,1
150000000,88.0,1,3,2,0,2.334830121428571,2.4083903555777755,1,1,1,1,0,0,0,0,1,1,0,0,1,0,0,0,0,0,0,0
70000000,116.0,3,2,0,0,0.0,2.318458579635689,1,1,1,1,0,0,1,1,0,0,0,0,0,0,0,1,0,0,0,1
14350531,88.0,3,3,0,0,0.0,7.112164583333334,0,1,0,1,0,0,0,1,0,0,0,0,0,0,0,1,0,0,0,0
27000000,89.0,1,3,13,6,2.9996748955367147,2.419223908909567,0,1,1,1,1,0,1,1,0,0,0,0,1,0,0,0,0,0,0,0
10000000,83.0,1,2,0,0,0.0,4.968486670740398,0,1,1,0,0,0,0,0,0,0,0,1,0,0,0,0,0,0,0,0
3000000,86.0,4,3,0,0,0.3736999552238806,1.53359625,0,1,1,1,0,0,0,1,0,0,0,0,0,0,0,0,0,0,0,0
38000000,120.0,5,2,1,0,3.902326733333333,6.142693426088516,0,1,1,1,0,0,0,0,0,0,0,1,0,0,0,0,0,0,0,1
93000000,105.0,7,4,0,0,0.0,10.52111855089637,1,1,1,1,1,0,0,1,0,0,0,1,0,0,0,1,0,0,0,1
30000000,130.0,2,3,4,0,5.263148013810605,1.2203038416395153,1,1,0,1,0,0,0,0,0,0,0,1,0,0,0,0,0,0,0,0
35000000,106.0,6,3,6,1,3.3569254163827384,5.6849345805579325,1,1,1,1,0,0,0,1,0,0,0,0,0,0,0,0,0,0,0,0
10000000,102.0,4,3,5,1,15.87883349813131,2.7551659784065397,0,1,1,1,0,0,0,0,0,0,0,1,0,0,0,0,0,0,0,0
30000000,108.0,6,2,0,0,0.0,2.191791406561086,1,1,1,1,0,0,0,1,0,0,0,0,0,0,0,0,0,0,0,1
40000000,129.0,3,1,3,0,9.0652553375,5.123747753303231,1,1,1,1,0,1,0,0,0,0,0,1,0,0,0,0,0,0,0,0
25000000,107.0,3,2,4,0,9.694415552380953,3.3085556669703418,0,1,1,1,0,0,0,0,0,0,0,0,0,0,0,0,0,0,0,1
40000000,108.0,6,4,0,0,0.0,3.9343180278564733,0,1,0,1,1,0,0,1,0,0,0,1,0,0,0,0,0,0,0,0
25000000,146.0,6,1,0,0,0.0,4.620664201666666,0,1,1,1,1,0,0,0,0,0,0,1,0,0,0,0,0,0,0,1
75000000,110.0,5,3,7,1,2.8052371812657193,2.402373217380148,0,1,1,1,1,0,0,1,1,0,0,0,0,0,0,0,0,1,0,1
7400000,136.0,19,2,2,0,1.587509991747359,2.7325567024146267,0,1,0,0,0,0,0,0,0,0,0,1,0,0,0,1,0,0,0,0
82000000,110.0,4,3,4,2,3.33331756614011,0.5650421195889894,1,1,1,1,0,0,0,1,0,0,0,0,0,1,0,0,0,0,0,0
200000000,106.0,2,4,3,0,6.213779094444445,2.057809442731763,1,1,1,1,1,0,1,0,1,1,0,0,1,0,0,0,0,0,1,1
28000000,91.0,1,2,4,0,3.067119894635781,0.8966049411796536,0,1,1,1,0,0,0,0,0,0,0,0,0,0,1,0,0,0,0,0
50000000,109.0,4,4,3,0,2.7171443819444447,1.4581736002458257,0,1,1,1,0,0,0,1,1,0,0,0,0,0,0,1,0,0,0,1
930000,100.0,2,1,0,0,0.0,1.212202065721548,0,1,1,1,1,0,0,0,0,0,0,0,0,0,0,0,0,0,0,0
45000000,103.0,1,3,0,0,0.0,4.488634919371806,1,1,1,1,0,1,0,0,0,0,0,0,1,0,0,0,0,0,0,1
23000000,93.0,2,2,10,7,2.6501562441774653,2.0999956225395664,0,1,1,1,0,1,0,1,0,0,0,0,0,0,0,0,0,0,0,0
8000000,113.0,1,1,0,0,0.0,4.857793039589169,0,1,0,1,0,1,0,0,0,0,0,1,0,0,0,0,0,0,0,0
3500000,107.0,4,2,0,0,0.0,2.7064620972009,0,1,1,1,0,0,0,0,0,0,0,1,0,0,0,0,0,0,0,0
80000000,117.0,2,2,5,1,3.3623527696770337,2.485575463421048,1,1,1,1,0,0,0,0,0,0,0,0,0,0,0,0,0,0,0,1
195000000,154.0,4,3,8,1,4.097122683920137,2.091399280055873,1,1,1,1,1,0,1,1,1,0,0,0,0,0,0,1,0,0,0,1
1100000,101.0,3,3,0,0,0.0,0.0,0,0,1,1,0,0,0,1,0,0,0,0,0,0,0,0,0,0,0,0
20000000,109.0,6,3,0,0,0.0,3.427280177777778,0,1,1,0,1,0,0,0,1,0,0,0,0,0,0,0,0,0,0,0
40000000,119.0,3,3,0,0,0.0,2.6529256710204474,1,1,1,1,0,0,0,0,0,0,0,1,0,0,0,0,0,0,0,0
30000000,113.0,7,3,2,0,1.8994827875000002,2.7709926796714965,0,1,0,1,0,0,0,1,0,0,0,0,0,0,0,0,0,0,0,1
19100000,109.0,3,5,3,0,2.0076831738095238,3.113790346153846,0,1,0,0,0,0,0,1,0,0,0,1,0,0,0,0,0,0,0,0
14000000,149.0,4,1,0,0,0.0,2.9419769484680094,0,1,1,1,0,0,0,0,0,0,0,1,0,0,0,0,0,0,0,0
40000000,104.0,4,3,2,0,3.9399689131578945,4.112498686772924,1,1,1,1,0,0,0,0,1,0,0,0,0,0,0,1,0,0,0,0
90000000,158.0,6,4,8,2,3.768571439391268,3.489520112176133,1,1,1,1,0,1,0,0,0,0,0,1,0,0,0,0,0,0,0,1
150000000,115.0,1,3,0,0,0.0,2.6191471189060276,0,1,1,1,0,0,0,1,1,0,0,0,0,1,0,0,0,1,0,1
55000000,94.0,4,2,5,0,3.2315344326894477,2.587097376774814,1,1,1,1,1,0,0,0,0,0,0,0,1,0,0,0,0,0,0,1
75000000,104.0,4,2,5,3,2.3188170168009767,3.045547826289848,1,1,1,1,0,1,0,1,0,0,0,0,0,0,0,0,0,0,0,1
15000000,100.0,7,3,0,0,0.0,4.154151708164296,0,0,0,1,0,0,0,0,0,0,0,1,0,0,0,0,0,0,0,1
79000000,91.0,3,1,6,0,3.2497073226475286,3.220099231646269,1,1,1,1,0,1,0,0,0,0,0,0,0,0,0,0,0,0,0,1
900000,97.0,1,1,0,0,0.0,0.0,0,1,1,1,0,0,0,0,0,0,1,0,0,0,0,0,0,0,0,0
4000000,88.0,3,3,9,6,15.005986142051464,4.680970822071966,0,1,1,0,1,0,0,1,0,0,0,0,0,0,1,0,0,0,0,0
16000000,91.0,2,3,0,0,0.0,1.3534937598484849,0,1,1,1,0,0,0,0,0,0,0,1,0,0,1,0,0,0,0,0
75000000,110.0,2,3,1,0,3.1562376666666667,1.730053484925263,0,1,1,1,0,1,0,1,0,0,0,1,0,1,0,0,0,0,0,1
40000000,111.0,1,2,9,2,4.440848501458486,5.3185115859493095,0,1,1,1,0,0,0,0,0,0,0,0,0,0,1,0,0,0,0,0
9000000,84.0,3,3,0,0,0.0,3.961195882369752,1,1,1,1,1,0,1,0,0,0,1,0,1,0,0,0,0,0,0,0
90000000,96.0,2,4,2,0,7.196598471481482,3.494132314229823,1,1,1,1,0,0,0,0,1,1,0,0,1,0,0,0,0,0,0,1
47000000,92.0,3,2,0,0,0.0,0.0,0,1,1,1,1,0,0,0,0,0,0,0,0,0,1,0,0,1,0,1
13000000,105.0,8,2,1,0,11.72772378846154,3.7515117544956884,0,1,0,1,0,1,0,0,0,0,0,1,0,0,0,0,0,0,0,1
6000000,96.0,7,4,0,0,0.0,2.7983209761039602,0,1,0,1,1,0,0,1,0,0,0,0,0,0,0,0,0,0,0,0
12500000,101.0,5,1,3,0,3.2041734578544063,2.8382348649446207,0,1,1,1,0,0,0,0,0,0,0,1,0,0,0,0,0,0,0,0
25000000,81.0,3,1,1,1,3.763883074074074,1.9127682521531533,1,1,1,0,0,1,0,0,0,0,0,0,0,0,0,0,0,0,0,0
750000,102.0,2,2,0,0,0.0,5.507887900316351,0,1,1,1,0,1,0,0,0,0,0,0,0,0,1,0,0,0,0,0
80000000,102.0,4,1,6,0,5.20338729035409,7.528655011129424,1,1,1,1,0,0,0,0,0,0,0,0,0,0,0,0,0,0,0,1
4000000,99.0,3,4,0,0,0.0,3.2973297429824564,0,1,0,0,0,0,0,1,1,0,0,0,0,0,0,0,0,0,0,0
42000000,100.0,3,3,3,0,4.482753305045045,4.364624000390683,1,1,1,1,0,0,0,0,0,0,0,0,0,1,1,0,0,0,0,0
8000000,104.0,2,1,1,0,0.8254590909090909,0.0,1,1,1,1,0,0,0,0,0,0,0,0,0,0,0,0,0,0,0,0
75000000,87.0,1,5,3,0,3.627976772311349,7.417603588398692,0,1,1,1,0,1,1,0,0,1,0,0,1,1,0,0,0,0,1,1
50000000,124.0,4,3,4,0,2.541169448544892,4.764756183643615,1,1,1,1,0,1,0,0,0,0,0,1,1,0,0,0,0,0,0,1
50000000,118.0,1,3,1,0,0.8193873076923077,3.3992311963544783,1,1,1,1,1,0,0,0,0,0,0,1,0,0,0,0,0,0,0,1
40000000,93.0,5,3,4,0,3.083779453913044,1.70499312407925,0,1,1,1,0,0,0,1,0,0,0,0,0,0,0,0,0,0,0,0
30000000,77.0,2,2,0,0,0.0,1.7178908066666667,1,1,1,1,0,0,0,0,0,1,0,0,1,0,0,0,0,0,0,0
24000000,89.0,1,2,1,0,0.0885638461538461,2.7678012320516014,0,1,1,1,0,0,0,0,0,0,0,0,0,0,0,0,0,0,0,0
50000000,133.0,2,1,1,0,7.012118571428571,3.2169244044570333,1,1,1,1,0,0,0,0,0,0,0,1,0,0,0,0,0,0,0,1
4000000,119.0,1,2,0,0,0.0,1.4390019741518467,0,1,1,0,0,1,0,0,0,0,0,1,0,0,0,0,0,0,0,0
25000000,80.0,11,2,5,3,3.516751028732665,3.4691560350233615,0,1,0,1,0,0,0,0,0,0,0,1,0,0,0,0,0,0,0,0
30000000,129.0,11,3,5,5,4.856146105,2.5281699375115685,0,1,1,1,0,0,0,1,0,0,0,0,0,0,0,0,0,0,0,0
32000000,139.0,3,2,2,1,1.4524582134615385,3.1641498587797265,0,1,1,1,0,0,0,0,0,0,0,1,0,1,0,0,1,0,0,0
10000000,90.0,4,2,1,0,0.13514,2.37578180399667,0,1,1,1,1,0,0,0,0,0,0,1,0,0,0,0,0,0,0,0
500000,95.0,2,3,1,0,0.3205950243652218,0.06031,0,1,0,1,0,0,0,0,0,0,0,0,0,0,1,0,0,0,0,0
45000000,101.0,1,5,1,0,1.3239422142857142,3.995433487782357,1,1,0,1,0,0,1,1,1,0,0,0,0,0,0,0,0,0,1,1
200000000,114.0,3,4,6,0,3.0685031811300156,4.28353547902463,1,1,1,1,1,0,0,1,1,0,0,0,0,0,0,1,0,1,0,1
56000000,118.0,1,2,6,0,8.249510254344372,4.210578830597394,0,1,1,0,0,1,0,0,0,0,0,0,0,0,0,0,0,0,0,1
41000000,100.0,6,1,2,0,6.6990354285714275,2.293061205961157,0,1,1,0,0,0,0,0,0,0,0,0,0,0,0,0,0,0,0,0
50000000,112.0,4,3,2,0,2.611768193333333,0.1797662111111111,1,1,1,1,1,0,0,0,0,0,0,0,0,0,0,1,0,0,0,1
50000000,105.0,5,4,2,1,3.9471156654761907,1.943538876637473,0,1,1,1,0,0,0,1,0,0,0,0,0,1,0,0,0,0,0,0
170000000,126.0,3,3,14,3,3.870939555397874,4.379907407611183,1,1,1,1,0,1,0,0,1,0,0,1,1,0,0,0,0,1,0,1
15000000,100.0,6,4,1,0,9.829182608695652,2.286985046422449,1,1,1,1,1,0,0,1,0,0,0,1,0,0,0,0,1,0,0,0
7000000,112.0,2,2,0,0,0.0,2.347005981541244,0,1,1,1,0,0,0,0,0,0,0,1,0,0,0,0,0,0,0,0
50000000,84.0,2,3,2,0,1.413576773076923,1.7561744532854453,0,1,1,0,0,0,0,0,0,0,0,1,0,0,0,0,0,0,0,0
21000000,91.0,4,1,0,0,0.0,7.796868707183582,0,1,1,1,0,0,0,0,0,0,0,1,0,0,0,0,0,0,0,0
49900000,102.0,2,1,2,0,2.580785297037037,3.3336861677768277,1,1,1,1,0,0,0,0,0,0,0,0,0,0,0,0,0,0,0,0
6600000,112.0,5,1,0,0,0.0,3.9245696255112943,1,1,1,1,0,0,0,0,0,0,0,0,0,0,0,0,0,0,0,0
80000000,102.0,7,3,3,0,3.8745835064997802,4.889279239565098,1,1,1,1,1,0,0,0,0,0,0,0,1,0,0,0,0,0,0,1
15000000,107.0,2,2,1,0,3.479580266666667,5.113390011220122,0,1,1,1,0,0,0,0,0,0,0,1,0,0,0,0,0,0,0,0
6500000,100.0,6,1,0,0,0.0,1.3659447041666668,0,1,0,1,0,0,0,0,0,0,0,1,0,0,0,0,0,0,0,0
50200000,106.0,4,3,0,0,0.0,5.064500429333549,1,1,1,1,0,0,0,0,0,0,0,0,0,0,0,1,0,0,0,1
160000000,132.0,9,3,3,0,2.398333203479854,4.08095487883245,1,1,1,1,0,0,1,1,1,0,0,0,0,0,0,1,0,0,0,1
25000000,140.0,4,2,3,0,2.4820811206349207,3.592836059935234,1,1,1,1,0,0,0,1,0,0,0,1,0,0,0,0,0,0,0,0
25000000,110.0,1,2,1,0,0.3839264861111111,1.4779650862818547,0,1,1,1,0,0,0,0,0,0,0,1,0,0,0,0,0,0,0,0
8000000,100.0,2,2,1,0,0.4833291666666666,4.230511645948854,0,1,1,1,0,0,0,0,0,0,0,1,0,0,0,0,0,0,0,0
52000000,112.0,4,1,1,0,1.76646974,3.5109527519517485,1,1,1,1,1,0,0,0,0,0,0,0,0,0,0,0,0,0,0,0
19000000,108.0,2,1,0,0,0.0,2.5815839434251475,0,1,1,1,0,1,1,0,0,0,0,0,0,0,0,0,0,1,1,0
1500000,101.0,5,2,2,1,1.8020061565031984,1.909199743956044,0,1,1,1,0,0,0,0,0,0,0,0,0,0,1,0,0,0,0,0
10000000,101.0,4,4,0,0,0.0,4.616054253005789,0,1,1,0,1,0,0,0,0,0,0,1,0,0,0,1,0,0,0,0
35000000,96.0,3,4,6,0,2.789603703442029,2.6893147598127385,0,1,1,0,0,0,0,1,0,0,0,1,0,0,0,0,0,0,0,0
25000000,117.0,6,3,2,0,2.6513530158371044,3.7511248473181062,0,1,1,1,0,0,0,1,0,0,0,1,0,0,0,0,0,0,0,0
25000000,109.0,9,4,0,0,0.0,1.8893490322133182,1,1,1,1,0,0,0,1,0,0,0,1,0,0,0,0,0,0,0,0
40000000,95.0,2,1,3,0,7.597530108333333,2.82256794900463,1,1,1,0,0,1,0,0,0,0,0,0,0,0,0,0,0,0,0,0
15000000,97.0,5,2,1,0,0.4903931,5.948856286701736,0,1,1,1,0,0,0,0,0,0,0,0,0,0,0,0,0,0,0,0
65000000,87.0,2,4,0,0,0.0,4.218759274877777,1,1,1,1,1,0,0,1,0,1,0,0,1,0,0,0,0,0,0,0
165000000,108.0,1,4,0,0,0.0,1.439478971135051,1,1,1,1,0,1,0,0,1,1,0,0,1,0,0,0,0,0,0,1
31000000,138.0,3,1,11,5,5.819385472181142,3.0122447509120445,1,1,1,1,0,1,0,0,0,0,0,1,0,0,0,0,0,0,0,1
1000000,115.0,4,1,0,0,0.0,0.0,0,1,0,1,1,0,0,0,0,0,1,0,0,0,0,0,0,0,0,0
12000000,100.0,8,2,0,0,0.0,3.344877338067873,1,1,1,0,0,0,0,0,0,0,0,1,0,0,0,0,0,0,0,0
30000000,118.0,4,3,1,1,0.2765382,3.9662661875544454,0,1,1,1,0,0,0,1,0,0,0,0,0,0,0,1,0,0,0,0
12000000,93.0,4,2,0,0,0.0,4.349218680147228,1,1,1,1,1,0,1,0,0,0,1,0,0,0,0,0,0,0,0,0
145000000,97.0,1,3,0,0,0.0,1.9691611025537021,0,1,1,1,0,1,0,0,0,1,0,0,1,1,0,0,0,0,0,1
30000000,124.0,5,1,2,0,2.87825595,4.809377872953611,1,1,1,1,0,0,0,0,0,0,0,0,0,0,0,0,0,0,0,0
15000000,84.0,4,3,0,0,0.0,1.25696028125,1,1,1,0,0,0,0,0,0,0,0,1,0,0,0,1,0,0,0,1
1800000,93.0,3,2,0,0,0.0,0.0,0,1,1,1,1,0,0,0,0,0,0,1,0,1,0,0,0,0,0,0
120000000,115.0,3,4,2,0,1.4292791142857144,7.001455117964895,0,1,1,0,0,1,1,0,1,0,0,1,0,1,0,0,0,0,0,1
102000000,172.0,8,2,3,0,3.4911246704444445,3.7521365298134053,0,1,1,1,0,0,0,0,0,0,0,1,0,0,0,1,0,0,0,1
35000000,91.0,1,3,2,0,2.0419599291666666,2.0333683493303574,0,1,1,1,1,0,0,1,0,0,0,0,0,0,0,0,0,0,0,0
13000000,102.0,2,2,0,0,0.0,2.6261117498261153,0,1,1,1,0,0,0,0,0,0,0,1,0,0,0,0,0,0,0,0
12000000,110.0,2,3,0,0,0.0,0.4293188,0,1,1,1,0,0,0,1,0,0,0,0,0,0,0,0,0,0,0,0
14000000,116.0,4,2,1,0,5.713728787878788,8.739285592222222,0,1,1,0,1,0,0,0,0,0,0,1,0,0,0,0,0,0,0,0
12000000,145.0,1,2,0,0,0.0,1.5263869373897707,0,1,0,1,1,0,0,0,0,0,0,1,0,0,0,0,0,0,0,0
2500000,87.0,0,1,0,0,0.0,0.0,0,1,1,1,1,0,1,0,0,0,1,0,0,0,0,0,0,0,0,0
12000000,122.0,1,2,2,1,4.2692905820512825,3.341030846071983,0,1,1,1,0,0,0,0,0,0,0,0,0,0,0,0,0,0,0,0
45000000,101.0,1,4,7,0,2.7286955737479817,2.966840137373737,0,1,1,0,0,0,0,1,0,0,0,0,0,0,0,0,0,0,0,0
130000000,124.0,4,3,12,0,2.3730469047420564,1.9985843178601708,1,1,1,1,0,0,0,0,1,0,0,0,0,0,0,1,0,0,0,1
12516654,78.0,6,4,0,0,0.0,10.35601675,0,0,0,0,0,1,0,0,0,1,0,1,1,0,0,0,0,0,0,0
40000000,110.0,4,3,1,0,4.89959288,2.790551195555558,1,1,1,1,0,0,0,0,0,0,0,1,0,0,0,0,0,0,0,0
45000000,131.0,3,3,12,0,4.443281959479459,1.4801514299904481,0,1,1,1,1,0,0,0,0,0,0,1,0,0,0,0,0,0,0,0
3000000,110.0,5,3,2,0,5.252006829276316,2.4862076751186217,0,1,1,0,0,0,0,0,0,0,0,0,0,0,1,0,0,0,0,0
120000000,127.0,6,3,6,0,5.952298583236339,1.4306453854166667,0,1,1,1,0,1,0,1,1,0,0,1,0,0,0,0,0,0,0,1
1000000,83.0,2,2,1,0,3.011677222222222,0.0,0,1,1,1,0,0,0,0,0,0,0,0,0,0,1,0,0,0,0,1
14000000,92.0,2,2,0,0,0.0,0.9432,0,1,1,1,1,0,0,0,0,0,0,0,0,0,1,0,0,0,0,0
75000000,142.0,2,3,1,0,1.7050166091954022,4.050937521423263,1,1,1,1,0,0,0,0,1,0,0,0,0,1,0,1,0,0,0,1
100000,86.0,6,1,0,0,0.0,0.0,0,1,0,0,0,0,0,0,0,0,0,0,0,0,1,0,0,0,0,0
250000000,169.0,4,3,6,5,6.283911751321681,3.383328165101603,1,1,1,1,0,1,1,1,1,0,0,0,0,1,0,0,0,0,0,1
42000000,102.0,2,3,0,0,0.0,5.296320666055383,0,1,1,1,0,0,0,1,0,0,0,0,0,0,0,0,0,0,0,0
50000000,95.0,5,2,1,0,3.779037275,3.25651627985348,0,1,1,1,0,0,0,1,0,0,0,0,0,0,0,1,0,0,0,0
1000000,98.0,2,3,0,0,0.0,4.450893096879067,0,1,1,0,0,0,0,0,0,0,0,1,0,0,0,0,0,0,0,0
30000000,92.0,1,1,9,2,4.856128667130321,3.8971667111111112,0,1,1,1,0,0,0,0,0,0,0,0,0,0,0,0,0,0,0,0
25000000,137.0,13,2,2,0,1.0508820085764812,3.204928909525959,0,1,1,1,0,0,0,0,1,0,0,1,0,0,0,0,0,0,0,0
15000000,106.0,6,1,4,0,5.724432886797853,2.2183073918630405,0,1,1,0,0,0,0,0,0,0,0,1,0,0,0,0,0,0,0,0
40000000,91.0,2,3,0,0,0.0,4.378488323062657,0,1,1,1,0,0,0,1,0,0,0,0,0,0,0,0,0,0,0,0
100000000,103.0,2,3,5,0,2.722377598130435,3.844981471949638,0,1,1,1,1,0,0,1,1,0,0,0,0,0,0,0,0,0,0,1
35000000,134.0,1,1,3,0,4.110529910598291,3.3608784539670506,0,1,1,1,0,1,0,0,0,0,0,0,0,0,0,0,0,0,0,0
42000000,109.0,5,3,1,0,2.42988466,3.628755068027103,1,1,1,1,0,0,0,1,0,0,0,0,0,0,0,0,0,0,0,1
170000000,127.0,2,3,0,0,0.0,2.6880532971507276,1,1,1,1,0,0,0,0,1,0,0,1,0,1,0,0,0,0,0,1
85000000,106.0,6,6,2,0,3.0908122799999997,2.823751893466712,0,1,1,0,0,0,0,0,1,0,0,1,1,1,0,1,0,0,0,1
85000000,91.0,2,4,0,0,0.0,1.8416377499994987,1,1,1,1,0,0,0,0,0,1,0,0,1,1,0,0,0,0,0,1
45000000,91.0,6,3,1,1,1.52414635,5.146398764225814,1,1,0,0,0,0,0,1,0,0,0,0,0,0,0,0,0,0,0,1
850000,85.0,1,1,0,0,0.0,0.0,0,1,1,0,1,0,0,0,0,0,0,0,0,0,0,0,0,0,0,0
22000000,94.0,1,2,3,0,1.519794766695348,4.2475736,0,1,1,0,1,0,1,0,0,0,0,0,1,0,0,0,0,0,0,0
750000,85.0,2,4,0,0,0.0,25.6,0,1,1,0,1,0,0,0,0,0,0,1,0,0,0,1,0,0,0,0
7000000,110.0,2,2,12,9,2.5204226565005445,2.875938595646993,0,1,1,1,1,0,0,0,0,0,0,1,0,0,0,0,0,0,0,1
130000000,120.0,5,2,2,2,2.2437303055763462,2.27374499472131,1,1,1,1,1,0,0,1,0,0,0,0,0,0,0,0,0,0,0,1
85000000,115.0,4,2,0,0,0.0,3.4985874540895883,1,1,1,1,0,0,0,1,0,0,0,0,0,0,0,0,0,0,0,1
2000000,100.0,4,3,0,0,0.0,1.5829670145560577,0,1,1,1,1,0,0,1,0,0,0,0,0,0,0,0,0,0,0,0
21000000,122.0,1,3,3,0,2.428342881904762,4.790969499750054,0,1,1,1,0,0,0,0,0,0,0,1,0,0,0,0,0,0,0,1
7000000,109.0,7,3,2,0,3.131006225,2.257278952113928,0,1,1,0,0,0,0,0,0,0,0,1,0,0,0,0,0,0,0,0
30000000,100.0,5,3,3,2,4.526579594657375,4.0343838077936525,1,1,1,0,1,0,0,0,0,0,0,1,0,0,0,0,0,0,0,1
15000000,96.0,2,1,0,0,0.0,2.1349981904246156,0,1,1,0,0,1,0,1,0,0,0,0,0,0,0,0,0,0,0,0
44500000,120.0,3,2,1,0,4.162868540540541,3.706067842994118,1,1,1,1,0,0,0,0,0,0,0,1,0,0,0,0,0,0,0,1
3800000,115.0,9,1,0,0,0.0,3.9936397333333336,0,1,0,0,1,0,0,0,0,0,0,1,0,0,0,0,0,0,0,0
17000000,111.0,4,2,10,1,6.158227775,6.237223610279798,0,1,1,0,0,0,0,0,0,0,0,0,0,0,0,0,0,0,0,0
100000000,165.0,2,2,6,3,7.422003529819651,2.7730092690165216,1,1,1,1,0,1,0,0,0,0,0,1,0,0,0,0,0,0,0,1
25000000,101.0,4,2,2,0,2.0436834205069125,2.580137308787879,1,1,1,1,0,0,0,0,0,0,0,1,0,0,0,0,0,0,0,0
145000000,93.0,1,2,1,0,4.156157393333333,4.501348913393166,0,1,1,0,1,0,1,0,0,1,0,0,1,0,0,0,0,1,0,1
200000000,143.0,1,3,5,2,6.077412286680672,2.2976793803106133,1,1,1,1,0,0,0,1,1,0,0,0,0,0,0,0,0,0,0,1
17000000,82.0,4,2,0,0,0.0,0.0,1,1,1,1,1,0,0,0,0,0,0,0,0,0,1,0,0,0,0,0
225000,86.0,1,2,0,0,0.0,0.0,0,1,1,1,0,1,0,0,0,0,1,0,0,0,0,0,0,0,0,0
220000000,143.0,2,3,1,0,0.9966529230769232,2.275389760774739,1,1,1,1,0,0,0,1,1,0,0,0,0,0,0,1,0,0,0,1
61000000,157.0,4,3,1,1,27.614103266666667,2.87689969095349,1,1,1,1,0,1,0,0,0,0,0,1,0,0,0,0,0,0,0,1
65000000,149.0,7,2,24,12,12.062496021296093,5.206000689063515,1,1,1,0,0,1,0,0,0,0,0,1,0,0,0,0,0,0,0,1
69000000,94.0,5,3,2,0,5.531323862857143,1.6920694813888462,1,1,1,0,1,0,1,1,0,0,0,0,0,1,1,0,0,1,0,1
6000000,89.0,4,1,0,0,0.0,4.83066326569116,0,1,1,0,0,1,0,0,0,0,0,0,0,0,1,0,0,0,0,0
209000000,131.0,4,4,4,2,1.6700202506862745,0.7529101661538462,1,1,1,0,0,0,0,1,1,0,0,0,0,0,0,1,0,0,0,1
7000000,77.0,1,2,0,0,0.0,0.0,0,0,0,0,0,0,0,0,0,1,0,0,0,1,0,0,0,0,0,0
5000000,100.0,5,3,7,1,2.4050596613797866,2.8723477405216893,0,1,1,0,0,0,0,0,0,0,0,1,0,0,0,0,0,0,0,0
20000000,94.0,2,3,0,0,0.0,2.8186180456874164,0,1,0,0,0,0,1,0,0,0,0,0,0,0,1,0,0,1,0,0
14000000,119.0,11,1,1,0,9.635740698815184,4.566381613329601,0,1,1,0,0,0,0,0,0,0,0,0,0,0,0,0,0,0,0,0
17000000,95.0,8,3,0,0,0.0,4.074910971639338,0,1,0,1,0,0,0,0,0,0,0,1,0,0,1,0,0,0,0,1
3730500,112.0,3,3,0,0,0.0,2.0856133458333335,0,1,0,0,0,0,0,1,0,0,0,1,0,0,0,0,0,0,0,0
250000000,165.0,4,4,6,6,3.7853438669415067,2.381213655715024,1,1,1,1,1,0,0,1,0,0,0,1,0,0,0,0,0,0,0,1
5000000,95.0,4,1,1,0,41.1407636,57.43637430353535,1,1,1,0,0,0,0,0,0,0,0,0,0,0,1,0,0,0,0,1
95000000,88.0,2,4,0,0,0.0,5.72649380017647,1,1,1,1,1,0,1,0,1,1,0,0,1,0,0,0,0,0,0,1
17000000,112.0,1,3,0,0,0.0,5.7226364375,0,1,1,1,0,0,0,0,0,0,0,0,0,0,0,0,0,0,0,1
58000000,125.0,3,5,0,0,0.0,1.971728128871711,1,1,1,1,0,0,0,1,1,0,0,1,0,0,0,0,0,0,0,0
65000000,103.0,3,3,4,2,1.889301090227146,3.0869462879908824,0,1,1,1,0,0,0,1,0,0,0,0,0,0,0,0,0,0,0,1
215000000,136.0,3,3,1,0,8.096364533333333,2.8183234506944443,1,1,1,1,1,0,0,1,1,0,0,0,0,1,0,0,0,0,0,1
65000000,95.0,1,3,8,2,2.675040006940837,2.2314952950606446,0,1,1,1,0,0,1,1,0,0,0,0,0,0,1,1,0,0,1,1
40000000,157.0,3,3,2,0,1.5758448299999999,1.220670103587963,1,1,1,1,0,1,0,0,0,0,0,1,0,0,0,0,0,0,0,1
6000000,96.0,2,2,0,0,0.0,3.9017865750214664,0,1,1,1,0,0,0,0,0,0,0,1,0,0,0,0,0,0,0,0
16000000,94.0,5,3,5,4,1.4478958444603174,2.0325672849101744,0,1,1,1,0,0,0,0,0,0,0,1,0,0,0,0,0,0,0,0
50000000,106.0,3,2,0,0,0.0,4.27933039956627,1,1,1,1,1,0,0,0,0,0,0,0,0,1,0,0,0,0,0,1
70000000,116.0,3,1,1,0,0.9871545263157896,2.35114030653149,1,1,1,1,1,0,0,0,0,0,0,0,0,0,0,0,0,0,0,0
185000000,93.0,2,6,0,0,3.123045542857142,5.303260298813131,1,1,1,1,1,0,0,1,1,1,0,0,1,1,0,0,0,1,0,1
79000000,94.0,3,3,1,0,1.3233384,1.7472200459850047,0,1,1,1,0,0,1,1,1,0,0,0,0,0,0,1,0,1,0,1
225000000,106.0,5,3,6,0,3.568650705095647,3.691449882243285,0,1,1,1,0,0,0,1,0,0,0,0,0,0,0,1,0,0,0,1
70000000,88.0,5,3,0,0,0.0,1.9254949209535048,0,1,1,1,0,0,1,1,0,0,0,0,0,1,1,0,0,0,0,1
75000000,123.0,4,4,7,1,3.104165149805195,5.337433899863343,0,1,1,1,1,0,0,0,0,0,0,1,0,0,0,0,0,0,0,0
260000000,132.0,1,3,3,0,5.308967896749408,1.7567317794117647,1,1,1,1,0,0,0,1,1,0,0,0,0,0,0,1,0,1,0,1
12000000,95.0,5,3,1,0,0.0015333333333333,1.2959403965757963,0,1,1,1,0,1,0,0,0,0,0,1,0,0,0,0,0,0,0,0
12000000,88.0,2,2,0,0,0.0,0.0,0,1,1,0,0,0,0,0,0,0,0,0,0,0,0,0,0,0,0,1
65000000,83.0,1,1,1,0,14.531819111111112,5.957464698700323,1,1,1,1,0,0,0,0,0,0,0,0,0,0,0,0,0,0,0,1
30000000,94.0,5,3,1,0,4.556889433333334,3.717468693307815,0,1,1,1,0,0,0,1,0,0,0,0,0,0,0,0,0,0,0,0
2500000,85.0,6,4,0,0,0.0,1.0992986387176729,0,1,1,1,1,0,0,0,0,0,0,1,0,0,0,1,0,0,0,0
25000000,104.0,6,1,4,0,3.0356607434090908,2.604337401786159,1,1,1,0,0,1,0,0,0,0,0,0,0,0,0,0,0,0,0,1
35000000,98.0,3,1,1,0,3.299318821428572,2.7149563335800613,0,1,1,1,0,0,0,0,0,0,0,0,0,0,0,0,0,0,0,0
42000000,113.0,9,2,0,0,0.0,2.1362157563458872,0,1,1,0,0,0,0,0,0,0,0,1,0,0,0,0,0,0,0,1
14000000,87.0,4,1,0,0,0.0,0.0,1,1,1,0,0,0,0,0,0,0,0,0,0,0,0,0,0,0,0,0
40000000,107.0,3,3,3,0,2.6579382883333333,3.029204559959061,1,1,1,1,0,0,0,0,1,0,0,1,0,0,0,0,0,0,0,0
8900000,127.0,3,2,1,1,0.5292581333333334,0.0,0,0,0,0,1,0,0,0,0,0,0,1,0,0,0,0,0,0,0,0
26000000,111.0,1,3,2,0,1.3846202185185186,2.3729870484161584,0,1,1,0,0,0,0,0,0,0,0,0,0,0,0,0,0,0,0,0
32000000,137.0,3,1,4,0,1.9878240572972972,2.9349965547616303,0,1,1,0,0,0,0,0,0,0,0,1,0,0,0,0,0,0,0,0
15000000,110.0,4,2,1,0,2.3022522,1.5403403380466703,0,1,0,1,0,0,0,0,0,0,0,0,0,0,0,0,0,0,0,0
33000000,99.0,1,3,0,0,0.0,0.0,0,1,1,0,1,0,0,0,0,0,0,1,0,0,0,0,0,0,0,1
39000000,87.0,1,3,12,0,3.567104265429894,3.2769452125621292,0,1,1,1,0,0,0,0,0,1,0,0,1,0,0,0,0,0,0,0
40000000,91.0,4,2,4,1,0.9597259169791668,2.8301118329145476,1,1,1,1,0,0,0,0,0,0,0,1,0,0,0,0,0,0,0,0
60000000,130.0,4,3,1,0,2.2500471764705883,2.695247886243012,1,1,1,1,0,1,0,0,0,0,0,1,0,0,0,0,0,0,0,1
50000000,113.0,1,1,1,1,3.6244269166666663,4.651855307892153,1,1,1,1,0,0,1,0,0,0,0,0,0,0,0,0,0,0,1,1
60000000,90.0,2,4,0,0,0.6402826378635347,1.0547580198495372,0,1,1,1,1,0,0,0,1,1,0,0,1,0,0,0,0,0,0,1
60000000,88.0,3,4,0,0,4.996323644444445,3.638801107790279,1,1,0,0,0,0,0,0,1,1,0,0,1,0,0,0,0,0,0,1
68000000,98.0,8,1,0,0,0.0,3.7700845062503565,1,1,1,0,1,0,0,0,0,0,0,0,0,0,0,0,0,0,0,0
20000000,93.0,6,2,0,0,0.0,4.184009891008103,0,1,1,0,0,0,0,1,0,0,0,0,0,0,0,0,0,0,0,0
20000000,95.0,3,3,0,0,0.0,5.598061337683792,0,1,0,1,0,0,0,1,0,0,0,0,0,0,0,1,0,0,0,0
150000000,99.0,5,1,1,0,2.8923822285714285,3.986735161708205,1,1,1,1,0,0,0,0,1,0,0,0,0,0,0,0,0,1,0,1
30000000,104.0,2,2,0,0,0.0,4.349387677421029,0,1,1,0,0,0,0,0,0,0,0,1,0,0,0,0,0,0,0,1
11000000,98.0,2,3,0,0,0.0,4.899980870519383,0,1,0,0,0,0,0,0,0,0,0,1,0,0,0,0,0,0,0,0
3000000,87.0,2,2,0,0,0.0,2.891727833942653,0,1,1,1,1,0,0,0,0,0,0,0,0,0,0,0,0,0,0,0
500000,93.0,0,1,0,0,0.0,0.0,0,0,0,1,0,0,1,0,0,0,1,0,0,0,0,0,0,0,0,0
30000000,95.0,2,2,0,0,0.0,1.7783643686647992,1,1,1,1,0,0,0,0,0,0,0,0,0,0,1,0,0,0,0,0
150000000,113.0,7,2,11,0,3.7425821386507936,2.9508446045280508,1,1,1,1,0,0,0,0,0,0,0,0,0,1,0,0,0,0,0,1
20000000,105.0,2,3,0,0,0.0,1.8651521441268626,0,1,1,0,0,0,0,0,0,0,0,1,0,0,0,0,0,0,0,0
6900000,101.0,3,2,0,0,0.0,3.9846665808142667,0,1,1,0,0,0,0,0,0,0,0,0,0,0,1,0,0,0,0,0
7000000,170.0,3,2,0,0,0.0,0.0,0,0,0,0,0,0,0,0,0,0,0,1,0,0,0,1,0,0,0,0
38000000,123.0,5,2,9,0,4.241300482789748,6.593558456547531,0,1,0,0,0,0,0,1,0,0,0,1,0,0,0,0,0,0,0,0
4600000,103.0,3,2,0,0,0.0,5.498664081578106,0,1,1,0,1,0,0,0,0,0,0,1,0,0,0,0,0,0,0,0
44000000,125.0,4,5,3,0,1.7569570949735451,2.0525781117171715,0,1,1,0,0,0,0,1,1,0,0,0,0,0,0,1,0,0,0,0
22000000,100.0,2,2,4,0,1.1383082660185184,2.43647443972195,0,1,1,0,0,1,0,1,0,0,0,0,0,0,0,0,0,0,0,0
9000000,106.0,6,3,1,1,5.572582571428572,7.212260475592892,0,1,1,0,0,0,0,1,1,0,0,1,0,0,0,0,0,0,0,0
25500000,128.0,16,3,1,1,1.9412588,1.3566986129983576,0,1,1,0,1,0,0,0,0,0,0,1,0,0,0,0,0,0,0,0
10,99.0,2,2,1,0,0.63374432,0.9158681393569393,1,1,1,0,0,0,0,0,0,0,0,0,0,0,1,0,0,0,0,0
11000000,105.0,3,2,7,0,4.558284911880012,2.6329119068522506,0,1,1,1,0,0,0,0,0,0,0,1,0,0,0,0,0,0,0,0
58000000,119.0,5,1,7,3,3.9135406708152956,6.125408235462096,1,1,1,1,1,0,0,0,0,0,0,0,0,0,0,0,0,0,0,0
22000000,106.0,9,3,1,0,16.9829215,16.9829215,0,1,0,0,1,0,0,0,1,1,0,0,0,0,0,0,0,0,0,0
5000000,104.0,5,1,0,0,0.0,2.587823552631579,0,1,1,0,0,0,0,0,0,0,0,0,0,0,1,0,0,0,0,0
22000000,116.0,5,3,1,0,5.637491142857143,2.3720196610506807,0,1,1,0,0,1,0,0,0,0,0,1,0,0,0,0,0,0,0,0
35000000,118.0,1,2,2,0,2.9007639995614034,2.1624128908186737,0,1,1,0,0,0,0,1,0,0,0,0,0,0,0,0,0,0,0,0
12000000,98.0,6,1,6,0,2.6323695911746707,1.5489619997954542,0,1,0,0,0,1,0,0,0,0,0,1,0,0,0,0,0,0,0,1
5500000,115.0,4,2,0,0,0.0,0.0,0,1,0,0,1,0,0,0,0,0,0,1,0,0,0,0,0,0,0,0
28000000,128.0,5,2,3,0,3.2556305206349205,4.699193542917788,0,1,1,0,0,0,0,0,0,0,0,1,0,0,0,0,0,0,0,0
28000000,115.0,2,1,6,1,2.917577554406565,2.280381200130719,0,1,1,0,0,0,0,0,0,0,0,0,0,0,0,0,0,0,0,0
7700000,159.0,1,1,0,0,0.0,0.0,0,0,0,1,0,0,0,0,0,0,0,0,0,0,0,0,0,0,0,0
20000000,110.0,1,2,0,0,0.0,1.2016280260416667,0,1,1,0,0,0,0,0,0,0,0,1,0,0,0,0,0,1,0,0
20000000,85.0,1,3,0,0,0.0,2.486473819658506,0,1,0,1,1,0,0,0,1,1,0,0,1,0,0,0,0,1,0,0
25000000,121.0,2,2,0,0,0.0,3.6162421050350573,0,1,1,0,0,1,1,0,0,0,0,1,0,0,0,0,0,0,0,0
8000000,104.0,4,4,1,0,71.99768197727272,3.519619359801242,0,1,1,0,0,0,0,0,0,0,0,1,0,0,0,0,0,0,0,0
13000000,107.0,1,3,3,0,6.085261620662508,2.9918195698094174,0,1,1,0,0,0,0,0,0,0,0,1,0,0,0,0,0,0,0,0
13000000,93.0,4,1,0,0,0.0,4.763581788235294,0,1,1,0,0,0,0,0,0,0,0,0,0,0,0,0,0,0,0,0
30000000,115.0,1,2,0,0,0.0,0.0,0,0,0,0,0,0,0,0,0,1,0,0,0,0,0,1,0,0,0,0
25000000,130.0,2,3,9,1,4.282198508783711,2.075035538464016,1,1,1,1,0,0,0,1,0,0,0,0,0,0,0,0,0,0,0,0
40000000,138.0,3,2,4,0,4.270527566190477,3.461638509795575,1,1,1,1,0,1,0,0,0,0,0,1,0,0,0,0,0,0,0,1
28000000,103.0,2,3,2,0,6.064522775,3.540018020899471,1,1,1,0,1,0,0,1,1,0,0,0,0,0,0,0,0,0,0,0
40000000,121.0,11,4,5,3,1.625992741218876,1.7910543950615463,1,1,1,1,0,1,0,1,0,0,0,1,0,0,0,0,0,0,0,1
30000000,91.0,5,3,1,0,2.13532245,4.182829120599953,0,1,1,1,0,0,0,0,0,0,0,1,0,0,0,0,0,0,0,0
30000000,106.0,4,3,13,10,4.164143671934569,2.342369980766473,1,1,1,1,0,0,0,0,0,0,0,1,0,0,0,0,0,0,0,0
60000000,124.0,4,3,3,0,2.1593085681318684,3.1933055405250306,1,1,1,0,0,0,0,0,0,0,0,1,0,1,0,0,0,0,0,0
30000000,100.0,3,2,2,0,3.10929435,2.916312416904255,0,1,1,1,0,0,0,0,0,0,0,1,0,0,1,0,0,0,0,0
40000000,128.0,1,1,3,0,1.3112180387871386,8.594866084297875,1,0,1,0,0,0,0,0,0,0,0,1,0,0,0,0,0,0,0,0
13000000,94.0,6,2,3,0,0.7616841111111111,2.866940279268372,0,1,1,1,0,0,0,0,0,0,0,0,0,0,0,0,0,0,0,0
56000000,109.0,9,3,0,0,4.021835788690476,2.4771971184956056,0,1,1,1,0,0,0,0,0,0,0,1,0,0,0,0,0,0,0,0
20000000,92.0,2,2,1,0,2.15799046875,2.2830966189849624,1,1,1,0,0,0,1,0,0,0,0,0,0,0,1,0,0,0,1,0
35000000,125.0,5,3,3,0,4.873425426436781,4.087676109089113,1,1,1,0,0,1,0,0,0,0,0,1,0,0,0,0,0,0,0,1
32000000,107.0,4,2,0,0,0.0,2.682532157905513,1,1,1,1,1,0,0,1,0,0,0,0,0,0,0,0,0,0,0,1
35000000,112.0,5,2,0,0,0.0,1.38302128155018,0,1,1,0,0,0,0,0,0,0,0,1,0,0,0,0,0,0,0,0
13000000,112.0,3,2,3,2,45.83972386464646,6.992774673891989,0,1,1,1,1,0,0,0,0,0,0,0,0,0,1,0,0,0,0,1
60000000,130.0,4,6,1,0,2.0998505,4.43167458356676,0,1,1,1,1,0,1,1,1,0,0,1,0,1,0,0,0,0,0,0
40000000,113.0,2,1,5,3,2.199338823721835,4.666630252097445,1,1,1,0,0,1,0,0,0,0,0,0,0,0,0,0,0,0,0,0
20000000,134.0,5,2,1,1,2.7221038461538463,2.499272637644009,0,1,1,0,0,0,0,0,0,0,0,1,0,0,0,0,0,0,0,1
15000000,92.0,3,1,3,2,8.444640831818182,3.264948047974026,1,1,1,0,0,0,0,0,0,0,0,0,0,0,0,0,0,0,0,1
16000000,117.0,2,2,2,0,1.4389572499999999,2.4915709709246796,0,1,1,1,1,0,0,0,0,0,0,1,0,0,0,0,0,0,0,0
35000000,141.0,5,2,0,0,0.0,4.327289739814815,0,1,0,0,0,1,1,0,0,0,0,1,0,0,0,0,0,0,0,0
3860000,130.0,6,3,2,0,1.8923082333333334,3.9783153972404897,0,0,0,0,0,0,0,1,0,0,0,1,0,0,0,0,0,0,0,0
15000000,100.0,3,1,0,0,0.0,1.8829834208333331,1,1,0,1,0,0,0,0,0,0,0,0,0,0,1,0,0,0,0,1
5000000,117.0,4,2,1,0,0.7831396857142857,4.3362638059160625,1,1,1,0,0,0,0,0,0,0,0,1,0,0,0,0,0,0,0,0
20000000,86.0,1,1,4,0,2.7415305203828195,5.313992409328326,0,1,1,0,0,0,1,0,0,0,0,0,0,0,0,0,0,0,1,0
60000000,113.0,4,4,2,0,2.8933703692493946,2.8464901351181138,1,1,1,1,0,0,0,1,0,0,0,1,0,0,0,0,0,0,0,1
12000000,115.0,2,2,3,2,4.901878834054488,3.17983075,1,1,1,0,0,0,0,0,1,0,0,1,0,0,0,0,0,0,0,0
10,85.0,2,3,0,0,0.0,0.0,0,1,0,1,1,0,0,0,0,0,0,1,0,0,0,0,0,0,0,0
20000000,101.0,4,4,6,3,8.680916858611111,5.029189311107107,0,1,0,0,0,0,0,0,0,0,0,1,0,0,0,0,0,0,0,0
28000000,105.0,5,1,5,0,4.358986289009158,4.007937394092818,0,1,1,0,0,0,0,0,0,0,0,0,0,0,0,0,0,0,0,1
20000000,109.0,4,3,3,1,3.8481096096393035,3.5172685551719325,1,1,0,0,1,0,0,1,0,0,0,0,0,0,0,1,0,0,0,0
17000000,91.0,3,1,0,0,0.0,0.0,0,1,1,1,0,0,0,0,0,0,0,0,0,0,1,0,0,0,0,0
5000000,94.0,8,2,0,0,0.0,1.501280363909584,0,1,1,1,0,0,0,0,0,0,0,1,0,0,0,0,0,0,0,0
38000000,119.0,3,3,3,1,1.6824785519668737,1.797149447182833,0,1,1,1,0,0,0,1,0,0,0,0,0,0,0,1,0,0,0,0
9500000,88.0,2,1,0,0,0.0,3.0560236249051314,0,1,1,0,0,0,0,0,0,0,0,0,0,0,0,0,0,0,0,0
17000000,123.0,1,1,3,0,2.2509584389417987,2.661633006948453,1,1,1,0,0,1,0,0,0,0,0,0,0,0,0,0,0,0,0,0
35000000,111.0,3,2,2,0,1.8080355628968254,4.663519277672017,0,1,1,1,0,0,0,0,0,0,0,0,0,0,0,0,0,0,0,1
61000000,109.0,4,3,1,0,2.524,2.801434779772716,1,1,1,1,1,0,0,1,0,0,0,0,0,0,0,0,0,0,0,1
12000000,107.0,7,3,14,7,3.010966470402168,3.311091796819419,0,1,1,0,0,0,0,1,0,0,0,0,0,0,0,0,0,0,0,0
17500000,93.0,2,2,0,0,0.0,2.9786339571148197,0,1,1,1,0,1,0,0,0,0,0,1,0,0,0,0,0,0,0,0
6000000,90.0,5,1,1,0,0.6224450266666667,4.222382527082861,0,1,1,0,0,0,0,0,0,0,0,0,0,0,0,0,0,0,0,0
10000000,130.0,2,1,1,1,0.6198628,3.032980785946905,0,1,1,0,0,0,0,0,0,0,0,1,0,0,0,0,0,0,0,0
18000000,98.0,1,2,11,1,5.990072741978609,2.3062038994155447,0,1,1,0,1,0,0,0,0,0,0,1,0,0,0,0,0,0,0,0
18000000,93.0,2,1,2,0,2.1516656875,9.666666666666666,0,1,1,0,0,0,1,0,0,0,0,0,0,0,0,0,0,0,0,0
18000000,116.0,6,2,0,0,0.0,4.937842469274876,1,1,0,0,0,1,0,0,0,0,0,1,0,0,0,0,0,0,0,0
18000000,111.0,3,1,4,3,10.7819123625,2.7977649602981707,0,1,1,0,0,1,0,0,0,0,0,1,0,0,0,0,0,0,0,0
27220000,105.0,9,2,0,0,0.0,2.066358264096397,0,1,1,0,1,0,0,0,0,0,0,0,0,0,0,0,0,0,0,0
37000000,110.0,6,2,1,0,8.3861155,2.5403490297129685,0,1,1,1,1,0,0,0,0,0,0,0,0,0,0,0,0,0,0,1
40000000,89.0,3,5,0,0,0.0,1.438343903785891,0,1,1,1,0,0,0,0,1,1,0,0,1,0,0,1,0,0,0,0
5000000,88.0,2,2,0,0,0.0,37.63227222222222,0,1,1,0,0,0,0,0,0,0,0,0,0,0,1,0,0,0,0,0
26000000,105.0,2,1,0,0,0.0,3.113857873508381,0,1,1,0,0,0,0,0,0,0,0,0,0,0,0,0,0,0,0,0
16000000,100.0,9,1,0,0,0.0,2.809451609433273,0,1,0,0,0,0,0,0,0,0,0,1,0,0,0,0,0,0,0,0
80000000,100.0,3,1,7,2,3.0561212638967965,2.8459807839777347,1,1,1,1,1,0,0,0,0,0,0,0,0,0,0,0,0,0,0,1
170000000,112.0,1,3,0,0,0.0,3.2519171559295614,0,1,1,1,0,0,1,1,1,0,0,0,0,1,0,0,0,1,0,1
200000000,116.0,7,5,6,0,4.060832331944444,3.377792769298211,1,1,1,1,1,0,0,1,0,0,0,1,0,0,1,1,0,0,0,1
75000000,115.0,4,2,5,0,1.7673861479912703,2.508854417451515,0,1,1,0,0,0,0,0,0,0,0,0,0,0,0,0,0,0,0,1
175000000,119.0,5,4,0,0,0.0,2.7397401750170776,1,1,1,0,0,1,0,1,1,0,0,1,0,1,0,0,0,1,0,1
195000000,114.0,6,3,5,5,3.1333438359730637,3.8111521699813853,1,1,1,1,0,0,0,1,0,0,0,0,1,1,0,0,0,0,0,1
76000000,98.0,2,3,1,0,7.877014275362319,2.6348598525204174,1,1,1,1,1,0,0,0,0,1,0,0,1,0,0,0,0,1,0,1
105000000,143.0,6,2,3,0,4.65110303039872,3.074462941482514,1,1,1,0,0,0,0,0,0,0,0,1,0,0,0,0,0,1,0,1
180000000,131.0,4,3,4,3,2.6610798918709806,1.3716077183928572,1,1,1,1,1,0,0,1,1,0,0,0,0,0,0,1,0,1,0,1
78000000,95.0,2,3,0,0,0.0,5.92161566316516,1,1,1,0,0,0,0,0,0,1,0,0,1,0,0,0,0,0,0,1
190000000,132.0,4,3,3,2,3.475152042222222,2.60448625690284,1,1,1,0,0,0,1,1,1,0,0,0,0,0,0,1,0,1,1,1
2500000,95.0,4,3,0,0,0.0,6.830904958333333,0,1,1,1,1,0,0,0,0,0,0,1,0,0,0,0,0,0,0,0
200000000,104.0,2,2,0,0,0.0,2.97885482431897,1,1,1,0,1,0,0,0,0,1,0,0,1,0,0,0,0,0,0,1
1200000,114.0,2,1,0,0,0.0,0.0,0,1,1,1,0,0,0,0,0,0,0,1,0,0,0,0,0,0,0,0
3000000,86.0,5,3,0,0,0.0,4.457056697875831,1,1,1,0,0,0,0,0,0,0,0,0,0,0,1,1,0,0,0,0
1000000,104.0,1,2,0,0,0.0,2.6454762708333335,0,1,0,0,0,0,0,0,0,0,0,1,0,0,0,0,0,0,0,0
150000000,102.0,2,3,0,0,1.753464858823529,2.3982302874662618,1,1,1,1,0,1,0,0,1,1,0,0,1,0,0,0,0,1,0,1
200000000,130.0,2,3,7,2,12.9333086997726,3.6883948200862124,1,1,1,1,0,0,1,0,1,0,0,0,1,1,0,0,0,1,0,1
35000000,90.0,2,1,0,0,0.0,3.833221414442583,0,1,1,0,0,0,0,0,0,0,0,0,0,0,0,0,0,0,0,0
105000000,91.0,3,3,3,2,3.5232311752530365,3.2043336726579756,1,1,1,1,0,0,0,0,0,0,0,1,0,0,0,1,0,0,0,1
130000000,100.0,3,3,7,0,5.069621799285715,3.992798399618343,1,1,1,0,0,0,0,1,1,0,0,0,0,0,0,1,0,0,0,1
110000000,114.0,6,3,3,0,2.2267870210101006,5.357847102374233,0,1,1,1,0,0,0,1,1,0,0,0,0,0,0,1,0,0,0,1
130000000,96.0,3,4,3,0,2.6309419133188645,3.9001512376166487,1,1,1,1,1,0,0,1,0,0,0,0,0,1,0,0,0,0,0,0
115000000,109.0,7,4,1,1,7.027320366666666,3.678042784937525,1,1,1,0,1,0,0,1,0,0,0,1,0,0,0,1,0,0,0,1
120000000,126.0,6,4,5,0,3.2339478033355533,2.857255511872495,1,1,1,1,1,0,0,1,1,0,0,0,0,1,0,1,0,0,0,1
255000000,149.0,6,3,6,0,3.041396249424951,1.6645446824950236,1,1,1,1,1,0,0,1,1,0,0,0,0,0,0,0,0,0,0,0
105000000,105.0,5,4,4,0,5.417319516720779,2.729941932068454,1,1,1,1,1,0,0,0,0,1,0,0,1,1,0,0,0,0,0,1
225000000,143.0,5,4,5,0,2.885660155351112,1.5113106038108175,1,1,1,1,1,0,0,1,1,0,0,0,0,1,0,1,0,0,0,1
135000000,98.0,1,5,2,0,1.724333648648649,3.8765449949654776,0,1,1,1,0,0,0,0,1,1,0,0,1,1,0,0,0,0,0,1
4800000,90.0,5,3,2,1,7.5164188043478255,2.795822315668559,0,1,1,0,0,0,0,0,0,0,0,1,0,0,0,0,0,0,0,0
80000000,87.0,7,3,0,0,3.381336155555556,2.298400393406376,0,1,1,1,0,1,0,0,1,1,0,0,1,0,0,0,0,1,0,1
130000000,146.0,2,3,2,0,3.4532190245614034,6.503777687483905,1,1,1,1,0,1,1,1,1,0,0,0,0,0,0,1,0,0,1,1
3000000,108.0,4,2,8,0,2.3345889537073132,4.972424686164,0,1,1,0,0,0,0,0,0,0,0,1,0,0,0,0,0,0,0,0
90000000,106.0,6,3,2,0,3.566699361904762,2.1414426724412134,0,1,1,1,1,0,1,0,1,0,0,0,1,1,0,0,0,1,0,1
100000000,102.0,2,4,2,0,4.985921790508474,3.3248201280341014,1,1,1,0,0,0,0,0,1,1,0,0,1,1,0,0,0,0,0,1
120000000,124.0,5,4,1,1,2.3533103705882352,4.078304698062058,1,1,1,1,0,0,0,1,1,0,0,0,0,0,0,1,0,0,0,1
135000000,96.0,1,2,0,0,0.0,3.9749059081618294,0,1,1,1,1,0,0,0,0,1,0,0,1,0,0,0,0,0,0,1
25000000,132.0,6,1,1,0,4.7536959,3.8308642073247934,0,1,1,0,1,0,0,0,0,0,0,1,0,0,0,0,0,0,0,1
12400000,142.0,14,2,0,0,0.0,0.0,0,0,0,1,0,0,0,0,0,0,0,1,0,0,0,0,0,0,0,0
23000000,126.0,2,3,3,0,1.4953278700539812,3.930804132017973,1,1,1,1,0,1,0,0,0,0,0,1,0,0,0,1,0,0,0,0
12000000,99.0,3,3,1,1,4.993335,2.061527944962854,0,1,1,1,0,0,0,0,0,0,0,1,0,0,1,0,0,0,0,0
50000000,119.0,3,1,4,0,2.3516620058289126,2.787503689601198,1,1,1,0,0,1,1,0,0,0,0,0,0,0,0,0,0,0,0,1
13500000,124.0,6,4,0,0,0.0,3.927734634057404,1,1,0,1,0,0,0,0,0,0,0,1,0,0,0,0,0,0,0,0
25000000,99.0,12,3,0,0,0.0,7.947381857154513,0,1,0,0,0,1,1,0,1,0,0,0,1,1,0,0,0,0,0,0
55000000,92.0,8,3,3,1,0.7880689185185185,3.5133701482377417,0,1,1,0,0,0,0,1,0,0,0,0,0,0,0,0,0,0,0,0
15000000,140.0,3,2,1,0,4.733211428571429,3.5355987390576202,0,1,1,1,0,0,0,0,0,0,0,1,0,0,0,0,0,0,0,0
55000000,91.0,2,3,1,0,0.2242340425531915,1.7198644655088897,0,1,1,0,0,0,0,0,0,1,0,0,1,0,0,0,0,1,0,1
30000000,100.0,3,1,0,0,0.0,3.3678811760154517,0,1,1,0,0,0,0,0,0,0,0,0,0,0,0,0,0,0,0,0
33000000,105.0,3,3,3,0,6.710241179509379,3.207262631851852,0,1,0,0,0,0,0,0,1,0,0,1,1,0,0,0,0,0,0,0
43000000,117.0,6,3,1,1,8.87333916923077,2.4192640813944215,1,1,1,0,1,0,0,1,0,0,0,0,0,0,0,0,0,0,0,1
39200000,126.0,5,3,1,0,8.044513,4.3843796599840426,0,1,1,1,1,0,0,1,0,0,0,1,0,0,0,1,0,0,0,0
2500000,86.0,4,2,0,0,0.0,2.377611663396812,0,1,1,1,0,0,0,0,0,0,0,0,0,0,1,0,0,0,0,0
35000000,97.0,1,3,2,0,2.6909010208333335,2.8928183893162394,0,1,0,0,0,0,0,0,0,0,0,0,0,0,1,0,0,0,0,1
6500000,116.0,1,2,0,0,0.0,8.953221346158202,0,1,1,1,0,0,0,0,0,0,0,1,0,0,0,0,0,0,0,0
55000000,134.0,1,3,4,2,4.051824324404762,4.0188929261268225,1,1,1,1,0,0,0,1,0,0,0,1,0,0,0,0,0,0,0,0
25000000,117.0,9,3,13,1,2.429067049347697,3.372820002271404,0,1,1,0,0,0,0,0,0,0,0,1,0,0,0,0,0,0,0,0
70000000,88.0,2,3,0,0,0.0,2.9939754378820957,0,1,1,1,1,0,1,0,0,1,0,0,1,0,0,0,0,0,0,0
50000000,88.0,6,3,1,0,2.4808275,2.893918058110484,1,1,1,1,0,0,1,1,0,0,0,0,0,1,1,0,0,1,0,1
90000000,114.0,8,4,3,0,2.134266712986212,3.3113763066370456,1,1,1,0,0,1,0,0,1,0,0,1,0,1,0,0,0,0,0,1
2159280,80.0,9,1,0,0,0.0,0.0,0,0,0,0,0,0,0,0,0,0,0,1,0,0,0,0,0,0,0,0
130000000,110.0,6,4,3,0,6.479810930917875,2.14684352063508,1,1,1,1,0,0,1,1,1,0,0,0,0,0,0,1,0,0,0,1
1500000,104.0,2,2,0,0,0.0,2.9187608752777776,0,1,1,1,1,0,0,0,0,0,0,0,0,0,0,0,0,0,0,0
250000,99.0,4,2,1,0,0.2945808571428571,3.2937367269653093,0,1,1,1,1,0,0,0,0,0,0,1,0,0,0,0,0,0,0,0
100000000,178.0,5,3,15,0,3.685727961508604,3.4263393115227427,1,1,1,1,0,1,0,0,0,0,0,1,0,0,0,0,0,0,0,1
92000000,98.0,9,2,3,1,1.7337279055555552,10.409778111327846,1,1,1,1,0,0,0,1,0,0,0,0,0,0,0,0,0,0,0,1
8500000,96.0,1,1,0,0,0.0,2.1195437506361032,0,1,1,0,0,0,0,0,0,0,0,0,0,0,0,0,0,0,0,0
46000000,153.0,3,3,1,0,1.0446820588235295,2.866069151359877,0,1,1,1,0,0,0,0,0,0,0,1,0,0,0,0,0,0,0,1
200000000,130.0,1,3,1,0,1.0523432,3.446923501325827,0,1,1,1,0,0,0,1,1,0,0,0,0,0,0,1,0,1,0,1
18000000,90.0,10,2,0,0,0.0,3.813195817631572,0,1,1,1,1,0,0,1,0,0,0,0,0,0,0,0,0,0,0,0
50000000,115.0,7,2,3,0,2.9985837219000824,5.498719305619265,0,1,1,1,0,0,0,1,0,0,0,0,0,0,0,0,0,0,0,1
150000000,131.0,4,3,5,0,4.313152324381817,4.760238360953197,1,1,1,0,1,0,0,1,0,0,0,1,0,0,0,0,0,0,0,1
70000000,120.0,2,2,5,0,1.500060130036583,2.0184134019592688,0,1,1,0,0,0,0,1,0,0,0,0,0,0,0,0,0,0,0,1
250000000,161.0,4,2,7,6,5.969697825704297,3.8077794583498505,1,1,1,1,0,1,1,0,1,0,0,0,0,1,0,0,0,0,0,1
130000000,105.0,5,5,9,3,2.788341980528607,2.335449047888343,0,1,1,0,0,0,0,1,1,0,0,1,0,0,0,0,0,1,0,1
58800000,133.0,6,2,17,9,3.7999073589028503,4.89138688058608,1,1,1,1,0,1,0,1,0,0,0,0,0,0,0,0,0,0,0,1
42000000,108.0,3,1,2,0,0.9082798845864662,3.231882606802788,0,1,1,0,0,1,1,0,0,0,0,0,0,0,0,0,0,0,1,1
40000000,134.0,1,2,18,10,4.101185581027295,2.4008637940256414,1,1,1,0,1,0,0,0,0,0,0,1,0,0,0,0,0,0,0,0
60000000,118.0,3,4,0,0,0.0,2.000271705413922,1,1,1,1,0,0,0,0,0,0,0,1,0,1,0,0,0,0,0,0
5500000,120.0,1,1,0,0,0.0,2.2696956328459676,0,1,0,0,0,0,0,0,0,0,0,1,0,0,0,0,0,0,0,0
9000000,104.0,5,2,1,1,29.776209,2.6716613464799255,1,1,1,0,1,0,1,0,0,0,0,0,0,0,1,0,0,0,1,1
50000000,112.0,2,4,1,0,3.6707608222222223,1.3894359103969005,1,1,1,0,0,0,0,0,1,0,0,0,1,0,0,0,0,0,0,0
40000000,97.0,4,1,3,0,3.909763123809524,3.378333161338343,1,1,1,0,1,0,0,0,0,0,0,0,0,0,0,0,0,0,0,1
50000000,125.0,3,3,4,2,3.0376747010846668,4.039339790594355,1,1,1,1,0,1,0,0,0,0,0,0,0,1,0,0,0,0,0,1
68000000,135.0,6,3,4,1,3.4093633839285715,2.9641815603722015,1,1,1,0,0,0,0,1,0,0,0,1,0,0,0,0,0,0,0,1
7000000,116.0,5,2,2,0,2.425266359090909,1.7198778014880953,0,1,1,1,0,0,0,0,0,0,0,1,0,0,0,0,0,0,0,0
6000000,98.0,4,1,0,0,0.0,3.434259273077655,0,0,0,0,0,0,0,0,0,0,0,0,0,0,0,0,0,0,0,0
48000000,109.0,9,2,2,0,4.941421019444444,4.5775865421730755,1,1,1,1,0,1,0,1,0,0,0,0,0,0,0,0,0,0,0,1
4000000,118.0,4,1,3,2,1.8950167711709838,2.222345965775122,0,1,1,0,0,0,0,0,0,0,0,1,0,0,0,0,0,0,0,0
5500000,120.0,3,2,1,1,10.7126892,3.162591553174432,0,1,1,0,0,0,0,0,0,0,0,1,0,0,0,0,1,0,0,0
4000000,164.0,2,1,9,3,2.4891334773694638,4.958212678157596,0,1,1,0,1,0,0,0,0,0,0,1,0,0,0,0,0,0,0,0
70000000,118.0,5,4,4,1,3.9229913133908045,3.027568721206759,1,1,1,1,0,0,0,1,0,0,0,1,0,0,0,0,0,0,0,1
6000000,86.0,1,1,0,0,0.0,4.192202015125213,0,1,1,1,0,0,0,0,0,0,0,1,0,0,0,0,0,0,0,0
55000000,132.0,6,3,6,2,1.6334444893162001,2.279186906150723,1,1,1,0,0,0,0,1,0,0,0,0,0,0,0,0,0,0,0,1
85000000,139.0,2,3,1,0,2.172875425,4.190551377918172,0,1,1,1,0,0,0,1,1,0,0,0,0,0,0,1,0,0,0,1
40000000,110.0,4,1,10,3,4.553246803750622,4.164344552745966,1,1,1,0,0,1,1,0,0,0,0,0,0,0,0,0,0,0,1,1
55000000,95.0,9,2,0,0,0.0,1.5917579840696565,0,1,0,1,0,1,0,0,0,0,0,0,1,0,0,0,0,0,0,1
8500000,117.0,2,3,0,0,0.0,3.263850897793372,0,1,1,1,0,0,0,0,0,0,0,1,0,0,0,0,0,0,0,0
70000000,92.0,5,5,0,0,0.0,1.4499122720163782,1,1,1,0,0,0,0,1,0,0,0,1,0,1,1,0,0,0,0,1
65000000,102.0,7,2,15,8,2.9009485712103666,2.3123993553334605,0,1,1,1,1,0,1,0,0,0,0,0,0,0,0,0,0,1,0,0
90000000,127.0,6,3,0,0,0.0,5.820063273346278,1,1,1,1,1,0,1,1,1,0,0,0,0,0,0,0,0,0,1,1
25000000,124.0,1,1,2,0,1.2035762622549018,4.261841623041098,1,1,1,1,0,0,0,0,0,0,0,1,0,0,0,0,0,0,0,0
18000000,94.0,3,3,9,0,3.088871583828867,3.755825686647844,0,1,1,0,1,0,0,0,0,0,0,1,0,0,0,0,0,0,0,0
170000000,130.0,3,4,2,0,4.018920845,2.6448033346558066,0,1,1,1,1,0,1,1,0,0,0,1,0,0,0,1,0,1,1,1
40000000,109.0,2,2,3,0,3.3389821915708815,4.191885219589181,1,1,1,0,0,0,0,0,0,0,0,0,0,0,0,0,0,0,0,1
50000000,141.0,4,1,2,0,1.6087198411538464,3.4492865789890694,1,1,1,1,0,0,0,0,0,0,0,1,0,0,0,0,0,0,0,0
5000000,93.0,3,2,2,0,3.3814678750000002,0.0,1,1,1,1,1,0,0,0,0,0,0,0,0,0,1,0,0,0,0,0
3300000,105.0,3,1,0,0,0.0,3.2317796782051285,0,1,1,1,0,0,0,0,0,0,0,1,0,0,0,0,0,0,0,0
15000000,108.0,3,3,5,0,1.7585213657290641,3.234346694309016,0,1,1,1,1,0,0,1,0,0,0,0,0,0,0,0,0,0,0,0
5000000,98.0,5,1,0,0,0.0,0.9734294666666666,0,1,1,1,0,0,0,0,0,0,0,0,0,0,0,0,0,0,0,0
95000000,102.0,6,2,1,0,1.4737505555555557,2.2485954940200865,0,1,1,1,0,1,0,0,1,0,0,0,0,1,0,0,0,0,0,1
61000000,145.0,6,3,9,3,3.6370232918045837,4.189608819879516,1,1,1,1,0,0,0,0,0,0,0,1,0,0,0,0,0,0,0,1
5000000,112.0,2,4,1,0,2.3817028571428573,2.938709801727276,0,1,1,0,0,0,0,0,0,0,0,1,0,0,0,0,0,0,0,0
2800000,102.0,4,2,10,0,13.533004577846318,2.275643320819655,0,1,1,0,0,0,0,0,0,0,0,0,0,0,1,0,0,0,0,0
5000000,84.0,3,2,0,0,0.0,0.0,0,1,1,0,0,0,1,0,0,0,0,0,0,0,1,0,0,0,0,0
60000000,100.0,10,5,3,0,3.614767663333333,2.1123886045591678,1,1,1,1,0,0,0,0,1,1,0,0,1,1,0,0,0,0,0,1
5000000,89.0,9,1,0,0,0.0,0.150224,1,1,1,0,0,0,0,0,0,0,0,0,0,0,1,0,0,0,0,1
65000000,137.0,3,2,1,0,0.0303877,1.230504743480392,0,1,1,1,0,1,0,0,0,0,0,1,0,0,0,0,0,0,0,1
65000000,119.0,5,3,2,1,6.834287133928571,8.296344015858663,1,1,1,0,0,1,0,0,0,0,0,1,1,0,0,0,0,0,0,1
5000000,99.0,4,1,0,0,0.0,3.11100101529348,0,1,1,0,0,1,0,0,0,0,0,1,0,0,0,0,0,0,0,0
100000000,119.0,4,4,0,0,0.0,2.5842802621406213,0,1,1,0,0,0,0,0,0,0,0,1,0,0,0,1,0,0,0,1
60000000,97.0,1,4,0,0,2.3212826705882352,2.8418614767229986,0,1,1,0,0,0,0,0,0,1,0,0,1,1,0,0,0,0,0,1
66000000,130.0,6,4,0,0,6.7727305,3.185833086521441,0,1,1,0,0,0,0,1,0,0,0,1,0,0,0,0,0,1,0,1
5000000,99.0,1,3,0,0,0.0,0.0,0,1,1,1,0,0,1,0,0,0,0,1,0,0,0,1,0,0,0,0
9000000,121.0,1,1,1,1,1.1111154,3.6820592760863367,0,1,1,0,0,0,0,0,0,0,0,1,0,0,0,0,0,0,0,0
8000000,112.0,3,1,0,0,0.0,3.25986246324516,0,1,1,0,0,0,0,0,0,0,0,1,0,0,0,0,0,0,0,0
3300000,96.0,2,1,0,0,0.0,0.676345375,0,1,1,0,0,1,0,0,0,0,0,0,0,0,0,0,0,0,0,0
50000000,89.0,4,2,1,1,3.359311553191489,3.9140311413333335,0,1,1,0,1,0,0,1,0,0,0,0,0,0,0,0,0,0,0,1
44000000,112.0,2,2,1,1,3.9387913125,3.6660715635093815,1,1,1,0,0,1,0,1,0,0,0,0,0,0,0,0,0,0,0,0
6500000,99.0,4,1,1,0,1.7125620333333331,0.0,0,1,1,1,0,0,0,0,0,0,0,0,0,0,1,0,0,0,0,1
8000000,94.0,1,2,0,0,0.0,4.685403975826048,0,1,1,0,0,0,0,0,0,0,0,0,0,0,0,0,0,0,0,0
40000000,117.0,4,1,4,0,3.4367275017498353,4.402277297492327,1,1,1,0,0,0,0,0,0,0,0,0,0,0,0,0,0,0,0,1
40000000,89.0,5,2,4,3,1.3748033573320415,4.982798234874917,1,1,1,1,1,0,0,1,0,0,0,0,0,0,0,1,0,0,0,1
50000000,106.0,7,3,3,1,2.719504047222222,3.7040902820712076,0,1,1,0,0,0,0,1,0,0,0,0,0,0,0,0,0,0,0,1
50000000,112.0,8,3,2,1,5.016293397777777,4.633041374670184,1,1,1,1,1,0,0,1,0,0,0,0,0,0,0,0,0,0,0,1
70000000,99.0,1,2,14,0,1.850719253439509,3.025386893333333,0,1,1,0,0,0,0,1,1,0,0,0,0,0,0,0,0,0,0,0
7000000,89.0,3,1,0,0,0.0,0.4270163333333333,1,1,1,0,0,0,0,0,0,0,0,0,0,0,1,0,0,0,0,0
10000000,105.0,4,1,13,1,3.3623127893909084,2.0552092425292603,0,1,1,0,0,1,0,0,0,0,0,1,0,0,0,0,0,0,0,0
65000000,92.0,4,2,0,0,0.0,2.515028903844106,1,1,1,1,0,0,0,0,0,0,0,0,0,0,1,0,0,1,0,0
50000000,95.0,4,6,0,0,0.0,5.558592278307377,1,1,1,1,0,0,0,0,1,1,0,0,1,1,0,0,0,0,0,0
170000000,136.0,1,3,1,0,2.4153957037037035,4.129323883419203,0,1,1,1,0,0,1,1,1,0,0,0,0,0,0,1,0,1,0,1
60000000,105.0,6,3,1,1,2.995510786666667,3.870359878118007,1,1,1,0,0,0,1,1,0,0,0,1,0,0,0,0,0,0,0,0
15000000,121.0,8,1,1,0,3.2732162,3.3128847719660937,1,1,1,0,1,0,0,0,0,0,0,0,0,0,0,0,0,0,0,0
22000000,138.0,2,1,0,0,0.0,0.0,0,1,1,0,0,0,0,0,0,0,0,1,0,0,0,0,0,0,0,0
16000000,122.0,3,2,1,0,0.8024099333333333,3.6002193871620483,0,1,1,0,0,0,0,0,0,0,0,1,0,0,0,0,0,0,0,0
250000000,131.0,7,4,6,6,2.7800836265587496,3.119803563084268,1,1,1,1,0,0,1,1,1,0,0,0,0,1,0,1,0,0,0,1
19800000,103.0,3,2,9,0,3.51917567317028,2.4183103349640547,1,1,1,0,0,0,0,0,0,0,0,1,0,0,0,0,0,0,0,0
14000000,113.0,2,4,0,0,0.0,2.532767004027802,0,1,0,1,0,1,0,0,0,0,0,1,0,0,0,0,0,0,0,1
20000000,127.0,5,2,0,0,0.0,2.127429337246269,0,1,1,0,0,1,0,0,0,0,0,1,0,0,0,0,0,0,0,0
20000000,97.0,2,1,0,0,0.0,3.504161740517059,0,1,1,0,1,0,0,0,0,0,0,0,0,0,0,0,0,0,0,1
15000000,123.0,1,2,0,0,0.0,4.835902549999999,0,1,0,1,0,1,0,0,0,0,0,1,0,0,0,0,0,0,0,1
15000000,115.0,3,1,2,1,5.911398342857143,5.4273470998913425,0,1,1,1,0,1,0,0,0,0,0,1,0,0,0,0,0,0,0,0
22000000,92.0,6,2,0,0,0.0,3.7144510430448303,0,1,0,0,0,0,0,0,0,0,0,0,0,0,0,0,0,0,0,0
15000000,115.0,2,1,2,0,4.779302253846154,5.3003133819571655,0,1,1,0,1,0,0,0,0,0,0,1,0,0,0,0,0,0,0,0
178000000,113.0,6,2,6,0,6.42255696144705,4.0524687255624725,1,1,1,1,0,0,0,1,0,0,0,0,0,0,0,1,0,0,0,1
28000000,113.0,6,4,5,0,1.9944395091047937,2.0275454348507758,0,1,1,0,0,0,0,1,0,0,0,1,0,0,0,0,0,0,0,0
25000000,111.0,4,3,1,0,5.192045,3.5070680213698444,1,1,1,1,0,1,0,0,0,0,0,1,0,0,0,0,0,0,0,0
200000000,142.0,4,3,2,0,5.797521468992247,3.3011814867098668,1,1,1,1,0,0,1,1,1,0,0,0,0,1,0,0,0,0,1,1
35000000,110.0,5,4,3,1,4.379070054761905,3.5882459051109534,0,1,1,0,0,0,0,1,0,0,0,1,0,0,0,0,0,0,0,0
125000000,101.0,3,5,2,0,2.449524447619048,1.5825679417773086,1,1,1,1,1,0,0,1,1,0,0,0,0,1,0,1,0,1,0,1
12000000,125.0,3,2,0,0,0.0,5.000345902941176,0,1,1,0,0,0,0,0,0,0,0,1,0,0,0,0,0,0,0,1
125000000,123.0,2,3,3,1,4.475026662528115,6.014791846091989,1,1,1,1,0,1,1,0,1,0,0,0,0,0,0,1,0,0,1,1
12000000,99.0,3,1,2,2,1.625139098095238,1.9408757775892602,0,1,1,1,0,0,0,0,0,0,0,1,0,0,0,0,0,0,0,1
120000000,102.0,3,2,0,0,0.0,4.547515602050233,1,1,1,1,0,0,0,1,0,0,0,0,0,0,0,1,0,0,0,1
34000000,113.0,6,4,0,0,0.0,0.0,1,1,1,1,0,0,0,1,0,0,0,0,0,0,0,1,0,0,0,1
36000000,107.0,4,2,2,0,5.146665108108108,3.1692463972301046,0,1,1,1,0,0,0,0,0,0,0,1,1,0,0,0,0,0,0,0
125000000,139.0,4,2,5,4,17.68634658180708,3.0138687351369415,1,1,1,1,0,0,0,0,1,0,0,1,0,0,0,0,0,1,0,1
30000000,99.0,6,2,6,5,1.9176545162169312,3.007546090308808,0,1,1,0,0,0,0,0,0,0,0,1,0,0,0,0,0,0,0,1
11000000,106.0,2,1,0,0,0.0,2.111120506025553,0,1,1,0,1,0,0,0,0,0,0,1,0,0,0,0,0,0,0,0
110000000,102.0,6,2,0,0,0.0,6.042780825641026,1,1,1,1,0,0,1,1,0,0,0,0,0,0,0,0,0,1,0,1
100000000,99.0,4,2,6,4,2.719951151048317,1.9721136607632535,1,1,1,0,1,0,0,1,1,0,0,0,0,0,0,0,0,0,0,1
103000000,102.0,2,4,3,0,6.743659298055556,3.6414227497092457,1,1,1,1,0,0,1,0,1,1,0,0,1,0,0,0,0,0,1,1
165000000,102.0,2,5,1,0,0.482,0.0,1,1,1,1,0,0,0,1,1,1,0,0,1,0,0,0,0,1,0,1
127000000,97.0,5,4,8,1,3.359897568070552,3.8360350858225147,1,1,1,0,0,1,1,0,1,0,0,0,1,1,0,0,0,0,0,1
20000000,103.0,3,2,1,0,1.3686129333333332,5.1730976580823995,1,1,1,0,0,0,0,0,0,0,0,1,0,0,0,0,0,0,0,0
132000000,92.0,1,4,3,0,4.785555889166666,0.0,0,1,1,0,0,1,0,0,1,1,0,0,1,0,0,0,0,1,0,1
17000000,120.0,6,2,0,0,0.0,1.990337313179973,0,1,0,0,0,0,1,0,0,0,0,0,0,0,0,0,0,0,0,0
20000000,148.0,3,5,5,4,1.766872120837838,2.3957190028640487,1,1,1,1,0,1,0,0,0,0,0,1,0,0,0,0,0,0,0,0
170000000,121.0,4,3,1,0,2.7680766,2.465966237759776,0,1,1,1,1,0,0,1,1,0,0,0,0,0,0,1,0,0,0,1
5000000,100.0,5,4,2,0,6.884362591283778,0.0,0,1,1,0,0,0,0,1,1,0,0,0,0,0,1,0,0,0,0,0
24000000,105.0,1,2,4,0,5.676092376858975,4.60233310563103,0,1,1,0,1,0,0,0,0,0,0,0,0,0,0,0,0,0,0,0
25000000,109.0,2,1,5,0,8.937775961904762,6.145312601930272,1,1,1,0,0,0,0,0,0,0,0,1,0,0,0,0,0,0,0,0
25000000,94.0,4,2,6,0,2.473223538013101,3.673732199751577,0,1,1,1,1,0,0,0,0,0,0,1,0,0,0,1,0,0,0,0
25000000,99.0,4,2,3,2,5.514818915811966,3.7699174661896415,1,1,1,0,0,0,0,1,0,0,0,0,0,0,0,0,0,0,0,1
22500000,112.0,2,2,0,0,0.0,2.177200800889887,0,1,1,1,0,1,0,0,0,0,0,1,0,0,0,0,0,0,0,0
26000000,117.0,1,2,0,0,0.0,1.3451458204560343,0,1,1,0,0,0,0,0,0,0,0,1,0,0,0,0,0,0,0,0
13300000,108.0,10,3,0,0,0.0,6.153241408387041,0,1,1,0,0,0,0,0,0,0,0,1,0,0,0,1,0,0,0,0
28000000,113.0,8,4,0,0,0.0,3.5295501199343287,0,1,1,0,0,0,0,0,0,0,0,1,0,0,0,0,0,0,0,0
13000000,102.0,4,1,0,0,0.0,4.392638297027318,0,1,1,1,0,0,0,0,0,0,0,0,0,0,0,0,0,0,0,0
12500000,100.0,3,2,1,0,1.7936739444444445,2.795973365035273,0,1,1,0,0,0,0,0,0,0,0,0,0,0,0,0,0,0,0,0
145000000,92.0,4,3,4,0,5.1080939808665615,0.9476471205627707,0,1,1,0,0,0,0,0,1,1,0,0,1,0,0,0,0,0,0,1
13200000,83.0,1,2,0,0,0.0,1.687275565707672,0,1,1,1,0,0,0,0,0,0,0,0,0,0,0,0,0,0,0,0
165000000,169.0,5,3,7,0,3.8645456568070062,3.7299052481564785,1,1,1,1,0,1,0,0,1,0,0,1,0,0,0,1,0,0,0,1
13000000,89.0,2,3,0,0,0.0,0.0,1,1,1,0,1,0,0,0,1,0,0,0,1,0,0,1,0,0,0,0
28000000,90.0,4,3,0,0,0.0,1.418070686974849,0,1,0,0,0,0,0,1,0,0,0,1,0,0,0,0,0,0,0,0
17000000,104.0,3,1,3,0,2.2604123343722944,5.343722666666666,1,1,1,0,1,0,0,0,0,0,0,0,0,0,0,0,0,0,0,1
18000000,93.0,4,2,0,0,0.0,2.160696596282362,0,1,1,0,1,0,0,1,0,0,0,0,0,0,0,0,0,0,0,1
18000000,96.0,3,1,3,0,2.517834533333333,5.5419397845111,1,1,1,0,0,0,0,0,0,0,0,0,0,0,0,0,0,0,0,1
16000000,110.0,1,3,0,0,0.0,5.213944748486049,0,1,1,1,0,0,0,1,0,0,0,0,0,0,0,1,0,0,0,0
18000000,119.0,5,2,3,0,6.296277576666667,5.071501526210834,0,1,1,0,1,0,0,0,0,0,0,1,0,0,0,0,0,0,0,1
250000000,144.0,5,3,8,7,5.702685597491261,3.8452709130015474,1,1,1,1,0,1,1,1,1,0,0,0,0,1,0,0,0,0,0,1
210000000,165.0,8,3,10,2,4.1986798219053405,2.7625694315814155,1,1,1,1,1,0,1,1,1,0,0,0,0,0,0,1,0,0,1,1
140000000,150.0,4,3,14,2,2.4584460715371472,2.2031143254567014,0,1,1,1,0,1,1,1,1,0,0,1,0,0,0,0,0,1,0,1
4000000,95.0,3,2,0,0,0.0,8.8060492,0,1,1,1,0,0,0,0,0,0,0,0,0,0,0,1,1,0,0,0
145000000,102.0,2,6,0,0,2.410704646780303,3.0865641302380493,0,1,1,1,1,0,1,1,1,1,0,0,1,1,0,0,0,1,1,1
20000000,125.0,7,3,2,0,3.1256646190476194,3.942334950390096,0,1,1,1,0,1,0,0,0,0,0,1,0,0,0,0,0,0,0,0
22000000,122.0,7,1,7,0,2.9987100466341987,5.129891470012741,0,1,1,0,1,0,0,0,0,0,0,1,0,0,0,0,0,0,0,0
28000000,81.0,3,2,1,0,2.1070155,5.789214017078119,1,1,1,1,0,0,0,0,0,0,0,0,1,0,0,0,0,0,0,1
180000000,97.0,3,5,0,0,0.0,4.024600429324252,1,1,1,1,0,0,0,1,1,0,0,0,1,1,0,0,0,1,0,1
36000000,105.0,1,3,0,0,0.0,0.2538119130434783,0,1,0,0,0,1,0,1,0,0,0,1,0,0,0,0,0,0,0,1
35000000,121.0,2,1,4,0,3.385147472006303,3.3195949095314545,1,1,1,1,0,0,0,0,0,0,0,0,0,0,0,0,0,0,0,1
37000000,105.0,2,3,5,0,2.5132629228359136,4.334096090866429,0,1,1,0,0,0,0,0,0,0,0,1,0,0,0,0,0,0,0,0
95000000,105.0,4,4,2,2,1.9189979516666669,2.4826157905200272,1,1,1,1,0,0,0,0,0,0,0,1,1,1,0,0,0,0,0,1
10000000,97.0,7,1,0,0,0.0,0.7513496647130645,0,1,1,1,1,0,1,0,0,0,0,0,0,0,1,0,0,0,1,0
37000000,133.0,4,1,0,0,0.0,5.231364575091845,1,1,1,1,0,1,0,0,0,0,0,1,0,0,0,0,0,0,0,1
99000000,88.0,2,1,1,0,9.2341556,0.0,1,1,1,1,0,1,0,0,0,1,0,0,0,0,0,0,0,1,0,1
5000000,108.0,5,2,0,0,0.0,2.3033220467926734,0,1,1,1,1,0,0,0,0,0,0,0,0,0,0,0,0,0,0,0
2000000,100.0,3,2,0,0,0.0,0.811405,0,1,1,0,0,0,0,0,0,0,0,0,0,0,1,0,0,0,0,0
120000000,100.0,7,3,1,1,9.666666666666666,5.120000928074009,1,1,1,1,1,0,0,1,1,0,0,0,0,0,0,1,0,0,0,1
30000000,123.0,2,2,7,3,1.8996556349983016,3.7756180633947842,0,1,1,0,1,0,0,1,0,0,0,1,0,0,0,0,0,0,0,0
11000000,120.0,2,1,1,0,5.477765,3.687826774208183,0,1,1,1,0,0,0,0,0,0,0,1,0,0,0,0,0,0,0,0
10000000,122.0,3,2,4,0,7.156961418070176,7.323068894122184,0,1,1,0,0,0,0,0,0,0,0,1,0,0,0,0,0,0,0,0
2000000,98.0,3,2,0,0,0.0,2.675087647613414,0,1,1,0,1,0,0,0,0,0,0,1,0,0,0,0,0,0,0,0
12000000,109.0,1,3,1,0,1.3300152,25.597236166666665,0,1,1,0,1,0,0,0,0,0,0,1,0,0,0,0,0,0,0,0
13500000,129.0,2,1,6,0,3.8224788669848473,3.2957442620885367,0,1,1,1,0,0,0,0,0,0,0,1,0,0,0,0,0,0,0,0
8500000,100.0,3,2,0,0,0.0,6.784,0,1,1,1,0,0,0,0,0,0,0,0,0,0,0,0,0,0,0,0
12000000,106.0,4,2,0,0,0.0,0.0,1,1,1,1,0,0,0,0,0,0,0,0,0,0,0,1,0,0,0,0
40000000,141.0,8,2,25,13,11.749407534290404,4.833006932307553,0,1,1,0,0,0,0,0,0,0,0,1,0,0,0,0,0,0,0,1
31000000,99.0,3,1,0,0,0.0,3.6973684707362207,0,1,1,0,1,0,1,0,0,0,0,0,0,0,0,0,0,0,1,1
2000000,97.0,5,3,0,0,0.0,3.595409990660919,0,1,1,0,0,0,0,0,0,0,0,1,0,0,0,0,1,0,0,0
6000000,96.0,1,3,0,0,0.0,3.2441506197150067,0,1,1,0,1,0,0,0,0,0,0,1,0,0,0,0,0,0,0,0
40000000,115.0,11,3,3,0,3.6292654472649573,3.1179291824843283,0,1,1,0,0,0,0,1,0,0,0,1,0,0,0,0,0,0,0,0
40000000,159.0,1,4,0,0,0.0,0.0,0,0,0,1,1,0,1,1,1,0,0,0,0,0,0,0,0,0,0,1
10000000,111.0,1,2,0,0,0.0,6.669103095949199,0,1,0,0,1,0,0,0,0,0,0,1,0,0,0,0,0,0,0,0
35000000,125.0,4,1,4,0,3.7118887615201466,2.931393388910256,1,1,1,0,1,0,0,0,0,0,0,0,0,0,0,0,0,0,0,1
30000000,121.0,3,5,2,1,1.8498050185421993,2.9052002058004844,1,1,1,0,0,0,0,1,0,0,0,1,0,0,0,0,0,0,0,0
10000000,97.0,1,3,0,0,0.0,3.5309786140726813,1,1,1,0,1,0,1,0,0,0,0,1,0,0,1,0,0,0,1,1
13000000,91.0,4,2,0,0,2.1850086833333333,3.512372363454477,1,1,1,0,1,0,0,0,0,0,0,0,0,0,1,0,0,0,0,0
35000000,123.0,6,1,0,0,0.0,3.8498590204556913,1,1,1,1,0,1,0,0,0,0,0,1,0,0,0,0,0,0,0,0
10000000,97.0,2,3,1,0,7.398754,2.5649214975980192,0,1,1,1,0,0,0,0,0,0,0,1,0,0,0,0,0,0,0,0
28000000,108.0,2,2,4,3,1.5691042658782377,3.8859467157243786,0,1,1,1,0,0,0,0,0,0,0,1,0,0,0,0,0,0,0,0
6000000,117.0,8,2,0,0,0.0,2.363578091982323,0,1,0,1,0,0,0,0,0,0,0,1,0,0,0,0,0,0,0,0
40000000,125.0,3,3,0,0,0.0,2.3967987777777777,0,1,1,1,0,0,0,0,0,0,0,1,0,0,0,0,0,0,0,1
40000000,100.0,2,1,0,0,0.0,3.0843041552823545,1,1,1,0,0,0,0,0,0,0,0,0,0,0,0,0,0,0,0,1
29000000,115.0,3,2,0,0,5.406498,3.4460366313222877,1,1,1,0,0,0,1,0,0,0,0,0,0,0,0,0,0,0,1,1
150000000,111.0,4,3,4,0,2.8225799148809525,2.452302397351212,1,1,1,0,0,0,0,0,1,0,0,0,1,1,0,0,0,0,0,1
50000000,137.0,3,2,1,1,2.4479553529411766,3.2019702291868533,0,1,1,0,0,0,0,0,0,0,0,0,0,0,0,0,0,0,0,0
8000000,90.0,1,4,0,0,0.0,1.7181836828963033,0,1,1,1,0,1,0,0,0,1,0,1,0,0,0,0,0,0,0,0
135000000,94.0,2,5,1,0,2.531078434722222,1.7035008953813993,1,1,1,1,0,0,0,0,0,1,0,0,1,1,0,1,0,0,0,1
49000000,120.0,8,3,2,2,4.757750183333333,15.407375704166668,1,1,1,1,0,0,0,1,0,0,0,0,0,0,0,1,0,0,0,1
40000000,109.0,4,3,2,0,1.2594446722222226,3.411675183712943,1,1,1,1,0,1,0,0,0,0,0,1,0,0,0,1,0,0,0,0
28000000,147.0,6,2,7,0,3.132491039397167,0.0,1,1,1,1,1,0,0,0,0,0,0,1,0,0,0,0,0,0,0,1
135000000,156.0,9,4,4,1,6.155751154722222,4.673668514484795,0,1,1,1,0,1,0,0,1,0,0,1,0,0,0,0,0,0,0,1
130000000,117.0,1,3,3,0,3.4670329346153843,2.952749874963557,0,1,1,1,1,0,0,1,1,0,0,0,0,0,0,1,0,1,0,1
28000000,130.0,3,2,5,0,2.57592566466313,3.3758074559672715,1,1,1,1,0,1,0,0,0,0,0,1,0,0,0,0,0,0,0,1
15000000,108.0,4,2,0,0,0.0,1.731656588926074,1,1,0,1,0,0,0,0,0,0,0,1,0,0,0,1,0,0,0,0
88000000,105.0,2,3,8,0,10.59619348619883,7.486650302000249,1,1,1,1,1,0,0,1,0,0,0,0,0,0,0,1,0,1,0,1
25000000,112.0,3,3,0,0,0.0,4.792335058447311,0,1,1,1,0,0,0,0,0,0,0,1,0,1,0,0,0,0,0,0
110000000,114.0,4,3,2,0,2.9128892,2.4916839789202982,1,1,1,1,0,0,0,1,0,0,0,1,0,0,0,0,0,1,0,1
110000000,119.0,4,3,4,3,2.0917612426814562,5.391272390647811,0,1,1,1,0,0,1,0,1,0,0,0,0,0,0,1,0,1,1,1
35000000,123.0,3,3,12,0,5.769308658639165,2.578309681419259,1,1,1,1,0,0,0,0,1,0,0,1,0,0,0,0,0,0,0,0
38000000,94.0,6,3,5,0,3.386706450727273,3.317427959551192,1,1,1,0,0,0,1,1,0,0,0,0,1,0,0,0,0,0,0,1
10000000,107.0,2,3,0,0,0.0,5.90426706327068,0,1,1,0,0,0,0,0,0,0,0,1,0,0,0,0,0,0,0,0
3000000,83.0,4,2,0,0,0.0,4.887278251790675,0,1,1,0,0,0,0,0,0,0,0,0,0,0,1,0,0,0,0,0
35000000,87.0,4,3,4,1,5.95979586875,3.39186907973018,1,1,1,0,0,0,0,1,0,0,0,0,0,0,0,0,0,0,0,0
108000000,141.0,6,3,15,3,2.422183870577528,3.5606120195451516,1,1,1,1,0,0,0,0,1,0,0,1,0,0,0,1,0,0,0,1
8900000,93.0,4,3,0,0,0.0,2.6886537994968323,0,1,1,0,0,1,0,1,0,0,0,0,0,0,0,0,0,0,0,0
55000000,121.0,6,2,2,0,2.3434787786885245,3.1338073146098946,1,1,1,1,0,0,0,0,1,0,0,1,0,0,0,0,0,1,0,1
11000000,111.0,4,2,0,0,0.0,1.8914861835470083,0,1,0,1,0,0,0,0,0,0,0,1,0,0,0,0,0,0,0,0
35000000,91.0,4,1,1,0,1.9678502307692307,3.150008516154056,0,1,1,0,0,0,0,0,0,0,0,0,0,0,0,0,0,0,0,0
50100000,105.0,3,4,2,1,1.8382056238461537,4.002815401561442,0,1,1,1,0,0,0,0,0,0,0,1,0,0,0,0,0,0,0,1
190000000,130.0,3,4,3,0,4.035906773226602,3.2526579985100144,1,1,1,1,0,0,0,0,1,0,0,0,1,0,0,1,0,0,0,1
5000000,103.0,3,2,3,1,4.92764525,2.9821680223771403,0,1,1,0,1,0,0,1,0,0,0,0,0,0,0,0,0,0,0,0
90000000,106.0,7,3,2,0,1.8326322923076923,3.45230866226324,0,1,1,1,0,0,0,1,1,0,0,0,0,1,0,0,0,0,0,1
17000000,107.0,3,2,1,0,4.206473545454545,3.121160374601734,0,1,1,1,0,1,0,0,0,0,0,0,1,0,0,0,0,0,0,0
14800000,115.0,2,3,0,0,0.0,5.535985759268514,1,1,1,0,1,0,0,0,0,0,0,1,0,0,0,0,0,0,0,1
1000000,82.0,2,2,0,0,0.0,0.0,0,1,1,0,0,0,0,0,0,0,0,0,0,0,1,0,0,0,0,0
64000000,92.0,6,3,1,0,4.859573538461539,2.9637502983377124,0,1,0,1,1,0,0,0,1,1,0,0,0,1,0,0,0,1,0,0
30000000,122.0,6,2,7,1,7.614082800238095,2.785102321866778,1,1,1,1,0,0,0,0,0,0,0,1,0,0,0,0,0,0,0,0
7000000,103.0,3,2,2,0,3.5919578888888886,4.867835229608815,0,1,1,1,0,0,0,0,0,0,0,1,0,0,0,0,0,0,0,0
105000000,114.0,4,3,0,0,0.0,1.9151261958730157,0,1,1,1,0,1,0,1,0,0,0,0,0,0,0,0,0,1,0,1
25000000,131.0,3,2,4,0,1.577289860340354,2.2500933126977007,0,1,1,1,0,0,0,0,0,0,0,0,0,0,0,0,0,0,0,0
50000000,114.0,3,5,4,0,3.1536760354166664,2.67853353535295,0,1,1,0,0,0,0,1,0,0,0,1,0,0,0,0,0,0,0,0
5000000,121.0,2,1,1,1,0.8562222307692308,1.7556946502989799,0,1,1,0,0,0,0,0,0,0,0,1,0,0,0,0,0,0,0,0
26000000,116.0,2,3,3,1,2.778261214117647,4.590703872646899,0,1,1,1,1,0,0,0,0,0,0,0,0,0,0,1,0,0,0,0
245000000,148.0,3,3,6,0,5.988311083067226,2.5995624426680486,1,1,1,1,0,0,1,1,1,0,0,0,0,0,0,0,0,0,1,1
80000000,89.0,2,3,1,0,4.216183564705882,2.3918397960435067,1,1,1,0,0,0,0,0,0,1,0,0,1,0,0,0,0,0,0,1
65000000,127.0,9,3,0,0,0.0,2.3165172882132103,0,1,0,0,0,0,0,1,1,0,0,1,0,0,0,0,0,0,0,1
155000000,126.0,3,4,1,1,3.791596482352941,3.881490684733393,1,1,1,1,1,0,1,1,1,0,0,0,0,0,0,1,0,1,1,1
20000000,128.0,5,3,1,0,17.359628,4.105340227554966,1,1,1,1,0,1,0,0,0,0,0,1,0,0,0,0,0,0,0,0
15000000,105.0,6,3,0,0,0.0,1.8413776500322139,0,0,0,0,1,0,0,1,0,0,0,1,0,0,0,0,0,0,0,0
280000000,141.0,3,3,2,0,3.9518671660839164,2.673853090096523,0,1,1,1,0,0,1,1,1,0,0,0,0,0,0,1,0,1,1,1
44000000,167.0,3,4,7,4,7.069967846506357,2.286628754627977,0,1,1,1,0,1,0,0,0,0,0,1,0,0,0,0,0,0,0,1
25000000,120.0,4,2,0,0,0.0,2.530777069952737,0,1,1,0,1,0,0,0,0,0,0,1,0,0,0,0,0,0,0,0
100000,87.0,4,2,0,0,0.0,0.0,0,1,1,1,1,0,0,0,0,0,0,0,0,0,1,0,0,0,0,0
160000000,137.0,3,3,4,2,4.860470454896086,5.8677444141516695,1,1,1,1,0,1,1,1,1,0,0,0,0,0,0,1,0,1,0,1
34000000,128.0,2,2,2,0,1.2436022447916666,1.1008122210526317,0,1,1,0,0,0,0,0,0,0,0,1,0,0,0,0,0,0,0,0
20000000,111.0,4,3,2,1,2.9508811500000003,2.287355414330357,1,1,1,0,1,0,0,0,1,0,0,1,1,0,0,0,0,0,0,0
68000000,115.0,5,1,1,1,10.9873663,5.899768718407702,1,1,1,0,1,0,1,0,0,0,0,0,0,0,0,0,0,0,1,1
14000000,93.0,3,1,2,0,2.8569443322222225,1.6286360538986353,1,1,1,0,0,0,1,0,0,0,0,0,0,0,0,0,0,0,1,0
190000000,137.0,10,1,4,0,40.49518022540792,2.3055396393251795,1,1,1,1,0,0,0,1,0,0,0,0,0,0,0,0,0,0,0,1
150000000,131.0,7,3,2,0,2.9445285465686273,4.3683758701239155,1,1,1,1,1,0,1,1,1,0,0,0,0,0,0,0,0,0,1,1
70000000,133.0,3,3,5,0,1.8807634592962696,2.459417026980134,1,1,1,1,0,0,0,0,0,0,0,1,0,0,0,0,0,0,0,0
150000000,120.0,3,4,6,0,13.707982111729622,2.645656524613425,1,1,1,1,0,0,1,1,1,0,0,0,0,0,0,1,0,0,0,1
100000000,122.0,8,5,10,1,4.054664181879194,2.649929599323283,1,1,1,1,0,1,0,1,1,0,0,1,0,0,0,0,0,0,0,0
5000000,94.0,2,2,8,0,4.670383619567308,2.8895158807518797,0,1,1,1,0,0,0,0,0,0,0,0,0,0,1,0,1,0,0,0
61000000,132.0,3,1,1,0,10.244701794117647,10.244701794117647,0,1,1,1,0,0,1,1,0,0,0,0,0,0,0,0,0,0,0,1
50000000,96.0,3,1,3,1,1.460046565914787,2.496162802559671,1,1,1,1,0,1,0,0,0,0,0,0,0,0,0,0,0,0,0,1
10000000,122.0,3,2,2,0,1.2724472115384615,2.6263432490617498,0,1,1,0,0,1,0,0,0,0,0,1,0,0,0,0,0,0,0,0
53000000,122.0,7,2,2,1,3.1687455714285715,3.634891598869524,0,1,1,0,0,0,0,0,0,0,0,1,0,0,0,0,0,0,0,0
74000000,91.0,2,4,0,0,10.32509848636537,3.8901258765453264,1,1,1,1,1,0,0,0,1,1,0,0,1,0,0,0,0,1,0,1
74000000,93.0,6,4,0,0,0.0,4.672059733333334,1,1,1,1,0,0,1,0,1,1,0,0,1,0,0,0,0,0,0,1
20000000,106.0,2,3,0,0,0.0,0.8165123104166665,0,1,1,1,0,0,0,0,0,0,0,1,0,0,0,0,0,0,0,0
175000000,94.0,2,4,2,0,4.5473102914285715,3.2769692654761906,1,1,1,1,1,0,0,0,0,1,0,1,1,0,0,0,0,1,0,1
75000000,116.0,4,3,6,0,3.5386910006172836,1.5978424061928105,1,1,1,0,1,0,0,1,1,0,0,0,0,0,0,0,0,0,0,1
150000000,124.0,5,4,1,0,5.343722666666666,3.0731492272824696,1,1,1,1,1,0,1,1,1,0,0,0,0,0,0,1,0,1,1,1
4000000,95.0,7,1,0,0,0.0,3.262468665403469,1,1,1,1,0,0,0,0,0,0,0,0,0,0,1,0,0,0,0,0
60000000,124.0,4,2,5,1,4.672281087952382,5.071203857864724,0,1,1,1,0,1,0,0,0,0,0,1,0,0,0,0,0,0,0,1
60000000,106.0,4,2,3,0,1.6573408956349205,3.0368629596061965,1,1,1,1,0,0,0,0,1,0,0,0,0,0,0,0,0,0,0,0
15000000,98.0,2,3,0,0,0.0,4.696892010704235,1,1,1,1,0,1,0,0,0,0,0,0,0,1,1,0,0,0,0,0
175000000,93.0,2,3,0,0,0.0,1.1614930329409632,1,1,1,1,0,1,0,0,1,1,0,0,1,0,0,0,0,0,0,1
4000000,91.0,4,1,8,0,2.4719231603628176,3.132660897386655,1,1,1,1,0,0,0,0,0,0,0,0,0,0,0,0,0,0,0,0
3300000,83.0,3,2,0,0,0.0,8.339500561129153,1,1,1,1,0,0,0,0,0,0,0,0,0,0,1,0,0,0,0,0
176000003,124.0,4,4,5,0,3.1224778593572986,5.09942175052741,1,1,1,1,0,0,0,1,1,0,0,0,0,1,0,1,0,1,0,1
700000,103.0,3,3,3,0,3.042053984126984,5.8200106,0,1,1,1,1,0,0,0,0,0,0,1,0,0,0,0,0,0,0,0
25000000,96.0,1,3,1,0,2.460601035714286,0.4921645365853658,0,1,0,1,0,0,1,1,0,0,0,0,0,0,0,0,0,0,1,0
58000000,103.0,7,3,1,0,3.0655150868253966,2.487002971214599,1,1,1,1,1,0,0,0,1,0,0,0,0,0,1,0,0,1,0,1
19500000,111.0,8,3,1,0,0.490792,3.6387972473289256,0,1,1,1,0,0,0,0,0,0,0,1,0,0,0,0,0,0,0,0
20000000,100.0,3,1,1,0,2.96755748,7.273727542692308,0,1,1,1,0,0,0,0,0,0,0,1,0,0,0,0,0,0,0,0
40000000,134.0,7,1,5,0,33.9816698224316,8.972495274080256,1,1,1,1,0,0,0,0,0,0,0,0,0,0,1,0,0,0,0,1
19000000,83.0,6,4,2,0,0.8103357021276596,3.5811634453532473,1,1,1,1,1,0,0,0,1,1,0,0,0,1,0,0,0,0,0,1
16000000,117.0,2,1,1,0,0.99610892,3.6159512860242717,1,1,1,1,0,0,0,0,0,0,0,1,0,0,0,0,0,0,0,0
40000000,102.0,4,2,5,0,5.125719134820513,3.46940365909071,1,1,1,1,0,0,1,1,0,0,0,0,0,0,0,0,0,0,1,1
175000000,123.0,5,5,5,2,3.350484548319328,3.0388054849786177,1,1,1,1,1,0,0,1,1,0,0,0,0,1,0,1,0,0,0,1
175000000,106.0,4,4,5,0,2.960591953554945,4.584638444714509,1,1,1,1,0,0,0,0,1,0,0,1,1,1,0,0,0,0,0,1
22000000,106.0,3,3,8,6,3.736447667581618,2.21606503344654,1,1,1,1,0,0,0,0,0,0,0,1,0,0,0,0,0,0,0,0
58000000,108.0,5,3,0,0,0.0,3.565431371807188,1,1,1,1,0,0,0,1,1,0,0,0,0,0,0,0,0,0,0,1
50000000,107.0,4,2,2,0,7.841626925675676,3.855670218007093,1,1,1,1,1,0,0,1,0,0,0,0,0,0,0,0,0,0,0,1
90000000,129.0,4,6,4,0,5.575004886649944,2.5424158117857747,1,1,1,1,1,0,1,1,1,0,0,0,0,0,0,0,0,0,1,1
165000000,120.0,4,3,7,1,3.278396425669552,4.949288690140824,1,1,1,1,1,0,1,1,1,0,0,0,0,0,0,1,0,0,0,1
68490000,120.0,1,3,0,0,0.0,1.7760692047058826,0,0,0,1,0,0,0,1,1,0,0,0,0,1,0,0,0,0,0,1
29000000,110.0,3,2,7,0,3.448339078149718,5.2136895789496585,0,1,1,1,0,0,0,0,0,0,0,1,0,0,0,0,0,0,0,0
178000000,144.0,6,1,7,7,2.8102789799075,3.8709848222053442,1,1,1,1,0,0,1,0,0,0,0,0,0,0,0,1,0,0,0,1
29000000,91.0,1,1,1,0,5.0262716,6.981692684855474,1,1,1,1,0,0,0,0,0,0,0,0,0,0,0,0,0,0,0,0
100000000,125.0,4,1,3,0,4.229892908571428,1.1188908955170755,1,1,1,1,1,0,0,0,0,0,0,1,0,0,0,0,0,0,0,0
25000000,98.0,5,3,4,0,2.0921319904761906,4.2633427554136425,0,1,1,1,0,0,0,1,0,0,0,1,0,0,0,0,0,0,0,0
20000000,96.0,3,3,2,0,34.852181,1.8478453275396824,1,1,1,1,1,0,0,0,1,0,0,0,0,0,0,0,0,0,0,0
180000000,109.0,7,2,2,0,4.995294187333333,2.5119955176789244,0,1,1,1,1,0,0,1,1,0,0,0,0,0,0,0,0,0,0,1
31500000,113.0,6,1,1,0,0.09845965,3.189832417997943,1,1,1,0,0,0,0,1,0,0,0,0,0,0,0,0,0,0,0,0
11500000,102.0,6,1,0,0,0.0,3.4295644347538783,1,1,1,1,0,0,0,0,0,0,0,0,0,0,0,0,0,0,0,0
20000000,110.0,3,2,0,0,0.0,3.4744683989247314,0,1,1,1,1,0,0,0,0,0,0,1,0,0,0,0,0,0,0,1
20000000,100.0,3,1,1,0,3.697359384615385,5.735981196429651,0,1,1,1,1,0,0,0,0,0,0,0,0,0,0,0,0,0,0,1
15000000,103.0,3,3,0,0,0.0,2.8874029537853443,1,1,1,1,0,0,0,0,0,0,0,1,0,0,0,1,0,0,0,1
50000000,144.0,5,5,11,0,4.289451395238621,1.8409451006562074,1,1,1,1,0,0,1,1,0,0,0,1,0,0,0,0,0,0,0,0
15000000,120.0,2,5,0,0,0.0,0.0,0,1,0,0,1,0,0,1,1,0,0,1,0,0,1,1,0,0,0,0
60000000,99.0,4,3,0,0,0.0,3.018906420476211,0,1,1,1,0,0,0,1,0,0,0,0,0,0,0,0,0,0,0,1
4500000,126.0,3,4,0,0,0.0,4.235151,0,0,0,0,0,0,0,1,0,0,0,1,0,0,0,0,0,0,0,0
140000000,120.0,5,3,26,14,11.45662104066385,4.067053726977857,1,1,1,1,1,0,0,0,1,0,0,0,1,1,0,0,0,0,0,1
20000000,107.0,4,1,4,0,2.9536264696428574,0.8019748481617648,1,1,1,0,0,0,0,1,0,0,0,0,0,0,0,0,0,0,0,0
135000000,112.0,5,4,1,0,3.4846153846153847,2.875857936671986,1,1,1,1,1,0,1,1,1,0,0,0,0,1,0,0,0,0,1,1
73000000,97.0,5,2,0,0,0.0,2.157559091344512,1,1,1,1,0,0,0,0,0,1,0,0,1,0,0,0,0,1,0,1
140000000,127.0,5,1,4,0,3.319159329444444,5.411811409420764,0,1,1,0,0,0,0,0,0,0,0,0,0,1,0,0,0,0,0,1
185000000,122.0,7,3,2,2,3.436717123529412,1.895284127867314,1,1,1,1,1,0,1,1,1,0,0,0,0,0,0,1,0,0,1,1
120000000,123.0,5,2,5,3,3.5869140049783548,2.82822735473054,0,1,1,1,1,0,0,1,0,0,0,0,0,0,0,0,0,0,0,1
110000000,121.0,4,2,5,4,2.2102057232360743,5.848480178163992,1,1,1,1,0,0,1,0,1,0,0,0,0,0,0,1,0,0,1,1
80000000,114.0,4,4,3,0,1.313152534836601,1.4338143121467635,1,1,1,1,0,0,0,1,0,0,0,1,0,0,0,0,0,1,0,0
10000000,97.0,5,3,2,0,37.50467959974747,1.5048331363636365,0,1,1,1,0,0,0,0,0,0,0,0,0,0,1,0,0,0,0,0
15000000,94.0,1,2,0,0,0.0,0.0,0,1,1,1,0,0,0,1,0,0,0,0,0,0,0,0,0,0,0,0
10000000,95.0,3,2,0,0,0.0,0.0,0,1,1,1,0,0,0,0,0,0,0,0,0,0,1,0,0,0,0,0
20000000,115.0,5,2,2,0,1.693974890625,2.191875774700391,0,1,1,1,0,0,0,1,0,0,0,0,0,0,0,0,0,0,0,0
160000000,123.0,4,3,2,0,3.2780837906249998,2.1673802459760103,1,1,1,1,0,0,0,1,1,0,0,0,0,1,0,0,0,0,0,1
10000000,105.0,4,3,2,2,20.931596,4.047507052820513,1,1,1,1,1,0,1,1,0,0,0,0,0,0,1,0,0,0,1,1
27000000,98.0,5,1,1,0,0.0462293333333333,3.3576592428016596,1,1,1,0,0,0,0,0,0,0,0,0,0,0,0,0,0,0,0,0
5000000,134.0,4,2,5,4,1.8348646446428571,3.0078653495638497,0,1,0,0,0,0,0,1,0,0,0,1,0,0,0,0,0,0,0,0
28000000,108.0,6,4,3,0,2.8131488390572392,3.036288217894737,1,1,1,1,0,0,0,0,0,0,0,0,0,0,1,0,0,0,0,0
23000000,106.0,4,3,0,0,0.0,2.801147615800282,1,1,1,1,0,0,0,0,0,0,0,1,0,0,0,0,0,0,0,0
7000000,117.0,4,2,3,0,5.72881996678744,1.6818113930902125,0,1,1,1,1,0,0,0,0,0,0,0,0,0,1,0,0,0,0,0
75000000,87.0,4,2,0,0,10.32509848636537,3.384498666,1,1,1,1,1,0,0,0,0,1,0,0,1,0,0,0,0,0,0,1
25000000,127.0,1,3,2,0,2.1112719916666665,3.7616435798257988,0,1,0,1,1,0,0,0,0,0,0,1,0,0,0,0,0,0,0,0
4900000,81.0,3,2,0,0,0.0,2.2682304818523242,0,1,1,1,1,0,0,0,0,0,0,0,0,0,1,0,0,0,0,0
250000000,147.0,5,3,2,0,3.3099524753812637,3.7764030658376804,1,1,1,1,0,0,1,1,1,0,0,0,0,0,0,1,0,1,1,1
3500000,92.0,9,2,0,0,0.0,0.0,0,1,1,1,0,0,0,0,0,0,0,0,0,0,1,0,0,0,0,0
38000000,110.0,3,2,0,0,0.0,7.801043006477961,0,1,1,1,0,0,0,0,0,0,0,0,0,0,0,0,0,0,0,1
17000000,86.0,3,3,5,2,2.809187404333333,1.8564930555555554,1,1,1,1,1,0,0,0,0,0,0,1,0,0,1,0,0,0,0,1
18500000,120.0,1,1,0,0,0.0,0.0,0,1,1,0,0,0,0,0,0,0,0,1,0,0,0,0,0,0,0,0
35000000,91.0,4,1,4,0,5.612784233333333,6.328840117719346,1,1,1,1,0,0,1,0,0,0,0,0,0,0,0,0,0,0,1,1
5000000,121.0,1,1,0,0,0.0,2.824176125,0,1,1,1,0,0,0,0,0,0,0,1,0,0,0,0,0,0,0,0
145000000,95.0,4,5,1,0,4.43794854,3.0475449689960783,1,1,1,1,0,0,1,1,1,1,0,0,1,0,0,0,0,0,1,1
5000000,95.0,2,3,0,0,0.0,3.1194089272514276,0,1,1,1,0,0,0,0,0,0,0,0,0,0,1,0,0,0,0,0
38000000,112.0,4,2,0,0,0.0,4.045808476994433,1,1,1,1,0,0,0,0,1,0,0,0,0,0,0,1,0,0,0,1
18000000,94.0,4,3,2,0,3.44604644,36.49602709863636,1,1,1,0,0,0,0,0,0,0,0,0,1,0,0,0,0,0,0,0
20000000,92.0,1,2,1,0,24.0566732,6.713423970717448,0,1,1,1,0,0,0,0,0,0,0,0,0,0,0,0,0,0,0,0
50000000,139.0,3,5,2,0,5.460579584597701,2.7557118717550226,0,1,1,1,1,0,0,1,0,0,0,1,0,0,0,0,0,0,0,0
8500000,120.0,4,1,0,0,0.0,1.6940227568767505,0,1,1,1,0,0,0,0,0,0,0,1,0,0,0,0,0,0,0,0
250000000,151.0,6,3,6,3,2.895713476125927,3.911068678766187,1,1,1,1,0,0,1,1,1,0,0,0,0,1,0,0,0,0,0,1
144000000,116.0,7,3,2,2,6.281718189266547,4.3262997437792166,1,1,1,1,1,0,0,1,0,0,0,0,0,1,0,0,0,0,0,1
65000000,102.0,2,3,0,0,0.0,2.862814352106325,1,1,1,1,1,0,0,0,1,0,0,0,1,1,0,0,0,0,0,1
50000000,100.0,2,1,4,0,2.1232925958507702,2.8237834489980305,0,1,1,1,0,0,1,0,0,0,0,0,0,0,0,0,0,0,1,0
18000000,112.0,3,3,2,2,1.3893164,2.5373160635601977,1,1,1,1,0,0,0,0,1,0,0,1,0,0,0,1,0,0,0,0
170000000,113.0,5,1,2,0,2.639213311111111,2.8555571754347717,1,1,1,1,0,0,1,0,0,0,0,0,0,1,0,0,0,1,1,1
115000000,114.0,3,3,0,0,0.0,2.9379103371015147,1,1,1,1,0,0,1,1,1,0,0,1,0,0,0,0,0,0,0,1
