movie_id,company_id,company_name
19995,289,Ingenious Film Partners
19995,306,Twentieth Century Fox Film Corporation
19995,444,Dune Entertainment
19995,574,Lightstorm Entertainment
285,2,Walt Disney Pictures
285,130,Jerry Bruckheimer Films
285,19936,Second Mate Productions
206647,5,Columbia Pictures
206647,10761,Danjaq
206647,69434,B24
49026,923,Legendary Pictures
49026,6194,Warner Bros.
49026,9993,DC Entertainment
49026,9996,Syncopy
49529,2,Walt Disney Pictures
559,5,Columbia Pictures
559,326,Laura Ziskin Productions
559,19551,Marvel Enterprises
38757,2,Walt Disney Pictures
38757,6125,Walt Disney Animation Studios
99861,420,Marvel Studios
99861,15357,Prime Focus
99861,76043,Revolution Sun Studios
767,6194,Warner Bros.
767,7364,Heyday Films
209112,429,DC Comics
209112,507,Atlas Entertainment
209112,6194,Warner Bros.
209112,9993,DC Entertainment
209112,9995,Cruel & Unusual Films
209112,41624,RatPac-Dune Entertainment
1452,429,DC Comics
1452,923,Legendary Pictures
1452,6194,Warner Bros.
1452,9168,Bad Hat Harry Productions
10764,7576,Eon Productions
58,2,Walt Disney Pictures
58,130,Jerry Bruckheimer Films
58,19936,Second Mate Productions
57201,2,Walt Disney Pictures
57201,130,Jerry Bruckheimer Films
57201,2691,Infinitum Nihil
57201,37380,Silver Bullet Productions (II)
57201,37381,Blind Wink Productions
57201,37382,Classic Media
49521,923,Legendary Pictures
49521,6194,Warner Bros.
49521,9993,DC Entertainment
49521,9996,Syncopy
49521,78685,Cruel and Unusual Films
2454,5888,Walt Disney
2454,10221,Walden Media
2454,11345,Stillking Films
2454,11440,Ozumi Films
2454,11441,Propeler
2454,11442,Silverbell Films
2454,76043,Revolution Sun Studios
24428,4,Paramount Pictures
24428,420,Marvel Studios
1865,2,Walt Disney Pictures
1865,130,Jerry Bruckheimer Films
1865,20478,Moving Picture Company (MPC)
41154,56,Amblin Entertainment
41154,5627,Media Magik Entertainment
41154,6736,Imagenation Abu Dhabi FZ
41154,9169,Hemisphere Media Capital
41154,11084,Parkes/MacDonald Productions
122917,11,WingNut Films
122917,12,New Line Cinema
122917,174,Warner Bros. Pictures
122917,7413,3Foot7
122917,8411,Metro-Goldwyn-Mayer (MGM)
1930,5,Columbia Pictures
1930,326,Laura Ziskin Productions
1930,7505,Marvel Entertainment
20662,23,Imagine Entertainment
20662,33,Universal Pictures
20662,1645,Scott Free Productions
20662,7295,Relativity Media
57158,11,WingNut Films
57158,12,New Line Cinema
57158,174,Warner Bros. Pictures
57158,8411,Metro-Goldwyn-Mayer (MGM)
2268,12,New Line Cinema
2268,289,Ingenious Film Partners
2268,1473,Depth of Field
2268,1938,Scholastic Productions
254,11,WingNut Films
254,33,Universal Pictures
254,68,Big Primate Pictures
254,69,MFPV Film
597,4,Paramount Pictures
597,306,Twentieth Century Fox Film Corporation
597,574,Lightstorm Entertainment
271110,264,Studio Babelsberg
271110,420,Marvel Studios
271110,3036,Walt Disney Studios Motion Pictures
271110,84424,Vita-Ray Dutch Productions (III)
271110,84425,Deluxe Digital Studios
44833,33,Universal Pictures
44833,2598,Hasbro
44833,13778,Bluegrass Films
44833,20153,Film 44
135397,13,Universal Studios
135397,56,Amblin Entertainment
135397,923,Legendary Pictures
135397,3341,Fuji Television Network
135397,6452,Dentsu
37724,5,Columbia Pictures
558,5,Columbia Pictures
558,326,Laura Ziskin Productions
558,19551,Marvel Enterprises
68721,420,Marvel Studios
12155,2,Walt Disney Pictures
12155,598,Team Todd
12155,8601,Tim Burton Productions
12155,16314,Roth Films
12155,20004,"Zanuck Company, The"
36668,289,Ingenious Film Partners
36668,306,Twentieth Century Fox Film Corporation
36668,431,Donners' Company
36668,444,Dune Entertainment
36668,445,Major Studio Partners
36668,9168,Bad Hat Harry Productions
36668,12247,thinkfilm
36668,19551,Marvel Enterprises
36668,79028,X3 Canada Productions
36668,79029,X3US Productions
36668,79030,XM3 Service
62211,2,Walt Disney Pictures
62211,3,Pixar Animation Studios
8373,4,Paramount Pictures
8373,27,DreamWorks SKG
8373,56,Amblin Entertainment
8373,435,Di Bonaventura Pictures
8373,2481,Platinum Dunes
8373,22826,Hasbro Studios
8373,76043,Revolution Sun Studios
91314,4,Paramount Pictures
91314,56,Amblin Entertainment
91314,435,Di Bonaventura Pictures
91314,2481,Platinum Dunes
91314,11413,China Movie Channel
91314,22826,Hasbro Studios
91314,38833,Ian Bryce Productions
91314,76043,Revolution Sun Studios
68728,2,Walt Disney Pictures
68728,16314,Roth Films
102382,5,Columbia Pictures
102382,19551,Marvel Enterprises
102382,31828,Avi Arad Productions
102382,53462,Matt Tolmach Productions
20526,2,Walt Disney Pictures
20526,7161,LivePlanet
20526,18713,Prana Studios
20526,23791,Sean Bailey Productions
20526,76043,Revolution Sun Studios
20526,76067,Kontsept Film Company
49013,2,Walt Disney Pictures
49013,3,Pixar Animation Studios
44912,2609,De Line Pictures
44912,6194,Warner Bros.
44912,9993,DC Entertainment
10193,2,Walt Disney Pictures
10193,3,Pixar Animation Studios
534,5,Columbia Pictures
534,4021,The Halcyon Company
534,4022,Wonderland Sound and Vision
534,6194,Warner Bros.
168259,33,Universal Pictures
168259,333,Original Film
168259,3341,Fuji Television Network
168259,6452,Dentsu
168259,7154,One Race Films
168259,40890,China Film Co.
168259,86352,Québec Production Services Tax Credit
168259,86655,Media Rights Capital (MRC)
168259,87857,Abu Dhabi Film Commission
168259,87858,"Colorado Office of Film, Television & Media"
72190,4,Paramount Pictures
72190,3281,GK Films
72190,6277,Skydance Productions
72190,9169,Hemisphere Media Capital
72190,11956,Apparatus Productions
72190,19108,Latina Pictures
72190,23644,2DUX²
127585,306,Twentieth Century Fox Film Corporation
127585,431,Donners' Company
127585,7505,Marvel Entertainment
127585,9168,Bad Hat Harry Productions
127585,22213,TSG Entertainment
127585,37336,Down Productions
127585,76043,Revolution Sun Studios
54138,4,Paramount Pictures
54138,6277,Skydance Productions
54138,11461,Bad Robot
54138,12536,Kurtzman/Orci
81005,12,New Line Cinema
81005,333,Original Film
81005,923,Legendary Pictures
81005,6194,Warner Bros.
81005,8406,Big Kid Pictures
81005,9168,Bad Hat Harry Productions
64682,79,Village Roadshow Pictures
64682,240,Bazmark Films
64682,6194,Warner Bros.
64682,11858,A&E Television Networks
64682,14440,Red Wagon Entertainment
64682,14604,Spectrum Films
9543,2,Walt Disney Pictures
9543,130,Jerry Bruckheimer Films
68726,923,Legendary Pictures
68726,6194,Warner Bros.
68726,19750,Disney Double Dare You (DDY)
68726,19751,Indochina Productions
38356,4,Paramount Pictures
38356,435,Di Bonaventura Pictures
38356,19751,Indochina Productions
38356,22826,Hasbro Studios
217,1,Lucasfilm
217,4,Paramount Pictures
105864,2,Walt Disney Pictures
105864,3,Pixar Animation Studios
62177,2,Walt Disney Pictures
62177,3,Pixar Animation Studios
188927,4,Paramount Pictures
188927,11461,Bad Robot
188927,34530,Perfect Storm Entertainment
188927,69484,Alibaba Pictures Group
188927,82819,Skydance Media
188927,83644,Sneaky Shark
188927,83645,Huahua Media
10681,2,Walt Disney Pictures
10681,3,Pixar Animation Studios
10681,93408,FortyFour Studios
5174,12,New Line Cinema
14161,5,Columbia Pictures
14161,347,Centropolis Entertainment
14161,1557,The Mark Gordon Company
14161,10905,Farewell Productions
17979,5888,Walt Disney
17979,11395,ImageMovers
76757,79,Village Roadshow Pictures
76757,444,Dune Entertainment
76757,450,Anarchos Productions
76757,6194,Warner Bros.
258489,79,Village Roadshow Pictures
258489,552,Dark Horse Entertainment
258489,2596,Jerry Weintraub Productions
258489,41624,RatPac-Dune Entertainment
258489,46339,Beagle Pug Films
258489,86565,Riche Productions
258489,86566,Village Roadshow Films North America
411,5888,Walt Disney
411,10221,Walden Media
246655,306,Twentieth Century Fox Film Corporation
246655,431,Donners' Company
246655,7505,Marvel Entertainment
246655,9168,Bad Hat Harry Productions
246655,22213,TSG Entertainment
246655,78091,Kinberg Genre
155,429,DC Comics
155,923,Legendary Pictures
155,6194,Warner Bros.
155,9993,DC Entertainment
155,9996,Syncopy
14160,3,Pixar Animation Studios
15512,521,DreamWorks Animation
1726,420,Marvel Studios
44826,4,Paramount Pictures
44826,2691,Infinitum Nihil
44826,3281,GK Films
8487,2507,"Todman, Simon, LeMasters Productions"
8487,6194,Warner Bros.
8487,16774,Peters Entertainment
8487,57088,Sonnenfeld Josephson Worldwide Entertainment
1735,33,Universal Pictures
1735,2269,China Film Co-Production Corporation
1735,7295,Relativity Media
1735,11462,Alphaville Films
1735,19643,"Sommers Company, The"
297761,429,DC Comics
297761,444,Dune Entertainment
297761,507,Atlas Entertainment
297761,6194,Warner Bros.
297761,9993,DC Entertainment
2698,5,Columbia Pictures
2698,33,Universal Pictures
2698,158,Spyglass Entertainment
2698,159,Shady Acres Entertainment
2698,333,Original Film
2698,4171,Playtone
2698,7295,Relativity Media
137113,79,Village Roadshow Pictures
137113,6194,Warner Bros.
137113,6687,Viz Media
137113,12200,Province of British Columbia Production Services Tax Credit
137113,36390,3 Arts Entertainment
137113,41624,RatPac-Dune Entertainment
9804,33,Universal Pictures
9804,1073,Gordon Company
9804,1302,Davis Entertainment
9804,6092,Licht/Mueller Film Corporation
14869,4,Paramount Pictures
14869,158,Spyglass Entertainment
14869,435,Di Bonaventura Pictures
14869,2598,Hasbro
14869,76067,Kontsept Film Company
150540,2,Walt Disney Pictures
150540,3,Pixar Animation Studios
278927,2,Walt Disney Pictures
278927,3036,Walt Disney Studios Motion Pictures
278927,7297,Fairview Entertainment
278927,20478,Moving Picture Company (MPC)
10138,420,Marvel Studios
58595,33,Universal Pictures
58595,16314,Roth Films
102651,2,Walt Disney Pictures
102651,3036,Walt Disney Studios Motion Pictures
102651,16314,Roth Films
119450,290,Ingenious Media
119450,7076,Chernin Entertainment
119450,22213,TSG Entertainment
64686,2735,Mid Atlantic Films
64686,4403,Stuber Productions
64686,6292,Universal
64686,20478,Moving Picture Company (MPC)
64686,20851,H2F Entertainment
100402,420,Marvel Studios
10192,521,DreamWorks Animation
158852,2,Walt Disney Pictures
158852,20656,Babieka
158852,59778,A113
177572,2,Walt Disney Pictures
177572,6125,Walt Disney Animation Studios
82690,6125,Walt Disney Animation Studios
5255,1867,Golden Mean
5255,4171,Playtone
5255,11395,ImageMovers
47933,306,Twentieth Century Fox Film Corporation
47933,347,Centropolis Entertainment
47933,22213,TSG Entertainment
47933,86561,Stereo D
10191,521,DreamWorks Animation
10191,829,Vertigo Entertainment
10191,20154,Mad Hatter Entertainment
296,5,Columbia Pictures
296,763,Intermedia Films
296,6194,Warner Bros.
296,7340,C-2 Pictures
296,19116,IMF Internationale Medien und Film GmbH & Co. 3. Produktions KG
296,23636,Mostow/Lieberman Productions
118340,420,Marvel Studios
118340,20478,Moving Picture Company (MPC)
118340,54850,Bulletproof Cupid
118340,76043,Revolution Sun Studios
157336,4,Paramount Pictures
157336,923,Legendary Pictures
157336,6194,Warner Bros.
157336,9996,Syncopy
157336,13769,Lynda Obst Productions
27205,923,Legendary Pictures
27205,6194,Warner Bros.
27205,9996,Syncopy
315011,5896,Cine Bazar
315011,49301,Toho Pictures
49051,11,WingNut Films
49051,12,New Line Cinema
49051,174,Warner Bros. Pictures
49051,8411,Metro-Goldwyn-Mayer (MGM)
9799,33,Universal Pictures
9799,333,Original Film
9799,26281,Ardustry Entertainment
9799,26282,Mediastream Film GmbH & Co. Productions KG
4922,4,Paramount Pictures
4922,6194,Warner Bros.
4922,7383,"Kennedy/Marshall Company, The"
49538,289,Ingenious Film Partners
49538,290,Ingenious Media
49538,306,Twentieth Century Fox Film Corporation
49538,431,Donners' Company
49538,444,Dune Entertainment
49538,6332,Dune Entertainment III
49538,7505,Marvel Entertainment
49538,9168,Bad Hat Harry Productions
49538,10893,Big Screen Productions
131634,264,Studio Babelsberg
131634,1632,Lionsgate
131634,5420,Color Force
27022,2,Walt Disney Pictures
27022,130,Jerry Bruckheimer Films
27022,831,Saturn Films
27022,8000,Broken Road Productions
27022,19097,Junction Entertainment
503,449,Virtual Studios
503,1633,Next Entertainment
503,6194,Warner Bros.
503,14024,Irwin Allen Productions
503,18990,Radiant Productions
503,19943,Synthesis Entertainment
241259,2,Walt Disney Pictures
241259,598,Team Todd
241259,8601,Tim Burton Productions
241259,16314,Roth Films
241259,37455,Legend3D
810,27,DreamWorks SKG
810,521,DreamWorks Animation
68735,33,Universal Pictures
68735,507,Atlas Entertainment
68735,923,Legendary Pictures
68735,16028,Blizzard Entertainment
87101,4,Paramount Pictures
87101,13184,Annapurna Pictures
87101,82819,Skydance Media
10140,444,Dune Entertainment
10140,711,Fox 2000 Pictures
10140,10221,Walden Media
676,130,Jerry Bruckheimer Films
676,9195,Touchstone Pictures
1858,4,Paramount Pictures
1858,27,DreamWorks SKG
1858,56,Amblin Entertainment
1858,435,Di Bonaventura Pictures
1858,2481,Platinum Dunes
1858,12247,thinkfilm
1858,20011,SprocketHeads
1858,22826,Hasbro Studios
1858,76043,Revolution Sun Studios
1966,591,France 3 Cinéma
1966,763,Intermedia Films
1966,866,Pathé Renn Productions
1966,4588,Egmond Film & Television
1966,6194,Warner Bros.
1966,10926,Pacifica Film
1966,19116,IMF Internationale Medien und Film GmbH & Co. 3. Produktions KG
1966,54997,WR Universal Group
675,6194,Warner Bros.
675,7364,Heyday Films
674,462,Patalex IV Productions Limited
674,6194,Warner Bros.
674,7364,Heyday Films
8960,5,Columbia Pictures
8960,433,Weed Road Pictures
8960,675,Forward Pass
8960,7295,Relativity Media
8960,12485,Overbrook Entertainment
8960,28064,Blue Light
8960,41756,GH Three
6479,79,Village Roadshow Pictures
6479,333,Original Film
6479,433,Weed Road Pictures
6479,6194,Warner Bros.
6479,7364,Heyday Films
6479,12485,Overbrook Entertainment
118,79,Village Roadshow Pictures
118,80,The Zanuck Company
118,6194,Warner Bros.
118,8601,Tim Burton Productions
118,45778,Plan B Entertainment
118,55512,Theobald Film Productions
2062,2,Walt Disney Pictures
2062,3,Pixar Animation Studios
272,429,DC Comics
272,923,Legendary Pictures
272,6194,Warner Bros.
272,9993,DC Entertainment
272,9996,Syncopy
272,19231,Patalex III Productions Limited
10527,521,DreamWorks Animation
18360,306,Twentieth Century Fox Film Corporation
18360,436,1492 Pictures
18360,444,Dune Entertainment
18360,2575,21 Laps Entertainment
18360,10224,Museum Canada Productions
18360,20478,Moving Picture Company (MPC)
2080,289,Ingenious Film Partners
2080,306,Twentieth Century Fox Film Corporation
2080,431,Donners' Company
2080,444,Dune Entertainment
2080,9076,Seed Productions
2080,9168,Bad Hat Harry Productions
2080,10893,Big Screen Productions
2080,19551,Marvel Enterprises
605,79,Village Roadshow Pictures
605,172,NPV Entertainment
605,1885,Silver Pictures
605,6194,Warner Bros.
109445,2,Walt Disney Pictures
109445,6125,Walt Disney Animation Studios
604,79,Village Roadshow Pictures
604,172,NPV Entertainment
604,375,Heineken Branded Entertainment
604,1885,Silver Pictures
604,6194,Warner Bros.
76338,420,Marvel Studios
76341,79,Village Roadshow Pictures
76341,2537,Kennedy Miller Productions
76341,6194,Warner Bros.
13448,5,Columbia Pictures
13448,23,Imagine Entertainment
13448,5561,Panorama Films
13448,8253,Skylark Productions
10195,420,Marvel Studios
13053,6125,Walt Disney Animation Studios
19585,2,Walt Disney Pictures
19585,130,Jerry Bruckheimer Films
19585,3639,Whamaphram Productions
57165,923,Legendary Pictures
57165,3528,Thunder Road Pictures
57165,6194,Warner Bros.
57165,24175,Cott Productions
57165,24176,"Furia de Titanes II, A.I.E."
62213,79,Village Roadshow Pictures
62213,2691,Infinitum Nihil
62213,3281,GK Films
62213,6194,Warner Bros.
62213,8601,Tim Burton Productions
62213,9228,Dan Curtis Productions
62213,20004,"Zanuck Company, The"
177677,4,Paramount Pictures
177677,6277,Skydance Productions
177677,11413,China Movie Channel
177677,11461,Bad Robot
177677,21777,TC Productions
177677,69484,Alibaba Pictures Group
177677,69485,Odin
5559,520,Pacific Data Images (PDI)
5559,521,DreamWorks Animation
5559,1903,Columbus 81 Productions
49444,521,DreamWorks Animation
10196,4,Paramount Pictures
10196,2348,Nickelodeon Movies
10196,7383,"Kennedy/Marshall Company, The"
10196,8805,Industrial Light & Magic (ILM)
10196,12236,Blinding Edge Pictures
956,4,Paramount Pictures
956,44,Cruise/Wagner Productions
956,264,Studio Babelsberg
956,658,MI 3 Film
956,2269,China Film Co-Production Corporation
956,14714,China Film Group Corporation (CFGC)
956,22102,The Fourth Production Company Film Group
117251,5,Columbia Pictures
117251,347,Centropolis Entertainment
117251,34981,Iron Horse Entertainment (II)
117251,34982,Mythology Entertainment (II)
50321,6125,Walt Disney Animation Studios
11619,297,Aardman Animations
11619,521,DreamWorks Animation
266647,6194,Warner Bros.
266647,20478,Moving Picture Company (MPC)
266647,27711,Berlanti Productions
266647,41624,RatPac-Dune Entertainment
82703,520,Pacific Data Images (PDI)
82703,521,DreamWorks Animation
82703,73951,Classic Media Productions
82703,73952,Bullwinkle Studios
652,81,Plan B Entertainment
652,6194,Warner Bros.
652,7636,Nimar Studios
652,18990,Radiant Productions
652,19107,Helena Productions
652,19108,Latina Pictures
80321,521,DreamWorks Animation
36669,7576,Eon Productions
43074,5,Columbia Pictures
43074,79,Village Roadshow Pictures
43074,4607,"Montecito Picture Company, The"
43074,34034,LStar Capital
43074,61791,Feigco Entertainment
43074,84041,Pascal Pictures
43074,84042,Ghostcorps
95,130,Jerry Bruckheimer Films
95,9195,Touchstone Pictures
95,11533,Valhalla Motion Pictures
608,5,Columbia Pictures
608,56,Amblin Entertainment
608,441,Columbia Pictures Corporation
608,49325,Parkes+MacDonald Image Nation
2310,4,Paramount Pictures
2310,2265,Shangri-La Entertainment
2310,11395,ImageMovers
2310,24955,Paramount Animation
140300,306,Twentieth Century Fox Film Corporation
140300,521,DreamWorks Animation
140300,40890,China Film Co.
140300,76266,Oriental DreamWorks
56292,4,Paramount Pictures
56292,6277,Skydance Productions
56292,11461,Bad Robot
56292,21777,TC Productions
56292,76043,Revolution Sun Studios
56292,76067,Kontsept Film Company
81188,521,DreamWorks Animation
7552,23,Imagine Entertainment
7552,441,Columbia Pictures Corporation
7552,76714,JC 23 Entertainment
616,44,Cruise/Wagner Productions
616,6194,Warner Bros.
616,14718,Radar Pictures
616,20634,"Bedford Falls Company, The"
147441,1645,Scott Free Productions
147441,7076,Chernin Entertainment
147441,20656,Babieka
147441,52184,Volcano Films
13475,4,Paramount Pictures
13475,158,Spyglass Entertainment
13475,11461,Bad Robot
13475,23419,MavroCine Pictures GmbH & Co. KG
557,5,Columbia Pictures
557,19551,Marvel Enterprises
82702,521,DreamWorks Animation
82702,20154,Mad Hatter Entertainment
205584,491,Summit Entertainment
205584,908,Mystery Clock Cinema
205584,3528,Thunder Road Pictures
205584,72441,TIK Films
205584,88715,Pyramania
10048,326,Laura Ziskin Productions
10048,333,Original Film
10048,441,Columbia Pictures Corporation
10048,11317,Phoenix Pictures
10048,19523,AFG Talons Productions
13183,4,Paramount Pictures
13183,429,DC Comics
13183,840,Lawrence Gordon Productions
13183,923,Legendary Pictures
13183,6194,Warner Bros.
13183,78685,Cruel and Unusual Films
944,1885,Silver Pictures
944,5739,Donner/Shuler-Donner Productions
944,6194,Warner Bros.
1927,33,Universal Pictures
1927,10565,Good Machine
1927,11533,Valhalla Motion Pictures
1927,19551,Marvel Enterprises
72559,4,Paramount Pictures
72559,435,Di Bonaventura Pictures
72559,2598,Hasbro
72559,6277,Skydance Productions
72559,8411,Metro-Goldwyn-Mayer (MGM)
72559,19719,Saints LA
7364,4,Paramount Pictures
7364,2233,Bristol Bay Productions
7364,2234,Baldwin Entertainment Group
7364,2235,Desertlands Entertainment
7364,2767,Mace Neufeld Productions
7364,4169,Kanzaman
7364,12124,J.K. Livin Productions
7364,12125,Moguletta
7364,12126,Sahara Productions
7364,19481,Babelsberg Film
2114,5,Columbia Pictures
2114,4164,Square USA
2114,20033,Chris Lee Productions
1771,420,Marvel Studios
36643,7576,Eon Productions
36643,8411,Metro-Goldwyn-Mayer (MGM)
8619,33,Universal Pictures
8619,306,Twentieth Century Fox Film Corporation
8619,9118,Samuel Goldwyn Films
8619,53009,Miramax
50620,491,Summit Entertainment
50620,5219,Sunswept Entertainment
50620,12292,Temple Hill Entertainment
65759,79,Village Roadshow Pictures
65759,6194,Warner Bros.
65759,28381,Dr D Studios
65759,28382,Kennedy Miller Mitchell
1724,33,Universal Pictures
1724,420,Marvel Studios
1724,11533,Valhalla Motion Pictures
1724,25121,MVL Incredible Productions
267935,2,Walt Disney Pictures
267935,56,Amblin Entertainment
267935,7294,Reliance Entertainment
267935,7383,"Kennedy/Marshall Company, The"
267935,10221,Walden Media
281957,508,Regency Enterprises
281957,562,Appian Way
281957,8870,CatchPlay
281957,10039,Anonymous Content
281957,10104,New Regency Pictures
281957,13796,Hong Kong Alpha Motion Pictures Co.
281957,28732,RatPac Entertainment
281957,52660,M Productions
281957,77845,Monarchy Enterprises S.a.r.l.
77950,521,DreamWorks Animation
44896,4,Paramount Pictures
44896,2348,Nickelodeon Movies
44896,3281,GK Films
44896,10262,Blind Wink
44896,24955,Paramount Animation
270946,521,DreamWorks Animation
2503,33,Universal Pictures
2503,862,The Kennedy/Marshall Company
2503,11347,Ludlum Entertainment
2503,11348,Motion Picture BETA Produktionsgesellschaft
2503,11349,Bourne Again
9502,521,DreamWorks Animation
102899,420,Marvel Studios
101299,1632,Lionsgate
101299,5420,Color Force
228161,306,Twentieth Century Fox Film Corporation
228161,521,DreamWorks Animation
74,4,Paramount Pictures
74,27,DreamWorks SKG
74,44,Cruise/Wagner Productions
74,56,Amblin Entertainment
8961,441,Columbia Pictures Corporation
8961,10288,Don Simpson/Jerry Bruckheimer Films
417859,7,DreamWorks
27576,5,Columbia Pictures
27576,435,Di Bonaventura Pictures
27576,7295,Relativity Media
27576,11845,Wintergreen Productions
86834,4,Paramount Pictures
86834,508,Regency Enterprises
86834,7503,Protozoa Pictures
86834,10256,Disruption Entertainment
17578,4,Paramount Pictures
17578,5,Columbia Pictures
17578,11,WingNut Films
17578,56,Amblin Entertainment
17578,2348,Nickelodeon Movies
17578,7383,"Kennedy/Marshall Company, The"
17578,9169,Hemisphere Media Capital
673,436,1492 Pictures
673,437,Heyday films
673,6194,Warner Bros.
6972,240,Bazmark Films
6972,289,Ingenious Film Partners
6972,306,Twentieth Century Fox Film Corporation
6972,6332,Dune Entertainment III
6972,7888,ScreenWest
82700,5,Columbia Pictures
82700,12236,Blinding Edge Pictures
82700,12485,Overbrook Entertainment
10567,2,Walt Disney Pictures
10567,10217,Walt Disney Feature Animation
181533,306,Twentieth Century Fox Film Corporation
181533,436,1492 Pictures
181533,2575,21 Laps Entertainment
181533,20478,Moving Picture Company (MPC)
181533,22213,TSG Entertainment
38055,521,DreamWorks Animation
671,436,1492 Pictures
671,6194,Warner Bros.
671,7364,Heyday Films
49524,33,Universal Pictures
49524,333,Original Film
49524,552,Dark Horse Entertainment
22,2,Walt Disney Pictures
22,130,Jerry Bruckheimer Films
131631,1632,Lionsgate
131631,5420,Color Force
591,5,Columbia Pictures
591,23,Imagine Entertainment
591,8253,Skylark Productions
591,19927,Government of Malta
172385,9383,Blue Sky Studios
172385,11749,Twentieth Century Fox Animation
36658,306,Twentieth Century Fox Film Corporation
36658,431,Donners' Company
36658,9168,Bad Hat Harry Productions
36658,19551,Marvel Enterprises
36658,79026,XM2 Productions
36658,79027,XF2 Canada Productions
51497,33,Universal Pictures
51497,333,Original Film
51497,1225,One Race Productions
58574,79,Village Roadshow Pictures
58574,1885,Silver Pictures
58574,2723,Lin Pictures
58574,6194,Warner Bros.
58574,23202,Wigram Productions
18823,80,The Zanuck Company
18823,923,Legendary Pictures
18823,3528,Thunder Road Pictures
18823,6194,Warner Bros.
18823,20478,Moving Picture Company (MPC)
861,559,TriStar Pictures
861,14723,Carolco Pictures
861,80461,Carolco International N.V.
1911,9195,Touchstone Pictures
49040,33,Universal Pictures
49040,6452,Dentsu
49040,7295,Relativity Media
49040,7383,"Kennedy/Marshall Company, The"
49040,25716,Captivate Entertainment
415,1382,PolyGram Filmed Entertainment
415,6194,Warner Bros.
8871,23,Imagine Entertainment
8871,33,Universal Pictures
435,35,Lions Gate Films
435,306,Twentieth Century Fox Film Corporation
435,347,Centropolis Entertainment
435,11362,Mark Gordon Productions
435,54502,Mel's Cite du Cinema
955,4,Paramount Pictures
955,44,Cruise/Wagner Productions
955,51199,Munich Film Partners & Company (MFP) MI2 Productions
2133,6194,Warner Bros.
2133,16061,Baltimore Spring Creek Productions
2133,18990,Radiant Productions
1979,289,Ingenious Film Partners
1979,306,Twentieth Century Fox Film Corporation
1979,436,1492 Pictures
1979,444,Dune Entertainment
1979,5755,Constantin Film Produktion
1979,10881,Bernd Eichinger Productions
1979,19551,Marvel Enterprises
87827,289,Ingenious Film Partners
87827,290,Ingenious Media
87827,444,Dune Entertainment
87827,711,Fox 2000 Pictures
87827,10893,Big Screen Productions
87827,13480,Haishang Films
1250,441,Columbia Pictures Corporation
1250,7295,Relativity Media
1250,11370,Michael De Luca Productions
1250,19551,Marvel Enterprises
1250,20241,Crystal Sky Pictures
1250,20475,GH One
1250,20476,Vengeance Productions Pty. Ltd.
324668,862,The Kennedy/Marshall Company
324668,25716,Captivate Entertainment
324668,29313,Pearl Street Films
324668,31922,Double Negative
324668,83871,Perfect World (Beijing) Pictures Co.
9471,5,Columbia Pictures
9471,4022,Wonderland Sound and Vision
9471,10239,Tall Trees Productions
9471,19813,Flower Films (II)
70981,306,Twentieth Century Fox Film Corporation
70981,444,Dune Entertainment
70981,1645,Scott Free Productions
70981,19747,Brandywine Productions
10996,5,Columbia Pictures
10996,5752,Sony Pictures Entertainment
68724,559,TriStar Pictures
68724,2531,Media Rights Capital
68724,7431,Sony Pictures Entertainment (SPE)
68724,11029,QED International
68724,18209,Alpha Core
68724,28788,Genre Films
68724,31076,Simon Kinberg Productions
2789,7154,One Race Films
2789,14718,Radar Pictures
97020,5,Columbia Pictures
97020,655,Strike Entertainment
97020,8411,Metro-Goldwyn-Mayer (MGM)
7459,79,Village Roadshow Pictures
7459,264,Studio Babelsberg
7459,450,Anarchos Productions
7459,1885,Silver Pictures
7459,6194,Warner Bros.
7459,12170,Velocity Productions
42888,5,Columbia Pictures
42888,18,Gracie Films
42888,2648,Road Rebel
37834,84,Tree Line Films
37834,306,Twentieth Century Fox Film Corporation
37834,444,Dune Entertainment
37834,508,Regency Enterprises
37834,21845,Pink Machine
75612,33,Universal Pictures
75612,7076,Chernin Entertainment
75612,7295,Relativity Media
75612,19647,Monolith Pictures (III)
75612,19648,Radical Studios
1895,1,Lucasfilm
1894,1,Lucasfilm
585,2,Walt Disney Pictures
585,3,Pixar Animation Studios
76170,306,Twentieth Century Fox Film Corporation
76170,431,Donners' Company
76170,7505,Marvel Entertainment
76170,9168,Bad Hat Harry Productions
76170,10893,Big Screen Productions
76170,22213,TSG Entertainment
1893,1,Lucasfilm
49519,521,DreamWorks Animation
2395,47,Constantin Film
2395,356,TF1 Films Productions
2395,866,Pathé Renn Productions
2395,1992,La Petite Reine
2395,1994,Tri Pictures
2395,1995,Sorolla Films
2395,1996,Novo RPI
2395,5358,Canal+
2395,8676,uFilm
2395,9335,Canal+ España
2395,11921,Le Tax Shelter du Gouvernement Fédéral de Belgique
2395,20409,Les Editions Albert René
12100,2812,Lion Rock Productions
12100,8411,Metro-Goldwyn-Mayer (MGM)
290595,33,Universal Pictures
290595,10338,Perfect World Pictures
290595,16314,Roth Films
98566,4,Paramount Pictures
98566,2348,Nickelodeon Movies
98566,2481,Platinum Dunes
49047,6194,Warner Bros.
49047,7364,Heyday Films
49047,7470,Esperanto Filmoj
9619,33,Universal Pictures
9619,1280,Pacific Western
308531,4,Paramount Pictures
308531,2348,Nickelodeon Movies
308531,2481,Platinum Dunes
308531,47354,5150 Action
308531,77208,Gama Entertainment Partners
166424,306,Twentieth Century Fox Film Corporation
166424,5374,Marv Films
166424,7505,Marvel Entertainment
166424,9078,Constantin Film.
166424,20478,Moving Picture Company (MPC)
166424,22213,TSG Entertainment
166424,28788,Genre Films
1593,289,Ingenious Film Partners
1593,306,Twentieth Century Fox Film Corporation
1593,436,1492 Pictures
1593,2575,21 Laps Entertainment
254128,12,New Line Cinema
254128,79,Village Roadshow Pictures
254128,6194,Warner Bros.
254128,34081,Flynn Picture Company
714,7576,Eon Productions
2024,347,Centropolis Entertainment
2024,441,Columbia Pictures Corporation
2024,762,Mutual Film Company
2024,9269,Global Entertainment Productions GmbH & Company Medien KG
163,79,Village Roadshow Pictures
163,129,Section Eight
163,2596,Jerry Weintraub Productions
163,6194,Warner Bros.
163,12202,WV Films III
787,433,Weed Road Pictures
787,491,Summit Entertainment
787,508,Regency Enterprises
787,1171,Epsilon Motion Pictures
787,10104,New Regency Pictures
262500,491,Summit Entertainment
262500,10227,Mandeville Films
262500,14440,Red Wagon Entertainment
262500,24097,NeoReel
2567,14,Miramax Films
2567,562,Appian Way
2567,675,Forward Pass
2567,691,Cappa Productions
2567,6194,Warner Bros.
2567,7380,Initial Entertainment Group (IEG)
2567,19116,IMF Internationale Medien und Film GmbH & Co. 3. Produktions KG
2567,54502,Mel's Cite du Cinema
38745,306,Twentieth Century Fox Film Corporation
38745,444,Dune Entertainment
38745,1302,Davis Entertainment
38745,6332,Dune Entertainment III
40805,333,Original Film
40805,5752,Sony Pictures Entertainment
40805,6733,Reliance BIG Entertainment
53182,923,Legendary Pictures
53182,2994,Hollywood Gang Productions
53182,2995,Atmosphere Entertainment MM
53182,6194,Warner Bros.
53182,7636,Nimar Studios
53182,78685,Cruel and Unusual Films
41513,5,Columbia Pictures
41513,2251,Sony Pictures Animation
41513,7311,Kerner Entertainment Company
13700,2,Walt Disney Pictures
262504,491,Summit Entertainment
262504,1632,Lionsgate
262504,10227,Mandeville Films
262504,14440,Red Wagon Entertainment
39254,27,DreamWorks SKG
39254,2575,21 Laps Entertainment
39254,7294,Reliance Entertainment
39254,9195,Touchstone Pictures
39254,11395,ImageMovers
39254,12087,Angry Films
39254,76043,Revolution Sun Studios
39254,76067,Kontsept Film Company
39254,76069,Wardour Street Pictures
77931,5,Columbia Pictures
77931,2251,Sony Pictures Animation
77931,7311,Kerner Entertainment Company
77931,9169,Hemisphere Media Capital
77931,24097,NeoReel
1639,306,Twentieth Century Fox Film Corporation
1639,35304,Blue Tulip Productions
80274,491,Summit Entertainment
80274,3200,Chartoff Productions
80274,3263,Odd Lot Entertainment
80274,7296,K/O Paper Products
80274,31825,Digital Domain
80274,31826,Taleswapper
1571,289,Ingenious Film Partners
1571,306,Twentieth Century Fox Film Corporation
1571,444,Dune Entertainment
1571,890,Cheyenne Enterprises
1571,11845,Wintergreen Productions
120,11,WingNut Films
120,12,New Line Cinema
120,5237,The Saul Zaentz Company
10204,264,Studio Babelsberg
10204,10221,Walden Media
10204,19481,Babelsberg Film
10204,23636,Mostow/Lieberman Productions
10204,53413,80 Days Productions
10204,53414,Spanknyce Films
10204,53416,Fitzwilliam Productions
8489,441,Columbia Pictures Corporation
2048,306,Twentieth Century Fox Film Corporation
2048,415,Laurence Mark Productions
2048,1302,Davis Entertainment
2048,12485,Overbrook Entertainment
2048,19354,Mediastream Vierte Film GmbH & Co. Vermarktungs KG
2048,19355,Canlaws Productions
1495,264,Studio Babelsberg
1495,306,Twentieth Century Fox Film Corporation
1495,1645,Scott Free Productions
1495,4169,Kanzaman
1495,19477,Dune Films
1495,19478,BK
1495,19479,KOH
1495,19480,Reino del Cielo
1495,19482,Inside Track 3
1495,19483,Calle Cruzada
10137,441,Columbia Pictures Corporation
10137,5555,Global Medien KG
10137,58331,Franklin/Waterman Productions
10198,2,Walt Disney Pictures
10198,6125,Walt Disney Animation Studios
286217,306,Twentieth Century Fox Film Corporation
286217,1645,Scott Free Productions
286217,2735,Mid Atlantic Films
286217,6408,International Traders
286217,22213,TSG Entertainment
286217,28788,Genre Films
1635,27,DreamWorks SKG
1635,6194,Warner Bros.
1635,11084,Parkes/MacDonald Productions
24113,12,New Line Cinema
9679,130,Jerry Bruckheimer Films
9679,9195,Touchstone Pictures
98,27,DreamWorks SKG
98,33,Universal Pictures
98,1645,Scott Free Productions
98,14440,Red Wagon Entertainment
98,21904,Mill Film
98,21905,C & L
98,21906,Dawliz
180,27,DreamWorks SKG
180,44,Cruise/Wagner Productions
180,56,Amblin Entertainment
180,306,Twentieth Century Fox Film Corporation
180,766,Blue Tulip Productions
180,26265,Ronald Shusett/Gary Goldman
180,76068,Digital Image Associates
672,436,1492 Pictures
672,437,Heyday films
672,6194,Warner Bros.
36557,7576,Eon Productions
36557,11345,Stillking Films
36557,19481,Babelsberg Film
869,306,Twentieth Century Fox Film Corporation
869,8601,Tim Burton Productions
869,20004,"Zanuck Company, The"
280,574,Lightstorm Entertainment
280,1280,Pacific Western
280,5358,Canal+
280,14723,Carolco Pictures
280,61409,T2 Productions
11322,33,Universal Pictures
11322,562,Appian Way
11322,675,Forward Pass
11322,6452,Dentsu
11322,7295,Relativity Media
11322,11391,Tribeca Productions
11322,11581,Misher Films
4982,23,Imagine Entertainment
4982,33,Universal Pictures
4982,1645,Scott Free Productions
4982,7295,Relativity Media
4982,8083,Film Rites
36955,306,Twentieth Century Fox Film Corporation
36955,574,Lightstorm Entertainment
18487,5,Columbia Pictures
18487,1423,Escape Artists
18487,1645,Scott Free Productions
18487,7295,Relativity Media
18487,8411,Metro-Goldwyn-Mayer (MGM)
39451,4,Paramount Pictures
39451,33,Universal Pictures
39451,2242,Everyman Pictures
39451,7295,Relativity Media
39451,7852,Dreamworks Pictures
39451,11391,Tribeca Productions
27581,5,Columbia Pictures
27581,4740,Gary Sanchez Productions
9268,824,Kopelson Entertainment
9268,6194,Warner Bros.
68718,5,Columbia Pictures
68718,308,The Weinstein Company
10545,2,Walt Disney Pictures
11688,2,Walt Disney Pictures
11688,10217,Walt Disney Feature Animation
76163,925,Nu Image Films
76163,10254,Millennium Films
2059,2,Walt Disney Pictures
2059,130,Jerry Bruckheimer Films
2059,831,Saturn Films
2059,19097,Junction Entertainment
2486,289,Ingenious Film Partners
2486,306,Twentieth Century Fox Film Corporation
2486,444,Dune Entertainment
2486,445,Major Studio Partners
2486,711,Fox 2000 Pictures
2486,1302,Davis Entertainment
2486,2735,Mid Atlantic Films
16523,79,Village Roadshow Pictures
16523,923,Legendary Pictures
16523,4171,Playtone
16523,5289,Wild Things Productions
16523,6194,Warner Bros.
116711,9383,Blue Sky Studios
116711,11749,Twentieth Century Fox Animation
37710,5,Columbia Pictures
37710,158,Spyglass Entertainment
37710,682,Peninsula Films
37710,694,StudioCanal
37710,3045,Sony Pictures Releasing
37710,3281,GK Films
37710,14577,Sony Pictures Worldwide Acquisitions (SPWA)
37710,21212,Italian Tax Credit
37710,23731,Birnbaum/Barber
37710,23732,Cineroma SRL
37710,23733,French Tax Credit
9946,919,Beacon Communications
1372,348,Bedford Falls Productions
1372,430,Lonely Film Productions GmbH & Co. KG.
1372,449,Virtual Studios
1372,705,Spring Creek Productions
1372,6194,Warner Bros.
1372,7380,Initial Entertainment Group (IEG)
1372,20938,Liberty Pictures
106646,4,Paramount Pictures
106646,562,Appian Way
106646,14654,EMJAG Productions
106646,19177,Red Granite Pictures
106646,23243,Sikelia Productions
414,6194,Warner Bros.
414,31080,Polygram Filmed Entertainment
563,559,TriStar Pictures
563,9195,Touchstone Pictures
563,23434,Big Bug Pictures
83542,450,Anarchos Productions
83542,1972,X-Filme Creative Pool
83542,7829,Ascension Pictures
83542,10947,ARD Degeto Film
83542,11080,Cloud Atlas Productions
83542,11082,Five Drops
83542,11083,Media Asia Group
83542,19621,Dreams of Dragon Picture
41216,79,Village Roadshow Pictures
41216,6194,Warner Bros.
41216,8089,Animal Logic
41216,78685,Cruel and Unusual Films
314,79,Village Roadshow Pictures
314,813,DiNovi Pictures
314,6194,Warner Bros.
314,52945,Frantic Films
314,52946,Maple Shade Films
314,52947,Catwoman Films
184315,4,Paramount Pictures
184315,8411,Metro-Goldwyn-Mayer (MGM)
184315,19648,Radical Studios
184315,34081,Flynn Picture Company
9016,2,Walt Disney Pictures
9016,10217,Walt Disney Feature Animation
18162,33,Universal Pictures
18162,748,Mosaic Media Group
18162,7295,Relativity Media
18162,11916,Sid & Marty Krofft Pictures
138103,342,Davis-Films
138103,925,Nu Image Films
138103,7571,LionsGate
138103,10254,Millennium Films
138103,28384,Ex3 Productions
138103,40822,Fipex Holding
257088,264,Studio Babelsberg
257088,1088,Alcon Entertainment
257088,10289,DMG Entertainment
257088,70993,Ehman Productions
205775,23,Imagine Entertainment
205775,705,Spring Creek Productions
205775,6194,Warner Bros.
205775,16314,Roth Films
205775,17888,K. JAM Media
205775,24175,Cott Productions
205775,34401,Surf Film
205775,63571,"Enelmar Productions, A.I.E."
11692,79,Village Roadshow Pictures
11692,97,Castle Rock Entertainment
11692,172,NPV Entertainment
11692,54502,Mel's Cite du Cinema
22972,33,Universal Pictures
22972,694,StudioCanal
22972,6452,Dentsu
22972,7295,Relativity Media
22972,10163,Working Title Films
227973,9383,Blue Sky Studios
227973,11749,Twentieth Century Fox Animation
29193,16280,Jean Doumanian Productions
29193,21716,Sweetland Films
29193,65514,Magnolia Films
29193,65515,Jasmine Productions Inc.
1734,33,Universal Pictures
1734,11462,Alphaville Films
1734,20242,Imhotep Productions
3131,14,Miramax Films
3131,7380,Initial Entertainment Group (IEG)
3131,7381,Alberto Grimaldi Productions
76758,724,Beijing New Picture Film Co. Ltd.
76758,12205,EDKO Film
76758,49512,New Picture Company
9408,5,Columbia Pictures
9408,2251,Sony Pictures Animation
9890,4,Paramount Pictures
9890,2609,De Line Pictures
9890,7293,DreamWorks Pictures
855,130,Jerry Bruckheimer Films
855,497,Revolution Studios
855,1645,Scott Free Productions
18,5,Columbia Pictures
18,9,Gaumont
37786,12,New Line Cinema
37786,79,Village Roadshow Pictures
37786,3268,Home Box Office (HBO)
37786,7429,HBO Films
10501,27,DreamWorks SKG
10501,521,DreamWorks Animation
57800,9383,Blue Sky Studios
57800,11749,Twentieth Century Fox Animation
150689,2,Walt Disney Pictures
150689,28788,Genre Films
150689,46339,Beagle Pug Films
150689,47706,Allison Shearmur Productions
7980,11,WingNut Films
7980,27,DreamWorks SKG
7980,2300,Key Creatives
7980,9349,Film4
7980,11843,Goldcrest Pictures
7980,12248,New Zealand Large Budget Screen Production Grant
12,3,Pixar Animation Studios
122,11,WingNut Films
122,12,New Line Cinema
121,11,WingNut Films
121,12,New Line Cinema
121,5237,The Saul Zaentz Company
68737,923,Legendary Pictures
68737,3528,Thunder Road Pictures
68737,13444,Outlaw Sinema
68737,20478,Moving Picture Company (MPC)
68737,40112,Pendle Mountain Productions
68737,40890,China Film Co.
1995,4,Paramount Pictures
1995,657,Toho-Towa
1995,762,Mutual Film Company
1995,840,Lawrence Gordon Productions
1995,3324,British Broadcasting Corporation (BBC)
1995,4650,Marubeni
1995,19105,Eidos Interactive
157353,1088,Alcon Entertainment
157353,9996,Syncopy
157353,10289,DMG Entertainment
157353,13403,Straight Up Films
331,13,Universal Studios
331,56,Amblin Entertainment
61791,289,Ingenious Film Partners
61791,290,Ingenious Media
61791,306,Twentieth Century Fox Film Corporation
61791,444,Dune Entertainment
61791,6332,Dune Entertainment III
61791,7076,Chernin Entertainment
61791,10893,Big Screen Productions
8204,4,Paramount Pictures
8204,862,The Kennedy/Marshall Company
47964,290,Ingenious Media
47964,306,Twentieth Century Fox Film Corporation
47964,444,Dune Entertainment
47964,2735,Mid Atlantic Films
47964,10893,Big Screen Productions
47964,12292,Temple Hill Entertainment
47964,22213,TSG Entertainment
47964,34396,Giant Pictures
47964,34397,Origo Film Group
10733,23,Imagine Entertainment
10733,9195,Touchstone Pictures
9806,2,Walt Disney Pictures
9806,3,Pixar Animation Studios
1408,183,Le Studio Canal+
1408,415,Laurence Mark Productions
1408,8411,Metro-Goldwyn-Mayer (MGM)
1408,14723,Carolco Pictures
32657,289,Ingenious Film Partners
32657,436,1492 Pictures
32657,444,Dune Entertainment
32657,711,Fox 2000 Pictures
32657,5219,Sunswept Entertainment
32657,6332,Dune Entertainment III
32657,10893,Big Screen Productions
32657,28431,TCF Vancouver Productions
607,56,Amblin Entertainment
607,441,Columbia Pictures Corporation
607,49325,Parkes+MacDonald Image Nation
863,3,Pixar Animation Studios
44048,306,Twentieth Century Fox Film Corporation
44048,1645,Scott Free Productions
44048,1838,Firm Films
44048,19776,Prospect Park
44048,19777,Millbrook Farm Productions
5175,12,New Line Cinema
2655,27,DreamWorks SKG
2655,306,Twentieth Century Fox Film Corporation
2655,11395,ImageMovers
22794,5,Columbia Pictures
22794,2251,Sony Pictures Animation
8355,9383,Blue Sky Studios
8355,11749,Twentieth Century Fox Animation
116745,12,New Line Cinema
116745,290,Ingenious Media
116745,306,Twentieth Century Fox Film Corporation
116745,9118,Samuel Goldwyn Films
116745,10893,Big Screen Productions
116745,12178,Red Hour Films
116745,22213,TSG Entertainment
116745,37336,Down Productions
4327,5,Columbia Pictures
1422,829,Vertigo Entertainment
1422,5552,Media Asia Films
1422,6194,Warner Bros.
1422,7380,Initial Entertainment Group (IEG)
1422,45778,Plan B Entertainment
10674,2,Walt Disney Pictures
10674,10217,Walt Disney Feature Animation
7446,27,DreamWorks SKG
7446,11843,Goldcrest Pictures
7446,12178,Red Hour Films
7446,12379,Internationale Filmproduktion Stella-del-Sud Second
65754,5,Columbia Pictures
65754,258,Scott Rudin Productions
65754,8083,Film Rites
65754,8411,Metro-Goldwyn-Mayer (MGM)
65754,33817,Yellow Bird
65754,47479,Ground Control
1572,306,Twentieth Century Fox Film Corporation
1572,1504,Cinergi Pictures Entertainment
10528,79,Village Roadshow Pictures
10528,1885,Silver Pictures
10528,6194,Warner Bros.
10528,19855,Internationale Filmproduktion Blackbird Dritte
10528,23202,Wigram Productions
271969,4,Paramount Pictures
271969,8411,Metro-Goldwyn-Mayer (MGM)
271969,19857,Sean Daniel Company
271969,23920,LightWorkers Media
10865,2,Walt Disney Pictures
10865,10217,Walt Disney Feature Animation
2253,60,United Artists
2253,6100,Achte Babelsberg Film
2253,8411,Metro-Goldwyn-Mayer (MGM)
2253,9168,Bad Hat Harry Productions
10661,5,Columbia Pictures
10661,2608,Happy Madison Productions
10661,3045,Sony Pictures Releasing
10661,7295,Relativity Media
257344,5,Columbia Pictures
257344,2608,Happy Madison Productions
644,27,DreamWorks SKG
644,56,Amblin Entertainment
644,385,Stanley Kubrick Productions
644,6194,Warner Bros.
10756,2,Walt Disney Pictures
10756,3538,Gunn Films
10756,47122,Doom Buggy Productions
686,6194,Warner Bros.
686,43910,South Side Amusement Company
9383,441,Columbia Pictures Corporation
9383,9269,Global Entertainment Productions GmbH & Company Medien KG
179,33,Universal Pictures
179,694,StudioCanal
179,932,Mirage Enterprises
179,10163,Working Title Films
179,11581,Misher Films
179,20194,Motion Picture JOTA Produktions
76285,436,1492 Pictures
76285,444,Dune Entertainment
76285,711,Fox 2000 Pictures
76285,5219,Sunswept Entertainment
76285,6332,Dune Entertainment III
76285,22213,TSG Entertainment
1996,4,Paramount Pictures
1996,657,Toho-Towa
1996,762,Mutual Film Company
1996,840,Lawrence Gordon Productions
1996,3324,British Broadcasting Corporation (BBC)
1996,14362,October Pictures
1996,19105,Eidos Interactive
291805,491,Summit Entertainment
291805,1632,Lionsgate
291805,7296,K/O Paper Products
291805,72441,TIK Films
10003,4,Paramount Pictures
10003,2767,Mace Neufeld Productions
10003,11661,Rysher Entertainment
1535,33,Universal Pictures
1535,656,Metropolitan Filmexport
1535,657,Toho-Towa
1535,780,Red Wagon Productions
1535,919,Beacon Communications
1535,7385,Kalima Productions GmbH & Co. KG
2067,158,Spyglass Entertainment
2067,3638,The Jacobson Company
2067,9195,Touchstone Pictures
2067,22103,Red Horizon Productions
46195,9383,Blue Sky Studios
46195,11749,Twentieth Century Fox Animation
2277,415,Laurence Mark Productions
2277,436,1492 Pictures
2277,441,Columbia Pictures Corporation
2277,9195,Touchstone Pictures
2277,18990,Radiant Productions
4477,5,Columbia Pictures
8665,4,Paramount Pictures
8665,763,Intermedia Films
8665,2471,National Geographic Society
8665,10104,New Regency Pictures
8665,11371,Palomar Pictures (II)
8665,20344,First Light Production
9387,33,Universal Pictures
9387,10308,Dino De Laurentiis Company
921,14,Miramax Films
921,23,Imagine Entertainment
921,33,Universal Pictures
921,631,Parkway Pictures (I)
921,9195,Touchstone Pictures
49852,24013,Vnesheconombank
49852,24014,Nutcracker Holdings
49852,24015,HCC Media Group
49852,24016,Russian Roulette Ltd.
4464,33,Universal Pictures
4464,158,Spyglass Entertainment
4464,862,The Kennedy/Marshall Company
4464,7293,DreamWorks Pictures
4464,9195,Touchstone Pictures
664,33,Universal Pictures
664,56,Amblin Entertainment
664,6194,Warner Bros.
664,23370,Constant c Productions
8358,27,DreamWorks SKG
8358,306,Twentieth Century Fox Film Corporation
8358,4171,Playtone
8358,11395,ImageMovers
9836,2537,Kennedy Miller Productions
9836,8089,Animal Logic
2502,33,Universal Pictures
2502,862,The Kennedy/Marshall Company
2502,7384,Hypnotic
2502,11346,Motion Picture THETA Produktionsgesellschaft
2502,11347,Ludlum Entertainment
9772,441,Columbia Pictures Corporation
9772,919,Beacon Communications
9772,18990,Radiant Productions
161,79,Village Roadshow Pictures
161,129,Section Eight
161,172,NPV Entertainment
161,2596,Jerry Weintraub Productions
161,6194,Warner Bros.
161,24939,WV Films II
52451,248,Impact Pictures
52451,264,Studio Babelsberg
52451,753,Nouvelles Éditions de Films (NEF)
52451,939,New Legacy
52451,5755,Constantin Film Produktion
76492,5,Columbia Pictures
76492,2251,Sony Pictures Animation
4523,2,Walt Disney Pictures
4523,1894,Josephson Entertainment
4523,8908,Andalasia Productions
4523,8909,Right Coast Productions
59961,33,Universal Pictures
59961,6452,Dentsu
59961,7295,Relativity Media
59961,13778,Bluegrass Films
10481,2,Walt Disney Pictures
10481,10472,Cruella Productions
59108,33,Universal Pictures
59108,3086,Image Entertainment
59108,7295,Relativity Media
59108,12007,Rat Entertainment
1581,5,Columbia Pictures
1581,33,Universal Pictures
1581,735,Waverly Films
1581,7295,Relativity Media
9798,130,Jerry Bruckheimer Films
9798,1645,Scott Free Productions
9798,9195,Touchstone Pictures
9798,79209,No Such Productions
22897,33,Universal Pictures
22897,258,Scott Rudin Productions
22897,735,Waverly Films
22897,6452,Dentsu
22897,7295,Relativity Media
298,79,Village Roadshow Pictures
298,129,Section Eight
298,2596,Jerry Weintraub Productions
298,6194,Warner Bros.
7484,2251,Sony Pictures Animation
157350,491,Summit Entertainment
157350,14440,Red Wagon Entertainment
853,4,Paramount Pictures
853,549,Swanford Films
853,551,Mandalay Pictures
853,11358,Little Bird
853,22182,KC Medien
853,24136,Reperage
853,24137,DOS
853,24138,MP Film Management
10159,5,Columbia Pictures
10159,33,Universal Pictures
10159,655,Strike Entertainment
10159,10339,WWE Studios
10159,11581,Misher Films
10159,90249,IM3 Entertainment
9593,441,Columbia Pictures Corporation
9593,55528,Oak Productions
1904,27,DreamWorks SKG
1904,158,Spyglass Entertainment
1904,441,Columbia Pictures Corporation
1904,780,Red Wagon Productions
9615,33,Universal Pictures
297,33,Universal Pictures
297,136,City Light Films
9884,496,David Foster Productions
9884,788,Bel Air Entertainment
9884,6194,Warner Bros.
9884,43717,Hacienda Productions
62764,7295,Relativity Media
62764,11581,Misher Films
62764,12005,Yucaipa Films
62764,12006,Goldmann Pictures
62764,12007,Rat Entertainment
62764,12008,Misha Films
22538,33,Universal Pictures
22538,2527,Marc Platt Productions
9341,4,Paramount Pictures
9341,496,David Foster Productions
9341,2199,Horsepower Films
9341,7161,LivePlanet
9341,12213,Core Productions
9341,12214,Munich Film Partners New Century & Company (MFP) Core Productions
12107,23,Imagine Entertainment
12107,33,Universal Pictures
9637,507,Atlas Entertainment
9637,748,Mosaic Media Group
9637,6194,Warner Bros.
49049,284,DNA Films
49049,6733,Reliance BIG Entertainment
49049,7437,IM Global
49049,46506,Rena Film
49049,46507,Peach Trees
9339,333,Original Film
9339,441,Columbia Pictures Corporation
9339,497,Revolution Studios
9339,2608,Happy Madison Productions
16281,6194,Warner Bros.
16281,14179,Creepshow Films Inc.
16281,14180,Laurel Entertainment Inc.
39691,79,Village Roadshow Pictures
8247,444,Dune Entertainment
8247,7384,Hypnotic
8247,10104,New Regency Pictures
11253,33,Universal Pictures
11253,552,Dark Horse Entertainment
11253,840,Lawrence Gordon Productions
11253,2735,Mid Atlantic Films
11253,7295,Relativity Media
11253,21498,Internationale Filmproduktion Eagle
1949,4,Paramount Pictures
1949,6194,Warner Bros.
1949,11317,Phoenix Pictures
8452,11317,Phoenix Pictures
310,33,Universal Pictures
310,158,Spyglass Entertainment
310,159,Shady Acres Entertainment
310,160,Pit Bull Productions
27578,10254,Millennium Films
954,4,Paramount Pictures
954,44,Cruise/Wagner Productions
70160,1632,Lionsgate
70160,5420,Color Force
45243,923,Legendary Pictures
45243,2877,Living Films
45243,3527,Green Hat Films
45243,6194,Warner Bros.
364,1382,PolyGram Filmed Entertainment
364,6194,Warner Bros.
7518,520,Pacific Data Images (PDI)
7518,521,DreamWorks Animation
11544,2,Walt Disney Pictures
11544,10217,Walt Disney Feature Animation
9986,4,Paramount Pictures
9986,7311,Kerner Entertainment Company
8656,4,Paramount Pictures
8656,27,DreamWorks SKG
8656,1865,Zanuck/Brown Productions
8656,2478,Manhattan Project
9291,4,Paramount Pictures
9291,441,Columbia Pictures Corporation
9291,746,MTV Films
9291,2608,Happy Madison Productions
9291,60378,Callahan Filmworks
55301,711,Fox 2000 Pictures
109418,5,Columbia Pictures
109418,2608,Happy Madison Productions
109418,7431,Sony Pictures Entertainment (SPE)
11665,79,Village Roadshow Pictures
11665,507,Atlas Entertainment
11665,748,Mosaic Media Group
11665,1757,Mad Chance
11665,6194,Warner Bros.
11665,27352,WV Films IV
11665,54502,Mel's Cite du Cinema
11665,60378,Callahan Filmworks
6964,441,Columbia Pictures Corporation
6964,735,Waverly Films
6964,6194,Warner Bros.
11324,4,Paramount Pictures
11324,562,Appian Way
11324,11317,Phoenix Pictures
11324,23243,Sikelia Productions
12193,12,New Line Cinema
12193,158,Spyglass Entertainment
12193,2308,Type A Films
12193,2795,Ott Medien
12193,2796,Wild West Picture Show Productions
9928,9383,Blue Sky Studios
9928,11749,Twentieth Century Fox Animation
754,4,Paramount Pictures
754,455,Permut Presentations
754,456,WCG Entertainment Productions
754,458,Douglas/Reuther Productions
754,9195,Touchstone Pictures
754,25358,Krane Entertainment
10202,2,Walt Disney Pictures
10202,2608,Happy Madison Productions
10202,3538,Gunn Films
4147,27,DreamWorks SKG
4147,80,The Zanuck Company
4147,306,Twentieth Century Fox Film Corporation
50546,5,Columbia Pictures
50546,2608,Happy Madison Productions
1701,130,Jerry Bruckheimer Films
1701,3589,Kouf/Bigelow Productions
1701,9195,Touchstone Pictures
1701,78338,Hiett Designs of Las Vegas
1701,78339,Runway Pictures Inc
13027,27,DreamWorks SKG
13027,7296,K/O Paper Products
13027,11843,Goldcrest Pictures
13027,20157,KMP Film Invest
2289,14,Miramax Films
2289,932,Mirage Enterprises
2289,1370,Castel Film Romania
2289,2570,Bona Fide Productions
2289,10102,Cattleya
20504,1088,Alcon Entertainment
20504,1885,Silver Pictures
9574,2,Walt Disney Pictures
9574,2173,Great Oaks Entertainment
11618,7,DreamWorks
11618,1560,Roth-Arnold Productions
2300,3592,Warner Bros. Family Entertainment
2300,8816,Northern Lights Entertainment
2300,55527,Courtside Seats Productions
10200,306,Twentieth Century Fox Film Corporation
10200,6332,Dune Entertainment III
10200,20374,Earth Canada Productions
10200,20375,Hammerhead Productions
10200,36390,3 Arts Entertainment
8834,1885,Silver Pictures
8834,6194,Warner Bros.
8834,23397,Donner/Shuler-Donner Productions
228150,5,Columbia Pictures
228150,11029,QED International
228150,16312,Crave Films
228150,34034,LStar Capital
228150,39649,Huayi Brothers Media
228150,47169,Le Grisbi Productions
6068,175,Caravan Pictures
6068,961,Roger Birnbaum Productions
6068,8816,Northern Lights Entertainment
6068,9195,Touchstone Pictures
41515,2609,De Line Pictures
41515,2785,Warner Bros. Animation
41515,5219,Sunswept Entertainment
41515,13481,Rhythm and Hues
41515,19045,Picnic Basket
9023,27,DreamWorks SKG
9023,521,DreamWorks Animation
38317,5,Columbia Pictures
38317,2608,Happy Madison Productions
38317,3045,Sony Pictures Releasing
38317,8000,Broken Road Productions
38317,8411,Metro-Goldwyn-Mayer (MGM)
38317,46221,Zookeeper Productions
38317,46222,Hey Eddie
2157,12,New Line Cinema
2157,14024,Irwin Allen Productions
2157,19902,Prelude Pictures
2157,30253,Saltire Entertainment
14462,4,Paramount Pictures
14462,258,Scott Rudin Productions
14462,1274,Clinica Estetico
159824,5,Columbia Pictures
159824,2251,Sony Pictures Animation
49948,2,Walt Disney Pictures
2135,27,DreamWorks SKG
2135,6194,Warner Bros.
9705,79,Village Roadshow Pictures
9705,172,NPV Entertainment
9705,1885,Silver Pictures
9705,6194,Warner Bros.
9705,46458,Jonathan Krane Group
1656,56,Amblin Entertainment
1656,441,Columbia Pictures Corporation
12159,1382,PolyGram Filmed Entertainment
4442,308,The Weinstein Company
4442,491,Summit Entertainment
4442,507,Atlas Entertainment
4442,748,Mosaic Media Group
4442,1649,Reforma Films
4442,7405,Dimension Films
4442,8411,Metro-Goldwyn-Mayer (MGM)
4442,76043,Revolution Sun Studios
75,8601,Tim Burton Productions
19959,9195,Touchstone Pictures
19959,10227,Mandeville Films
19959,11845,Wintergreen Productions
19959,41978,Top Shelf Productions
11973,12,New Line Cinema
11973,335,Tig Productions
11228,33,Universal Pictures
11228,1302,Davis Entertainment
77951,3164,BBC Worldwide
77951,6733,Reliance BIG Entertainment
77951,8089,Animal Logic
77951,8090,BBC Earth
77951,8091,Evergreen Films
77951,53498,BBC Earth MD (WWD)
77951,53499,Evergreen MD
5491,1403,Franchise Pictures
5491,6194,Warner Bros.
5491,7406,JTP Films
5491,10210,Morgan Creek Productions
5491,19718,Battlefield Productions
10715,430,Lonely Film Productions GmbH & Co. KG.
10715,2785,Warner Bros. Animation
10715,6194,Warner Bros.
10715,12006,Goldmann Pictures
10715,16061,Baltimore Spring Creek Productions
10715,20734,Warner Bros. Feature Animation
10197,308,The Weinstein Company
10197,7295,Relativity Media
9562,4,Paramount Pictures
9562,431,Donners' Company
9562,762,Mutual Film Company
9562,18619,Cobalt Media Group
9562,18620,Artists Production Group (APG)
9922,335,Tig Productions
9922,6194,Warner Bros.
9447,2537,Kennedy Miller Productions
274854,491,Summit Entertainment
274854,2995,Atmosphere Entertainment MM
274854,7154,One Race Films
274854,12006,Goldmann Pictures
274854,24097,NeoReel
274854,33832,Aperture Entertainment
274854,72441,TIK Films
8870,79,Village Roadshow Pictures
8870,172,NPV Entertainment
8870,6194,Warner Bros.
8870,22351,The Canton Company
8870,53997,Mars Production Pty. Ltd.
9992,104,Canal Plus
9992,854,Sofica Europacorp
9992,2525,Avalanche Productions
9992,6896,EuropaCorp
10077,1171,Epsilon Motion Pictures
10077,1403,Franchise Pictures
10077,2234,Baldwin Entertainment Group
10077,2755,Dante Entertainment
10077,2978,Crusader Entertainment
10077,2979,ETIC Films
10077,2980,Forge
10077,2981,QI Quality International GmbH Co. KG
10077,2982,Signature Pictures
10077,16850,ApolloMedia Distribution
10077,87847,Coco
10077,87848,Film 111
10077,87849,Jericho Productions Ltd.
10077,87850,MFF (Sound of Thunder)
10077,87851,Matrix Film Finance
10077,87852,Scenario Lane Productions
76649,248,Impact Pictures
76649,559,TriStar Pictures
76649,4253,Don Carmody Productions
76649,7263,FilmDistrict
76649,12162,Constantin Film International
453,23,Imagine Entertainment
453,27,DreamWorks SKG
453,33,Universal Pictures
8587,2,Walt Disney Pictures
8587,10217,Walt Disney Feature Animation
72545,12,New Line Cinema
72545,1836,Contrafilm
72545,10221,Walden Media
109451,5,Columbia Pictures
109451,649,Sony
9533,33,Universal Pictures
9533,8411,Metro-Goldwyn-Mayer (MGM)
2023,877,Casey Silver Productions
2023,9195,Touchstone Pictures
2023,19477,Dune Films
71880,5,Columbia Pictures
71880,2608,Happy Madison Productions
71880,8000,Broken Road Productions
584,24,Mikona Productions GmbH & Co. KG
584,33,Universal Pictures
584,333,Original Film
584,26281,Ardustry Entertainment
309809,2203,Onyx Films
309809,8858,NetFlix
309809,15433,Orange Studios
309809,41042,CityMation
309809,59725,On Entertainment
309809,60658,Zippcast Films
4858,79,Village Roadshow Pictures
4858,829,Vertigo Entertainment
4858,1885,Silver Pictures
4858,6194,Warner Bros.
17711,33,Universal Pictures
17711,594,Capella International
17711,596,KC Medien AG
17711,11391,Tribeca Productions
328111,33,Universal Pictures
328111,3341,Fuji Television Network
328111,6452,Dentsu
328111,6704,Illumination Entertainment
8698,306,Twentieth Century Fox Film Corporation
8698,475,JD Productions
8698,1507,International Production Company
8698,12087,Angry Films
8698,19352,Mediastream Dritte Film GmbH & Co. Beteiligungs KG
93456,33,Universal Pictures
93456,6704,Illumination Entertainment
602,306,Twentieth Century Fox Film Corporation
602,347,Centropolis Entertainment
330,33,Universal Pictures
330,56,Amblin Entertainment
953,27,DreamWorks SKG
953,520,Pacific Data Images (PDI)
953,521,DreamWorks Animation
9693,33,Universal Pictures
9693,655,Strike Entertainment
9693,11429,Hit & Run Productions
36657,306,Twentieth Century Fox Film Corporation
36657,431,Donners' Company
36657,9168,Bad Hat Harry Productions
36657,19551,Marvel Enterprises
36657,22969,Springwood Productions
36657,22970,Genetics Productions
8909,33,Universal Pictures
8909,158,Spyglass Entertainment
8909,1038,Bazelevs Production
8909,2526,Kickstart Productions
8909,2527,Marc Platt Productions
8909,2528,Top Cow Productions
8909,7295,Relativity Media
8909,23955,Ringerike Zweite Filmproduktion
8909,76043,Revolution Sun Studios
9802,915,Hollywood Pictures
9802,10288,Don Simpson/Jerry Bruckheimer Films
950,9383,Blue Sky Studios
950,11749,Twentieth Century Fox Animation
1824,441,Columbia Pictures Corporation
1824,2608,Happy Madison Productions
1824,10039,Anonymous Content
1824,19813,Flower Films (II)
2976,12,New Line Cinema
2976,289,Ingenious Film Partners
2976,2378,Offspring Entertainment
2976,70994,Zadan / Meron Productions
11026,10210,Morgan Creek Productions
11026,36452,Dominion Productions
75656,491,Summit Entertainment
75656,7296,K/O Paper Products
75656,23271,SOIXAN7E QUIN5E
75656,23272,See Me Louisiana
38365,5,Columbia Pictures
38365,2608,Happy Madison Productions
38365,7295,Relativity Media
594,27,DreamWorks SKG
594,56,Amblin Entertainment
594,11084,Parkes/MacDonald Productions
15189,27,DreamWorks SKG
15189,2348,Nickelodeon Movies
11678,441,Columbia Pictures Corporation
11678,9269,Global Entertainment Productions GmbH & Company Medien KG
6538,33,Universal Pictures
6538,2030,Participant Productions
6538,2031,Playtone Production
10555,27,DreamWorks SKG
10555,520,Pacific Data Images (PDI)
10555,521,DreamWorks Animation
1125,4,Paramount Pictures
1125,27,DreamWorks SKG
1125,415,Laurence Mark Productions
4551,215,Double Feature Films
4551,216,Jersey Films
4551,1693,Nina Saxon Film Design
4551,8411,Metro-Goldwyn-Mayer (MGM)
612,27,DreamWorks SKG
612,33,Universal Pictures
612,56,Amblin Entertainment
612,682,Peninsula Films
612,803,Alliance Atlantis Communications
612,7383,"Kennedy/Marshall Company, The"
612,17032,Barry Mendel Productions
9567,5,Columbia Pictures
9567,497,Revolution Studios
9567,890,Cheyenne Enterprises
9567,13473,Michael Lobell Productions
37821,817,Katalyst Films
37821,1632,Lionsgate
37821,60022,Aversano Films
203801,1302,Davis Entertainment
203801,6194,Warner Bros.
203801,23202,Wigram Productions
203801,41624,RatPac-Dune Entertainment
2539,18,Gracie Films
2539,441,Columbia Pictures Corporation
9297,5,Columbia Pictures
9297,56,Amblin Entertainment
9297,2251,Sony Pictures Animation
9297,5752,Sony Pictures Entertainment
9297,11395,ImageMovers
3172,890,Cheyenne Enterprises
3172,1171,Epsilon Motion Pictures
3172,1212,Empire Pictures
3172,8411,Metro-Goldwyn-Mayer (MGM)
3172,13816,Hyde Park Entertainment
3172,16061,Baltimore Spring Creek Productions
3172,52944,Lotus Pictures
6520,441,Columbia Pictures Corporation
6520,10158,First Knight Productions
37958,8852,Virgin Produced
37958,11761,Mark Canton Productions
2026,14,Miramax Films
2026,890,Cheyenne Enterprises
2026,2448,Yari Film Group
2026,11027,Stratus Film Co.
2026,26947,Syndicate Films International
2026,26948,Equity Pictures Medienfonds GmbH & Co. KG II
2026,26949,Hostage GmbH
7450,306,Twentieth Century Fox Film Corporation
7450,11050,David Kirschner Productions
7450,11231,Fox Animation Studios
11375,5,Columbia Pictures
11375,497,Revolution Studios
9425,248,Impact Pictures
9425,2596,Jerry Weintraub Productions
9425,6194,Warner Bros.
9425,10210,Morgan Creek Productions
23685,306,Twentieth Century Fox Film Corporation
23685,436,1492 Pictures
23685,89626,Twitching Image Studio
11866,306,Twentieth Century Fox Film Corporation
11866,1302,Davis Entertainment
11866,49478,Aldrich Group
11866,54004,Optional Pictures
9741,3683,Limited Edition Productions Inc.
9741,9195,Touchstone Pictures
9741,12236,Blinding Edge Pictures
9741,17032,Barry Mendel Productions
211672,33,Universal Pictures
211672,6704,Illumination Entertainment
23629,923,Legendary Pictures
23629,6194,Warner Bros.
23629,22119,Lennox House Films
23629,78685,Cruel and Unusual Films
8688,4,Paramount Pictures
8688,2519,DeBart
8688,9195,Touchstone Pictures
8688,54502,Mel's Cite du Cinema
10153,2154,Punch Productions
10153,6194,Warner Bros.
10153,11407,Baltimore Pictures
10153,23370,Constant c Productions
153518,5,Columbia Pictures
153518,18642,Rovio Entertainment
153518,30692,Sony Pictures Imageworks (SPI)
153518,50848,Rovio Mobile
153518,91920,Rovio Animation
8676,2609,De Line Pictures
8676,6194,Warner Bros.
20829,5,Columbia Pictures
20829,33,Universal Pictures
20829,2608,Happy Madison Productions
20829,7295,Relativity Media
20829,10105,Apatow Productions
20829,11708,Madison 23
4349,33,Universal Pictures
4349,675,Forward Pass
4349,7295,Relativity Media
4349,7786,FilmWorks
4349,12246,MDBF Zweite Filmgesellschaft
9718,5,Columbia Pictures
9718,10105,Apatow Productions
10808,306,Twentieth Century Fox Film Corporation
10808,1301,Joseph M. Singer Entertainment
10808,1302,Davis Entertainment
197,4564,Icon Entertainment International
197,7965,The Ladd Company
197,11353,B.H. Finance C.V.
25,33,Universal Pictures
25,1522,Neal Street Productions
25,14440,Red Wagon Entertainment
25,19934,Motion Picture KAPPA Produktionsgesellschaft
35,18,Gracie Films
35,306,Twentieth Century Fox Film Corporation
11086,79,Village Roadshow Pictures
11086,97,Castle Rock Entertainment
11086,172,NPV Entertainment
11086,3982,Darkwoods Productions
10477,1171,Epsilon Motion Pictures
10477,1403,Franchise Pictures
10477,10107,Trackform Film Productions
10477,54502,Mel's Cite du Cinema
1997,866,Pathé Renn Productions
1997,3823,TF1 Films Production
1997,5358,Canal+
1997,7396,Pathe
1997,19238,Two Brothers Productions
6947,258,Scott Rudin Productions
6947,9195,Touchstone Pictures
6947,12236,Blinding Edge Pictures
3050,306,Twentieth Century Fox Film Corporation
3050,1301,Joseph M. Singer Entertainment
3050,1302,Davis Entertainment
2675,7383,"Kennedy/Marshall Company, The"
2675,9195,Touchstone Pictures
2675,12236,Blinding Edge Pictures
809,27,DreamWorks SKG
809,520,Pacific Data Images (PDI)
809,521,DreamWorks Animation
920,2,Walt Disney Pictures
920,3,Pixar Animation Studios
4806,4,Paramount Pictures
4806,126,Lakeshore Entertainment
4806,9195,Touchstone Pictures
4806,10201,Interscope Communications
7451,5,Columbia Pictures
7451,333,Original Film
7451,497,Revolution Studios
228165,4,Paramount Pictures
228165,2348,Nickelodeon Movies
228165,4859,Nickelodeon Animation Studios
228165,8921,United Plankton Pictures
228165,10256,Disruption Entertainment
228165,24955,Paramount Animation
3595,9195,Touchstone Pictures
3595,90663,Brian Grazer/Scott Rudin Productions
16869,33,Universal Pictures
16869,59,A Band Apart
16869,308,The Weinstein Company
16869,6817,Zehnte Babelsberg
16869,6818,Visiona Romantica
879,56,Amblin Entertainment
879,559,TriStar Pictures
1573,306,Twentieth Century Fox Film Corporation
1573,1073,Gordon Company
1573,1885,Silver Pictures
9257,333,Original Film
9257,441,Columbia Pictures Corporation
9257,11728,Camelot Pictures
9257,20033,Chris Lee Productions
9257,20034,Illusion Entertainment
1903,4,Paramount Pictures
1903,349,Cruise-Wagner Productions
1903,485,Vinyl Films
9697,923,Legendary Pictures
9697,6194,Warner Bros.
9697,12236,Blinding Edge Pictures
395,248,Impact Pictures
395,264,Studio Babelsberg
395,306,Twentieth Century Fox Film Corporation
395,1302,Davis Entertainment
395,11345,Stillking Films
395,19747,Brandywine Productions
395,19828,Lonlink Productions
395,19829,Kut Productions
395,19834,Inside Track Films
395,19835,Charenton Productions Limited
395,76043,Revolution Sun Studios
23398,508,Regency Enterprises
23398,711,Fox 2000 Pictures
23398,10930,Bagdasarian Productions
10590,4564,Icon Entertainment International
10590,53005,Wheelhouse Entertainment
10590,53006,Motion Picture Production GmbH & Co. Erste KG
117263,925,Nu Image Films
117263,10254,Millennium Films
200,4,Paramount Pictures
44943,5,Columbia Pictures
44943,333,Original Film
44943,7295,Relativity Media
587,5,Columbia Pictures
587,80,The Zanuck Company
587,2721,Jinks/Cohen Company
587,8601,Tim Burton Productions
57212,27,DreamWorks SKG
57212,56,Amblin Entertainment
57212,7294,Reliance Entertainment
57212,7383,"Kennedy/Marshall Company, The"
152760,5,Columbia Pictures
152760,264,Studio Babelsberg
152760,711,Fox 2000 Pictures
152760,22695,Smokehouse Pictures
152760,24970,Obelisk Productions
2756,306,Twentieth Century Fox Film Corporation
2756,574,Lightstorm Entertainment
2756,1280,Pacific Western
33909,306,Twentieth Century Fox Film Corporation
33909,444,Dune Entertainment
33909,6332,Dune Entertainment III
33909,6455,Edward R. Pressman Film
49017,33,Universal Pictures
49017,923,Legendary Pictures
49017,3341,Fuji Television Network
49017,6452,Dentsu
49017,27551,Michael De Luca Productions
9882,306,Twentieth Century Fox Film Corporation
9882,13769,Lynda Obst Productions
9882,20634,"Bedford Falls Company, The"
2270,4,Paramount Pictures
2270,289,Ingenious Film Partners
2270,435,Di Bonaventura Pictures
2270,5374,Marv Films
2270,23420,Vaughn Productions
978,559,TriStar Pictures
978,1236,Mandalay Entertainment
978,57435,Applecross
978,57436,Reperage & Vanguard Films
44564,23,Imagine Entertainment
44564,33,Universal Pictures
44564,158,Spyglass Entertainment
44564,2796,Wild West Picture Show Productions
3132,130,Jerry Bruckheimer Films
3132,9195,Touchstone Pictures
3132,11345,Stillking Films
8814,435,Di Bonaventura Pictures
8814,1512,John Wells Productions
8814,2539,Reaper Productions
8814,11345,Stillking Films
8814,19481,Babelsberg Film
8814,19922,Doom Productions
8814,19923,Distant Planet Productions
8427,441,Columbia Pictures Corporation
52520,126,Lakeshore Entertainment
52520,831,Saturn Films
52520,3287,Screen Gems
52520,7738,Sketch Films
52520,7740,UW4 Productions
80585,12,New Line Cinema
80585,2378,Offspring Entertainment
80585,8871,Corner Store Entertainment
80585,12139,Material Pictures
10592,496,David Foster Productions
10592,890,Cheyenne Enterprises
10592,8411,Metro-Goldwyn-Mayer (MGM)
10592,21447,David Ladd Films
49021,972,Current Entertainment
49021,2729,Omnilab Media
49021,3427,Ambience Entertainment
49021,6408,International Traders
49021,10427,Open Road Films
49021,11369,Sighvatsson Films
49021,11371,Palomar Pictures (II)
49021,11840,Film Victoria
49021,11841,Wales Creative IP Fund
10550,1171,Epsilon Motion Pictures
10550,1403,Franchise Pictures
10550,2755,Dante Entertainment
10550,20033,Chris Lee Productions
10550,76491,SuperMega
10550,76492,MHF Erste Academy Film GmbH & Co. Produktions KG
11258,4,Paramount Pictures
11258,657,Toho-Towa
11258,762,Mutual Film Company
11258,1382,PolyGram Filmed Entertainment
11258,4650,Marubeni
11258,7237,Tele München Fernseh Produktionsgesellschaft (TMG)
11258,23932,UGC PH
11258,48136,British Broadcasting Corporation (BBC) Television
11258,55474,Stargate Studios
12610,1156,Conundrum Entertainment
12610,2785,Warner Bros. Animation
12610,6194,Warner Bros.
59981,22135,Prana Animation Studios
59981,48471,Summertime Entertainment
201088,33,Universal Pictures
201088,675,Forward Pass
201088,923,Legendary Pictures
5137,4,Paramount Pictures
5137,804,Natural Nylon Entertainment
5137,1668,Riff Raff Film Productions
5137,4753,Filmauro
5137,10671,Blue Flower Productions
5137,10672,Brooklyn Films II
3093,763,Intermedia Films
3093,4169,Kanzaman
3093,7340,C-2 Pictures
3093,19116,IMF Internationale Medien und Film GmbH & Co. 3. Produktions KG
107846,491,Summit Entertainment
107846,2995,Atmosphere Entertainment MM
107846,10405,Emmett/Furla Films
107846,11761,Mark Canton Productions
107846,31832,Envision Entertainment
107846,36212,Boies / Schiller Film Group
107846,46961,Knightsbridge Entertainment
188207,10254,Millennium Films
4614,4,Paramount Pictures
4614,2767,Mace Neufeld Productions
4614,21409,MFP Munich Film Partners GmbH & Company I. Produktions KG
4614,21410,S.O.A.F. Productions
4614,54502,Mel's Cite du Cinema
24021,491,Summit Entertainment
24021,4000,Maverick Films
24021,5218,Imprint Entertainment
24021,5219,Sunswept Entertainment
24021,12292,Temple Hill Entertainment
11371,4,Paramount Pictures
11371,551,Mandalay Pictures
11371,19552,Horseshoe Bay Productions
20352,33,Universal Pictures
20352,6704,Illumination Entertainment
11517,5,Columbia Pictures
214756,33,Universal Pictures
214756,8789,Fuzzy Door Productions
214756,13778,Bluegrass Films
214756,44783,Smart Entertainment
214756,86655,Media Rights Capital (MRC)
26428,784,Himenóptero
26428,2674,Telecinco Cinema
26428,5444,Mod Producciones
26428,7636,Nimar Studios
26428,9335,Canal+ España
26428,9974,Instituto de la Cinematografía y de las Artes Audiovisuales (ICAA)
26428,19927,Government of Malta
9824,33,Universal Pictures
9824,552,Dark Horse Entertainment
9824,2484,Golar Productions
48988,12,New Line Cinema
48988,1156,Conundrum Entertainment
9008,158,Spyglass Entertainment
9008,675,Forward Pass
9008,8758,Kaitz Productions
9008,8759,Mann/Roth Productions
9008,9195,Touchstone Pictures
300673,2,Walt Disney Pictures
300673,51164,Whitaker Entertainment
300673,77739,Bergsten Music
300673,78217,Red Hawk Entertainment
12113,1645,Scott Free Productions
12113,2609,De Line Pictures
12113,6194,Warner Bros.
38778,4,Paramount Pictures
38778,27,DreamWorks SKG
38778,158,Spyglass Entertainment
38778,2242,Everyman Pictures
38778,6733,Reliance BIG Entertainment
38778,11084,Parkes/MacDonald Productions
72331,306,Twentieth Century Fox Film Corporation
72331,1038,Bazelevs Production
72331,8601,Tim Burton Productions
72331,36430,Abraham Productions
72331,36431,Location Gourmet
1844,414,Fountainbridge Films
1844,508,Regency Enterprises
846,306,Twentieth Century Fox Film Corporation
846,545,Ten Thirteen Productions
9703,289,Ingenious Film Partners
9703,6370,Quinta Communications
9703,10308,Dino De Laurentiis Company
9703,16923,Zephyr Films
857,4,Paramount Pictures
857,27,DreamWorks SKG
857,56,Amblin Entertainment
857,762,Mutual Film Company
857,11362,Mark Gordon Productions
136797,27,DreamWorks SKG
136797,7294,Reliance Entertainment
136797,8403,Bandito Brothers
136797,9195,Touchstone Pictures
136797,34890,Electronic Arts
136797,76043,Revolution Sun Studios
3981,4,Paramount Pictures
3981,347,Centropolis Entertainment
3981,4564,Icon Entertainment International
3981,8116,Wind Dancer Productions
425,306,Twentieth Century Fox Film Corporation
425,9383,Blue Sky Studios
425,11749,Twentieth Century Fox Animation
6171,79,Village Roadshow Pictures
6171,97,Castle Rock Entertainment
6171,172,NPV Entertainment
6171,13040,Kasdan Pictures
6171,24939,WV Films II
72976,7,DreamWorks
72976,56,Amblin Entertainment
72976,306,Twentieth Century Fox Film Corporation
72976,444,Dune Entertainment
72976,862,The Kennedy/Marshall Company
72976,6735,Participant Media
72976,7294,Reliance Entertainment
603,79,Village Roadshow Pictures
603,372,Groucho II Film Partnership
603,1885,Silver Pictures
603,6194,Warner Bros.
568,23,Imagine Entertainment
568,33,Universal Pictures
9021,2,Walt Disney Pictures
9021,889,Outlaw Productions
9021,12626,Boxing Cat Films
82695,33,Universal Pictures
82695,7295,Relativity Media
82695,7923,CAMERON MACKINTOSH
82695,10163,Working Title Films
9489,6194,Warner Bros.
12133,5,Columbia Pictures
12133,748,Mosaic Media Group
12133,4740,Gary Sanchez Productions
12133,7295,Relativity Media
12133,10105,Apatow Productions
9342,56,Amblin Entertainment
9342,559,TriStar Pictures
41733,923,Legendary Pictures
41733,3527,Green Hat Films
41733,6194,Warner Bros.
227306,923,Legendary Pictures
227306,36390,3 Arts Entertainment
227306,39443,Jolie Pas
5551,79,Village Roadshow Pictures
5551,171,Malpaso Productions
5551,1757,Mad Chance
5551,6194,Warner Bros.
5551,10566,Clipsal Films
5551,76068,Digital Image Associates
9350,559,TriStar Pictures
9350,5358,Canal+
9350,14723,Carolco Pictures
9350,23246,RCS Video
9350,45728,Cliffhanger Productions
9350,45729,Pioneer
9208,306,Twentieth Century Fox Film Corporation
9208,456,WCG Entertainment Productions
9208,11362,Mark Gordon Productions
4244,2,Walt Disney Pictures
1852,4,Paramount Pictures
1852,215,Double Feature Films
1852,763,Intermedia Films
1852,20396,Kernos Filmproduktionsgesellschaft & Company
76493,4,Paramount Pictures
345,194,Hobby Films
345,195,Pole Star
345,385,Stanley Kubrick Productions
345,6194,Warner Bros.
196867,5,Columbia Pictures
196867,7291,Olive Bridge Entertainment
196867,7431,Sony Pictures Entertainment (SPE)
196867,12485,Overbrook Entertainment
196867,95063,Marcy Media
256591,21914,Kramer & Sigman Films
256591,41624,RatPac-Dune Entertainment
256591,47586,Zaftig Films
59962,444,Dune Entertainment
59962,907,Overbrook Films
59962,3929,Robert Simonds Productions
36648,12,New Line Cinema
36648,421,Amen Ra Films
36648,8851,Shawn Danielle Productions Ltd.
36648,11321,Imaginary Forces
36648,19551,Marvel Enterprises
36648,42209,Peter Frankfurt Productions
1880,60,United Artists
1880,774,Valkyrie Films
71679,342,Davis-Films
10483,33,Universal Pictures
10483,44,Cruise/Wagner Productions
10483,248,Impact Pictures
10483,7295,Relativity Media
10483,7419,Scion Films
10483,28121,H2S2 Filmproduktionsgesellschaft
11412,12,New Line Cinema
11412,2980,Forge
11412,21920,The Steve Tisch Company
6795,441,Columbia Pictures Corporation
6795,2550,Teitler Film
6795,11370,Michael De Luca Productions
6795,14718,Radar Pictures
550,508,Regency Enterprises
550,711,Fox 2000 Pictures
550,20555,Taurus Film
550,54050,Linson Films
550,54051,Atman Entertainment
550,54052,Knickerbocker Films
11170,923,Legendary Pictures
11170,3528,Thunder Road Pictures
11170,4022,Wonderland Sound and Vision
11170,6194,Warner Bros.
9292,559,TriStar Pictures
9292,1885,Silver Pictures
100241,126,Lakeshore Entertainment
100241,737,Sidney Kimmel Entertainment
100241,1632,Lionsgate
100241,13788,Hopscotch Films
257,355,R.P. Productions
257,2979,ETIC Films
257,6732,Runteam III Ltd.
9947,306,Twentieth Century Fox Film Corporation
9947,508,Regency Enterprises
9947,1171,Epsilon Motion Pictures
9947,10104,New Regency Pictures
9947,19551,Marvel Enterprises
9947,19552,Horseshoe Bay Productions
9947,19553,Elektra Productions
9947,19554,SAI Productions
189,14,Miramax Films
189,10807,Troublemaker Studios
189,11005,AR Films
189,11006,Aldamisa Entertainment
189,13241,Demarest Films
189,29076,Solipsist Film
189,41658,Residaco
12618,5,Columbia Pictures
253412,33,Universal Pictures
253412,10163,Working Title Films
253412,10221,Walden Media
253412,10246,Cross Creek Pictures
253412,40106,Free State Pictures
253412,62693,RVK Studios
1427,342,Davis-Films
1427,753,Nouvelles Éditions de Films (NEF)
1427,1208,Rising Star
1427,2116,VIP Medienfonds 4
1427,2875,Ikiru Films
1427,5755,Constantin Film Produktion
1427,7956,Castelao Producciones
818,12,New Line Cinema
818,595,Eric's Boy
818,598,Team Todd
818,15888,Moving Pictures
818,52943,Gratitude International
16577,308,The Weinstein Company
16577,491,Summit Entertainment
16577,3196,Tezuka Production Company Ltd.
16577,3463,Imagi Animation Studios
329,33,Universal Pictures
329,56,Amblin Entertainment
12160,335,Tig Productions
12160,6194,Warner Bros.
12160,13040,Kasdan Pictures
12160,24217,Paragon Entertainment Corp.
9331,4,Paramount Pictures
9331,2767,Mace Neufeld Productions
300168,3407,Shanghai Film Group
300168,19658,Jackie & JJ Production
300168,36958,Sparkle Roll Media
300168,39649,Huayi Brothers Media
300168,69484,Alibaba Pictures Group
300168,74456,Home Media & Entertainment Fund
300168,74457,Tencent Video
300168,74458,China Film & TV Capital
300168,74459,Visualizer Film Company
9072,497,Revolution Studios
9072,1608,Wayans Bros. Entertainment
3536,33,Universal Pictures
3536,104,Canal Plus
3536,10308,Dino De Laurentiis Company
9087,5,Columbia Pictures
9087,97,Castle Rock Entertainment
12177,4,Paramount Pictures
12177,11843,Goldcrest Pictures
12177,15742,Internationale Filmproduktion
12138,1403,Franchise Pictures
12138,6194,Warner Bros.
12138,10210,Morgan Creek Productions
273248,215,Double Feature Films
273248,308,The Weinstein Company
273248,1811,FilmColony
50359,33,Universal Pictures
50359,6704,Illumination Entertainment
1271,449,Virtual Studios
1271,923,Legendary Pictures
1271,2994,Hollywood Gang Productions
1271,2995,Atmosphere Entertainment MM
1271,6194,Warner Bros.
1271,7636,Nimar Studios
1271,78685,Cruel and Unusual Films
693,27,DreamWorks SKG
693,33,Universal Pictures
693,2242,Everyman Pictures
693,11391,Tribeca Productions
14306,5219,Sunswept Entertainment
14306,6332,Dune Entertainment III
497,97,Castle Rock Entertainment
497,3982,Darkwoods Productions
497,6194,Warner Bros.
9982,2,Walt Disney Pictures
9982,10217,Walt Disney Feature Animation
210577,306,Twentieth Century Fox Film Corporation
210577,508,Regency Enterprises
210577,10104,New Regency Pictures
210577,15829,Pacific Standard
210577,22213,TSG Entertainment
210577,60682,Artemple - Hollywood
2501,33,Universal Pictures
2501,7383,"Kennedy/Marshall Company, The"
2501,7384,Hypnotic
2501,7385,Kalima Productions GmbH & Co. KG
2501,11345,Stillking Films
710,60,United Artists
710,7576,Eon Productions
2275,4,Paramount Pictures
2275,21409,MFP Munich Film Partners GmbH & Company I. Produktions KG
2275,25358,Krane Entertainment
2275,38005,Neufeld Rehme Productions
37165,4,Paramount Pictures
37165,258,Scott Rudin Productions
9837,27,DreamWorks SKG
9837,521,DreamWorks Animation
10708,5,Columbia Pictures
10708,497,Revolution Studios
10708,1302,Davis Entertainment
136400,13,Universal Studios
136400,2527,Marc Platt Productions
136400,10405,Emmett/Furla Films
136400,11030,Envision Entertainment Corporation
10992,79,Village Roadshow Pictures
10992,172,NPV Entertainment
10992,1757,Mad Chance
10992,3169,Zide-Perry Productions
10992,6194,Warner Bros.
10992,6363,BenderSpink
9654,2609,De Line Pictures
9654,10163,Working Title Films
2642,79,Village Roadshow Pictures
2642,97,Castle Rock Entertainment
2642,172,NPV Entertainment
2642,4258,Fortis Films
8916,27,DreamWorks SKG
8916,520,Pacific Data Images (PDI)
8916,521,DreamWorks Animation
19899,33,Universal Pictures
19899,2796,Wild West Picture Show Productions
19899,4403,Stuber Productions
19899,7295,Relativity Media
2119,4,Paramount Pictures
2119,10288,Don Simpson/Jerry Bruckheimer Films
9641,306,Twentieth Century Fox Film Corporation
9641,2575,21 Laps Entertainment
9641,87840,Dozen Canada Productions
294254,3672,Gotham Group
294254,12292,Temple Hill Entertainment
294254,22213,TSG Entertainment
38167,5,Columbia Pictures
38167,2455,Red Om Films
38167,45778,Plan B Entertainment
39514,429,DC Comics
39514,435,Di Bonaventura Pictures
39514,491,Summit Entertainment
39514,9993,DC Entertainment
9563,431,Donners' Company
9563,4198,Ixtlan
9563,6194,Warner Bros.
547,316,Wildwood Enterprises
547,9195,Touchstone Pictures
1538,4,Paramount Pictures
1538,27,DreamWorks SKG
1538,11084,Parkes/MacDonald Productions
1538,11463,Edge City
9334,33,Universal Pictures
9334,7385,Kalima Productions GmbH & Co. KG
9334,7588,World Wrestling Entertainment (WWE)
9334,11462,Alphaville Films
11128,877,Casey Silver Productions
11128,919,Beacon Communications
11128,9195,Touchstone Pictures
11128,10157,Beacon Pictures
11128,53987,Fantail Films Inc.
75780,4,Paramount Pictures
75780,762,Mutual Film Company
75780,6277,Skydance Productions
75780,21777,TC Productions
8914,79,Village Roadshow Pictures
8914,6194,Warner Bros.
8914,28438,Riche-Ludwig Productions
8914,28439,Groucho III Film Partnership
39538,215,Double Feature Films
39538,508,Regency Enterprises
39538,6194,Warner Bros.
39538,6735,Participant Media
39538,6736,Imagenation Abu Dhabi FZ
14836,10146,Focus Features
14836,11537,Laika Entertainment
8645,158,Spyglass Entertainment
8645,306,Twentieth Century Fox Film Corporation
8645,444,Dune Entertainment
8645,2320,UTV Motion Pictures
8645,12236,Blinding Edge Pictures
9509,508,Regency Enterprises
9509,711,Fox 2000 Pictures
9509,1171,Epsilon Motion Pictures
9509,1645,Scott Free Productions
9509,10104,New Regency Pictures
10067,2,Walt Disney Pictures
10067,10227,Mandeville Films
10067,12626,Boxing Cat Films
9384,433,Weed Road Pictures
9384,6194,Warner Bros.
9384,7405,Dimension Films
9384,12178,Red Hour Films
9384,53610,AR-TL
9279,306,Twentieth Century Fox Film Corporation
9279,436,1492 Pictures
1487,497,Revolution Studios
1487,552,Dark Horse Entertainment
1487,840,Lawrence Gordon Productions
1487,21497,Starlite Films
9422,4,Paramount Pictures
9422,316,Wildwood Enterprises
9422,9195,Touchstone Pictures
77174,10146,Focus Features
77174,11537,Laika Entertainment
4824,33,Universal Pictures
4824,657,Toho-Towa
4824,762,Mutual Film Company
4824,4650,Marubeni
4824,7237,Tele München Fernseh Produktionsgesellschaft (TMG)
4824,11462,Alphaville Films
4824,15278,British Broadcasting Corporation (BBC)
4824,23932,UGC PH
4824,54502,Mel's Cite du Cinema
9620,4,Paramount Pictures
9620,27,DreamWorks SKG
9620,1302,Davis Entertainment
9620,2812,Lion Rock Productions
9620,11567,Province of British Columbia Film Incentive BC
9620,22536,Solomon/Hackett Productions
10199,1163,Larger Than Life Productions
3512,508,Regency Enterprises
3512,6194,Warner Bros.
3512,17825,Seagal/Nasso Productions
3512,21480,Victor Company of Japan (JVC)
3512,63906,Cutting Edge Films
137094,4,Paramount Pictures
137094,435,Di Bonaventura Pictures
137094,2767,Mace Neufeld Productions
137094,6277,Skydance Productions
137094,9341,Etalon film
137094,11250,Buckaroo Entertainment
274479,711,Fox 2000 Pictures
274479,1302,Davis Entertainment
274479,13184,Annapurna Pictures
274479,22213,TSG Entertainment
267860,10254,Millennium Films
267860,73045,LHF Film
267860,73046,Gerard Butler Alan Siegel Entertainment
267860,74795,Nu Boyana Film Studios
8078,306,Twentieth Century Fox Film Corporation
8078,19747,Brandywine Productions
7485,4,Paramount Pictures
7485,435,Di Bonaventura Pictures
7485,57421,Grosvenor Park Impact Productions
170687,11537,Laika Entertainment
6435,79,Village Roadshow Pictures
6435,813,DiNovi Pictures
6435,4258,Fortis Films
6435,6194,Warner Bros.
6435,55474,Stargate Studios
137106,79,Village Roadshow Pictures
137106,429,DC Comics
137106,829,Vertigo Entertainment
137106,2723,Lin Pictures
137106,2785,Warner Bros. Animation
137106,4081,LEGO
137106,6194,Warner Bros.
137106,8089,Animal Logic
137106,25120,Warner Animation Group
137106,41624,RatPac-Dune Entertainment
6278,80,The Zanuck Company
6278,158,Spyglass Entertainment
6278,7692,World 2000 Entertainment
6278,9195,Touchstone Pictures
6278,22902,Tripod Entertainment
82682,79,Village Roadshow Pictures
82682,2723,Lin Pictures
82682,6194,Warner Bros.
82682,8057,Langley Park Production
17610,5,Columbia Pictures
17610,7433,Ocean Pictures
17610,10105,Apatow Productions
22954,158,Spyglass Entertainment
22954,171,Malpaso Productions
22954,906,Revelations Entertainment
22954,2767,Mace Neufeld Productions
22954,6194,Warner Bros.
22954,76466,Liberty Pictures (II)
16995,33,Universal Pictures
16995,694,StudioCanal
16995,1683,Andell Entertainment
16995,7295,Relativity Media
16995,10163,Working Title Films
16558,33,Universal Pictures
16558,5163,Laura Bickford Productions
16558,7295,Relativity Media
16558,27317,Medienproduktion Poseidon Filmgesellschaft
9849,2,Walt Disney Pictures
5820,306,Twentieth Century Fox Film Corporation
5820,444,Dune Entertainment
5820,445,Major Studio Partners
5820,508,Regency Enterprises
5820,1171,Epsilon Motion Pictures
5820,10104,New Regency Pictures
5820,28537,Sentinel Productions
5820,33433,Furthur Films
16866,559,TriStar Pictures
16866,5653,Ilion Animation Studios
16866,12297,Hand Made Films
201,4,Paramount Pictures
11775,23,Imagine Entertainment
11775,33,Universal Pictures
11775,2092,Mike Zoss Productions
11775,6556,Alphaville Productions
12201,152,Icon Productions
12201,288,BBC Films
12201,3281,GK Films
12201,6194,Warner Bros.
11015,4,Paramount Pictures
11015,33,Universal Pictures
11015,657,Toho-Towa
11015,762,Mutual Film Company
11015,1280,Pacific Western
11015,1382,PolyGram Filmed Entertainment
11015,4650,Marubeni
11015,7237,Tele München Fernseh Produktionsgesellschaft (TMG)
11015,15278,British Broadcasting Corporation (BBC)
9932,79,Village Roadshow Pictures
9932,172,NPV Entertainment
9932,6194,Warner Bros.
9932,11391,Tribeca Productions
9932,14719,Baltimore Spring Creek Pictures
9932,48638,Face Productions
13389,2053,Grosvenor Park Media Ltd.
13389,2831,InVenture Entertainment
13389,10254,Millennium Films
13389,10405,Emmett/Furla Films
13389,21543,Nu-Image Films
17332,7,DreamWorks
17332,33,Universal Pictures
17332,694,StudioCanal
17332,6735,Participant Media
17332,8299,Krasnoff Foster Productions
17332,10163,Working Title Films
4958,27,DreamWorks SKG
4958,306,Twentieth Century Fox Film Corporation
4958,316,Wildwood Enterprises
4958,1171,Epsilon Motion Pictures
4958,1755,Allied Filmmakers
786,5,Columbia Pictures
786,485,Vinyl Films
786,7293,DreamWorks Pictures
11679,333,Original Film
11679,441,Columbia Pictures Corporation
11679,497,Revolution Studios
38321,3287,Screen Gems
38321,8931,Stars Road Entertainment
38321,11250,Buckaroo Entertainment
38321,11370,Michael De Luca Productions
38321,22641,TOKYOPOP
14411,521,DreamWorks Animation
8413,4,Paramount Pictures
8413,248,Impact Pictures
8413,2484,Golar Productions
10052,33,Universal Pictures
10052,158,Spyglass Entertainment
10052,159,Shady Acres Entertainment
10052,2605,Gran Via Productions
10052,7385,Kalima Productions GmbH & Co. KG
10052,20352,NDE Productions
9676,33,Universal Pictures
9676,342,Davis-Films
9676,2982,Signature Pictures
9676,4700,Linson Entertainment
9676,8769,Art Linson Productions
9676,10254,Millennium Films
9676,10885,Equity Pictures Medienfonds GmbH & Co. KG III
9676,22443,Nu Image Entertainment GmbH
9664,289,Ingenious Film Partners
9664,3241,Electric Entertainment
9664,6277,Skydance Productions
9664,6362,Flyboys Films
2100,27,DreamWorks SKG
10384,60,United Artists
10384,8411,Metro-Goldwyn-Mayer (MGM)
10384,20375,Hammerhead Productions
10384,23587,Screenland Pictures
137321,79,Village Roadshow Pictures
137321,433,Weed Road Pictures
137321,6194,Warner Bros.
123553,5755,Constantin Film Produktion
123553,22656,Don Carmody Productions
123553,60746,Unique Features
123553,60747,Mr. Smith Productions
11260,306,Twentieth Century Fox Film Corporation
11260,444,Dune Entertainment
11260,508,Regency Enterprises
11260,2645,Guy Walks into a Bar Productions
11260,2646,Deep River Productions
11260,81136,Friendly Films (II)
9009,829,Vertigo Entertainment
9009,9195,Touchstone Pictures
9009,49696,Post No Bills Films
9009,49697,Pandemonium Productions
2309,12,New Line Cinema
2309,20360,Internationale Filmproduktion Blackbird Erste
8285,429,DC Comics
8285,1632,Lionsgate
8285,3263,Odd Lot Entertainment
8285,5627,Media Magik Entertainment
8285,7375,Dark Lot Entertainment
8285,7376,Continental Entertainment Group (CEG)
210860,1632,Lionsgate
210860,1757,Mad Chance
210860,36209,OddLot Entertainment
210860,39649,Huayi Brothers Media
381902,9175,Filmko Pictures
13922,2253,Lawrence Bender Productions
13922,12552,Marty Katz Productions
293660,306,Twentieth Century Fox Film Corporation
293660,7505,Marvel Entertainment
293660,11307,The Donners' Company
293660,22213,TSG Entertainment
293660,78091,Kinberg Genre
190859,79,Village Roadshow Pictures
190859,171,Malpaso Productions
190859,6194,Warner Bros.
190859,41624,RatPac-Dune Entertainment
190859,57408,Mad Chance Productions
190859,57409,22 & Indiana Pictures
257445,5,Columbia Pictures
257445,79,Village Roadshow Pictures
257445,333,Original Film
257445,2251,Sony Pictures Animation
257445,7431,Sony Pictures Entertainment (SPE)
257445,30246,Scholastic Entertainment
257445,34034,LStar Capital
9007,27,DreamWorks SKG
9007,135,UIP
9007,384,MacDonald/Parkes Productions
889,33,Universal Pictures
889,56,Amblin Entertainment
1370,559,TriStar Pictures
1370,14723,Carolco Pictures
4942,33,Universal Pictures
4942,877,Casey Silver Productions
4942,19507,Outlaw Productions (I)
4942,22695,Smokehouse Pictures
24438,5,Columbia Pictures
24438,97,Castle Rock Entertainment
24438,7295,Relativity Media
24438,45726,Banter
116741,306,Twentieth Century Fox Film Corporation
116741,508,Regency Enterprises
116741,2575,21 Laps Entertainment
116741,2796,Wild West Picture Show Productions
116741,22213,TSG Entertainment
35791,248,Impact Pictures
35791,342,Davis-Films
35791,5755,Constantin Film Produktion
72431,1,Lucasfilm
72431,306,Twentieth Century Fox Film Corporation
72431,22883,Partnership Pictures
1813,508,Regency Enterprises
1813,676,Monarchy Enterprises B.V.
1813,824,Kopelson Entertainment
1813,6194,Warner Bros.
1813,10104,New Regency Pictures
1813,20555,Taurus Film
87428,5,Columbia Pictures
87428,2608,Happy Madison Productions
87428,7295,Relativity Media
8840,33,Universal Pictures
10589,12,New Line Cinema
10589,1836,Contrafilm
10589,1838,Firm Films
71676,5,Columbia Pictures
71676,6736,Imagenation Abu Dhabi FZ
71676,7505,Marvel Entertainment
71676,11106,Marvel Knights
71676,13816,Hyde Park Entertainment
71676,20241,Crystal Sky Pictures
71676,27551,Michael De Luca Productions
1722,14,Miramax Films
1722,33,Universal Pictures
10022,2,Walt Disney Pictures
10022,158,Spyglass Entertainment
11358,8411,Metro-Goldwyn-Mayer (MGM)
11358,10227,Mandeville Films
11358,10339,WWE Studios
11358,13816,Hyde Park Entertainment
11358,23938,Burke/Samples/Foster Productions
11358,23940,Cub Eight Productions
13,4,Paramount Pictures
6477,444,Dune Entertainment
6477,508,Regency Enterprises
6477,711,Fox 2000 Pictures
6477,10930,Bagdasarian Productions
1597,27,DreamWorks SKG
1597,33,Universal Pictures
1597,11391,Tribeca Productions
1597,41248,Nancy Tenenbaum Films
10530,2,Walt Disney Pictures
10530,10217,Walt Disney Feature Animation
1924,6194,Warner Bros.
1924,51861,Dovemead Films
1924,51862,Film Export A.G.
9327,23,Imagine Entertainment
9327,33,Universal Pictures
8488,441,Columbia Pictures Corporation
8488,12485,Overbrook Entertainment
8273,33,Universal Pictures
8273,3169,Zide-Perry Productions
8273,7161,LivePlanet
8273,52942,Loumolo & Co.
109424,5,Columbia Pictures
35056,306,Twentieth Century Fox Film Corporation
35056,444,Dune Entertainment
35056,2575,21 Laps Entertainment
8839,33,Universal Pictures
8839,56,Amblin Entertainment
8839,11098,The Harvey Entertainment Company
156022,5,Columbia Pictures
156022,79,Village Roadshow Pictures
156022,1423,Escape Artists
156022,2767,Mace Neufeld Productions
156022,34034,LStar Capital
156022,41096,Lonetree Entertainment
7303,2455,Red Om Films
8963,915,Hollywood Pictures
8963,10288,Don Simpson/Jerry Bruckheimer Films
1402,441,Columbia Pictures Corporation
1402,1423,Escape Artists
1402,7295,Relativity Media
1402,12485,Overbrook Entertainment
9315,23,Imagine Entertainment
9315,9195,Touchstone Pictures
8984,6194,Warner Bros.
8984,11407,Baltimore Pictures
795,507,Atlas Entertainment
795,508,Regency Enterprises
795,676,Monarchy Enterprises B.V.
795,6194,Warner Bros.
795,20555,Taurus Film
24,14,Miramax Films
24,59,A Band Apart
24,39121,Super Cool ManChu
393,14,Miramax Films
393,59,A Band Apart
393,39121,Super Cool ManChu
9618,6194,Warner Bros.
9374,33,Universal Pictures
8584,158,Spyglass Entertainment
8584,961,Roger Birnbaum Productions
8584,9195,Touchstone Pictures
2320,1885,Silver Pictures
2320,6194,Warner Bros.
58224,306,Twentieth Century Fox Film Corporation
58224,444,Dune Entertainment
58224,1302,Davis Entertainment
58224,6332,Dune Entertainment III
1729,877,Casey Silver Productions
1729,2269,China Film Co-Production Corporation
1729,3393,Huayi Brothers
1729,7295,Relativity Media
175574,2787,Reel FX Creative Studios
175574,7295,Relativity Media
8077,306,Twentieth Century Fox Film Corporation
8077,19747,Brandywine Productions
8818,915,Hollywood Pictures
8818,1504,Cinergi Pictures Entertainment
8195,60,United Artists
8195,2347,FGM Entertainment
10586,457,Constellation Films
10586,6033,Paramount
116149,308,The Weinstein Company
116149,694,StudioCanal
116149,3823,TF1 Films Production
116149,5358,Canal+
116149,7364,Heyday Films
116149,10611,Ciné+
116149,20664,Anton Capital Entertainment (ACE)
116149,22123,TF1
116149,58773,Amazon Prime Instant Video
80035,289,Ingenious Film Partners
80035,290,Ingenious Media
80035,306,Twentieth Century Fox Film Corporation
80035,444,Dune Entertainment
80035,2575,21 Laps Entertainment
80035,6332,Dune Entertainment III
80035,10893,Big Screen Productions
80035,37336,Down Productions
10632,126,Lakeshore Entertainment
10632,11462,Alphaville Films
1792,306,Twentieth Century Fox Film Corporation
1792,1156,Conundrum Entertainment
72197,5,Columbia Pictures
72197,297,Aardman Animations
72197,2251,Sony Pictures Animation
3580,23,Imagine Entertainment
3580,171,Malpaso Productions
3580,7295,Relativity Media
12123,306,Twentieth Century Fox Film Corporation
12123,2377,Chicago Pacific Entertainment
12123,20004,"Zanuck Company, The"
9566,559,TriStar Pictures
9566,1236,Mandalay Entertainment
9833,3539,Odyssey Entertainment
9833,6194,Warner Bros.
9833,7419,Scion Films
9833,38504,Really Useful Films
4517,33,Universal Pictures
4517,694,StudioCanal
4517,10163,Working Title Films
8202,4,Paramount Pictures
8202,126,Lakeshore Entertainment
8202,746,MTV Films
8202,6041,Colossal Pictures
8202,11533,Valhalla Motion Pictures
8202,11534,MTV Productions
16072,174,Warner Bros. Pictures
16072,1765,Turner Pictures
16072,17462,Antietam Filmworks
34314,8411,Metro-Goldwyn-Mayer (MGM)
34314,11661,Rysher Entertainment
145220,32,Buena Vista
145220,6421,Disney
14623,5870,Studio Canal
14623,10163,Working Title Films
14623,12362,Tracy Films
42297,348,Bedford Falls Productions
802,516,Seven Arts Productions
802,517,Allied Artists
802,518,Transworld Pictures
10375,33,Universal Pictures
36586,12,New Line Cinema
36586,421,Amen Ra Films
36586,5611,Milk & Honey
36586,11321,Imaginary Forces
36586,11322,Justin Pictures
36586,11323,Linovo Productions GmbH & Co. KG
36586,11324,Pacific Title and Art Studio
36586,19551,Marvel Enterprises
11321,5,Columbia Pictures
11321,1423,Escape Artists
11321,7295,Relativity Media
11321,12485,Overbrook Entertainment
70074,1786,Dark Castle Entertainment
70074,3608,After Dark Films
70074,7437,IM Global
70074,7625,Automatik Entertainment
70074,12075,Silver Reel
70074,14654,EMJAG Productions
70074,20356,Millar Gough Ink
70074,25876,Headshot Films
242,4,Paramount Pictures
9621,4,Paramount Pictures
9621,44,Cruise/Wagner Productions
9621,485,Vinyl Films
9621,20157,KMP Film Invest
1819,33,Universal Pictures
1819,11844,Kaplan/Perrone Entertainment
1819,59957,MMCB Film Produktion 2004
8536,6194,Warner Bros.
8536,51861,Dovemead Films
8536,51862,Film Export A.G.
8046,136,City Light Films
8046,497,Revolution Studios
8046,877,Casey Silver Productions
1717,441,Columbia Pictures Corporation
1717,1208,Rising Star
1717,7295,Relativity Media
1717,11317,Phoenix Pictures
1717,23238,VIP 4 Medienfonds
479,4,Paramount Pictures
479,258,Scott Rudin Productions
9444,306,Twentieth Century Fox Film Corporation
9444,11231,Fox Animation Studios
9444,11232,Fox Family Films
9444,11233,The Big Gun Project
9444,11234,Little Wolf Entertainment
824,240,Bazmark Films
824,306,Twentieth Century Fox Film Corporation
11456,4,Paramount Pictures
261023,2691,Infinitum Nihil
261023,5056,Head Gear Films
261023,10246,Cross Creek Pictures
261023,40106,Free State Pictures
261023,41624,RatPac-Dune Entertainment
261023,47169,Le Grisbi Productions
261023,50481,Vendian Entertainment
3683,27,DreamWorks SKG
3683,56,Amblin Entertainment
3683,171,Malpaso Productions
3683,6194,Warner Bros.
22803,5257,"Film Department, The"
22803,5802,Evil Twins
22803,12180,Warp Films
285923,443,Big Talk Productions
285923,6869,Yer Dead Productions
285923,7289,"Weinstein Company, The"
285923,7405,Dimension Films
285923,10807,Troublemaker Studios
285923,15762,Dartmouth International
285923,15763,Eyetronics
285923,15764,Rodriguez International Pictures
640,367,Kemp Company
640,368,Splendid Pictures
640,11084,Parkes/MacDonald Productions
97630,5,Columbia Pictures
97630,13184,Annapurna Pictures
97630,20344,First Light Production
9767,33,Universal Pictures
9767,748,Mosaic Media Group
9767,2796,Wild West Picture Show Productions
11631,33,Universal Pictures
11631,2655,Internationale Filmproduktion Richter
11631,4171,Playtone
11631,7295,Relativity Media
11631,34441,Littlestar
32856,12,New Line Cinema
32856,4194,Karz Entertainment
32856,60018,Rice Films
6519,79,Village Roadshow Pictures
6519,975,Gerber Pictures
6519,6194,Warner Bros.
6519,12202,WV Films III
8741,711,Fox 2000 Pictures
8741,11317,Phoenix Pictures
8741,23660,Geisler-Roberdeau
49520,33,Universal Pictures
49520,333,Original Film
49520,7295,Relativity Media
49520,8406,Big Kid Pictures
1850,762,Mutual Film Company
524,33,Universal Pictures
524,10898,Légende Entreprises
524,11583,Syalis DA
524,11584,De Fina-Cappa
26389,1076,Apipoulaï
26389,1115,M6 Films
26389,5358,Canal+
26389,6586,TPS Star
26389,6877,Grive Productions
26389,6896,EuropaCorp
26389,11261,M6
26389,34774,W9
2123,306,Twentieth Century Fox Film Corporation
2123,1156,Conundrum Entertainment
9907,4,Paramount Pictures
9907,2348,Nickelodeon Movies
9907,24955,Paramount Animation
18239,491,Summit Entertainment
18239,4000,Maverick Films
18239,5218,Imprint Entertainment
18239,5219,Sunswept Entertainment
18239,12292,Temple Hill Entertainment
808,27,DreamWorks SKG
808,520,Pacific Data Images (PDI)
808,521,DreamWorks Animation
38050,33,Universal Pictures
38050,2531,Media Rights Capital
38050,6933,Gambit Pictures
38050,11834,Electric Shepherd Productions
8367,6194,Warner Bros.
8367,10210,Morgan Creek Productions
9390,18,Gracie Films
9390,559,TriStar Pictures
72105,33,Universal Pictures
72105,2531,Media Rights Capital
72105,8789,Fuzzy Door Productions
2898,18,Gracie Films
2898,559,TriStar Pictures
10312,33,Universal Pictures
10312,369,Bungalow 78 Productions
10312,10230,Blue Wolf
10312,10231,Farrell/Minoff
109443,4,Paramount Pictures
109443,4740,Gary Sanchez Productions
109443,10105,Apatow Productions
2022,12,New Line Cinema
2022,441,Columbia Pictures Corporation
2022,879,Out of the Blue... Entertainment
2022,2608,Happy Madison Productions
37686,4,Paramount Pictures
37686,56,Amblin Entertainment
37686,11461,Bad Robot
37686,23300,K/O Camera Toys
462,216,Jersey Films
9919,4,Paramount Pictures
187017,5,Columbia Pictures
187017,333,Original Film
187017,2531,Media Rights Capital
187017,8411,Metro-Goldwyn-Mayer (MGM)
187017,9194,Cannell Studios
187017,34034,LStar Capital
187017,34035,33andOut Productions
187017,34036,JHF Productions
628,360,Geffen Pictures
10201,79,Village Roadshow Pictures
10201,80,The Zanuck Company
10201,437,Heyday films
10201,6194,Warner Bros.
302699,12,New Line Cinema
302699,33,Universal Pictures
302699,13778,Bluegrass Films
302699,37845,Principato-Young Entertainment
274167,4,Paramount Pictures
274167,4740,Gary Sanchez Productions
274167,19177,Red Granite Pictures
224141,2,Walt Disney Pictures
224141,2527,Marc Platt Productions
224141,17021,Lucamar Productions
388,23,Imagine Entertainment
388,33,Universal Pictures
388,4319,40 Acres & A Mule Filmworks
2112,4,Paramount Pictures
2112,4564,Icon Entertainment International
10329,4,Paramount Pictures
10329,7383,"Kennedy/Marshall Company, The"
74465,306,Twentieth Century Fox Film Corporation
74465,444,Dune Entertainment
74465,485,Vinyl Films
74465,8518,LBI Entertainment
13811,491,Summit Entertainment
13811,908,Mystery Clock Cinema
13811,1423,Escape Artists
13811,11843,Goldcrest Pictures
13811,11844,Kaplan/Perrone Entertainment
13811,11845,Wintergreen Productions
6877,4,Paramount Pictures
6877,258,Scott Rudin Productions
6877,84423,Failure to Launch Productions
10320,7,DreamWorks
10320,6363,BenderSpink
10320,49325,Parkes+MacDonald Image Nation
50646,6194,Warner Bros.
8920,306,Twentieth Century Fox Film Corporation
8920,1302,Davis Entertainment
8920,11749,Twentieth Century Fox Animation
60308,5,Columbia Pictures
60308,258,Scott Rudin Productions
6950,824,Kopelson Entertainment
6950,2154,Punch Productions
6950,6194,Warner Bros.
6950,16775,Arnold Kopelson Productions
225574,694,StudioCanal
225574,1885,Silver Pictures
225574,3823,TF1 Films Production
225574,5358,Canal+
225574,20664,Anton Capital Entertainment (ACE)
225574,22123,TF1
225574,26387,LOVEFiLM International
13836,2,Walt Disney Pictures
13836,3538,Gunn Films
752,264,Studio Babelsberg
752,429,DC Comics
752,449,Virtual Studios
752,450,Anarchos Productions
752,1885,Silver Pictures
752,6194,Warner Bros.
752,7307,Medienboard Berlin-Brandenburg
752,23889,Fünfte Babelsberg Film
6038,158,Spyglass Entertainment
6038,9195,Touchstone Pictures
6038,58262,Birnbaum / Barber Productions
6038,58263,Jackie Chan Films Limited
6038,58264,All Knight Productions
9975,23,Imagine Entertainment
9975,33,Universal Pictures
9975,5556,Universal Animation Studios
11451,2,Walt Disney Pictures
11451,3929,Robert Simonds Productions
12103,79,Village Roadshow Pictures
12103,172,NPV Entertainment
12103,508,Regency Enterprises
12103,824,Kopelson Entertainment
12103,1171,Epsilon Motion Pictures
12103,10104,New Regency Pictures
12103,33433,Furthur Films
60304,4,Paramount Pictures
60304,264,Studio Babelsberg
60304,746,MTV Films
60304,4740,Gary Sanchez Productions
60304,8411,Metro-Goldwyn-Mayer (MGM)
60304,11238,Deutsche Filmförderfonds (DFFF)
2251,508,Regency Enterprises
2251,711,Fox 2000 Pictures
2251,1171,Epsilon Motion Pictures
2251,58248,Unfaithful Filmproduktion GmbH & Co. KG
46529,27,DreamWorks SKG
46529,6733,Reliance BIG Entertainment
46529,6734,Bay Films
46529,9195,Touchstone Pictures
231,129,Section Eight
231,6194,Warner Bros.
231,6735,Participant Media
231,7786,FilmWorks
231,20665,4M
231,20666,MID Foundation
300671,4,Paramount Pictures
300671,787,3 Arts Entertainment
300671,6734,Bay Films
300671,19108,Latina Pictures
300671,19477,Dune Films
228326,306,Twentieth Century Fox Film Corporation
228326,2787,Reel FX Creative Studios
228326,11749,Twentieth Century Fox Animation
228326,79031,Chatrone
9754,79,Village Roadshow Pictures
9754,3528,Thunder Road Pictures
9754,6194,Warner Bros.
9754,10157,Beacon Pictures
9754,10991,Jon Shestack Productions
66,5,Columbia Pictures
66,97,Castle Rock Entertainment
66,171,Malpaso Productions
4421,175,Caravan Pictures
4421,915,Hollywood Pictures
4421,1643,First Independent Films
4421,1644,Largo Entertainment
4421,1645,Scott Free Productions
4421,1646,Trap-Two-Zero Productions
2649,1382,PolyGram Filmed Entertainment
2649,1519,A&B Producoes
2649,10164,Popaganda Films
588,341,Silent Hill DCP Inc.
588,342,Davis-Films
588,559,TriStar Pictures
588,55914,Konami
71552,33,Universal Pictures
9631,508,Regency Enterprises
9631,6194,Warner Bros.
216282,12,New Line Cinema
216282,79,Village Roadshow Pictures
216282,8000,Broken Road Productions
216282,41624,RatPac-Dune Entertainment
306,4,Paramount Pictures
306,30,Eddie Murphy Productions
928,56,Amblin Entertainment
928,6194,Warner Bros.
205587,79,Village Roadshow Pictures
205587,6194,Warner Bros.
205587,8406,Big Kid Pictures
205587,27467,Team Downey
1577,248,Impact Pictures
1577,53530,Constantin Film Ltd.
9801,14,Miramax Films
9801,33,Universal Pictures
9801,5870,Studio Canal
9801,10163,Working Title Films
9801,11357,Atlantic Television
9801,11358,Little Bird
2116,333,Original Film
2116,966,Monarch Pictures
2116,8411,Metro-Goldwyn-Mayer (MGM)
9624,6194,Warner Bros.
14199,10807,Troublemaker Studios
1907,359,Figment Films
4599,9195,Touchstone Pictures
4599,10157,Beacon Pictures
4599,10227,Mandeville Films
22832,264,Studio Babelsberg
22832,450,Anarchos Productions
22832,923,Legendary Pictures
22832,1786,Dark Castle Entertainment
22832,1885,Silver Pictures
22832,6194,Warner Bros.
22832,7307,Medienboard Berlin-Brandenburg
22832,11238,Deutsche Filmförderfonds (DFFF)
22832,69582,Rocklock Films
9879,5,Columbia Pictures
9879,97,Castle Rock Entertainment
38579,306,Twentieth Century Fox Film Corporation
44603,56,Amblin Entertainment
44603,171,Malpaso Productions
44603,6194,Warner Bros.
44603,7383,"Kennedy/Marshall Company, The"
11892,97,Castle Rock Entertainment
11892,6194,Warner Bros.
11892,23382,Schroeder Hoffman Productions
9691,1885,Silver Pictures
9691,5358,Canal+
9691,6194,Warner Bros.
9691,10308,Dino De Laurentiis Company
9691,23397,Donner/Shuler-Donner Productions
9691,25061,Evansgideon/Lazar
1248,289,Ingenious Film Partners
1248,2979,ETIC Films
1248,6370,Quinta Communications
1248,10308,Dino De Laurentiis Company
1248,16923,Zephyr Films
1248,20394,Young Hannibal Productions
1248,20395,Carthago Films S.a.r.l.
12220,33,Universal Pictures
12220,97,Castle Rock Entertainment
72710,8073,Nick Wechsler Productions
72710,10427,Open Road Films
72710,12075,Silver Reel
72710,13649,Chockstone Pictures
10782,763,Intermedia Films
10782,25358,Krane Entertainment
9573,171,Malpaso Productions
9573,6194,Warner Bros.
4959,264,Studio Babelsberg
4959,507,Atlas Entertainment
4959,748,Mosaic Media Group
4959,1972,X-Filme Creative Pool
10061,4,Paramount Pictures
10061,11661,Rysher Entertainment
10386,2785,Warner Bros. Animation
421,9195,Touchstone Pictures
421,23449,American Empirical Pictures
316152,1163,Larger Than Life Productions
316152,50481,Vendian Entertainment
316152,50482,Route One Films
11615,24,Mikona Productions GmbH & Co. KG
11615,33,Universal Pictures
11615,763,Intermedia Films
11615,831,Saturn Films
11615,81128,Dirty Hands Productions
241554,829,Vertigo Entertainment
241554,18617,Energy Entertainment
241554,41624,RatPac-Dune Entertainment
2252,288,BBC Films
2252,805,Serendipity Point Films
2252,806,Téléfilm Canada
2252,2743,Astral Media
2252,7419,Scion Films
2252,10146,Focus Features
2252,11550,Corus Entertainment
2252,16880,Shine Pictures
2252,20244,Kudos Film and Television
11968,441,Columbia Pictures Corporation
11968,551,Mandalay Pictures
11968,8411,Metro-Goldwyn-Mayer (MGM)
10047,5,Columbia Pictures
10047,9,Gaumont
38319,33,Universal Pictures
38319,4403,Stuber Productions
69668,8430,Cliffjack Motion Pictures
69668,10210,Morgan Creek Productions
9770,6194,Warner Bros.
9770,16775,Arnold Kopelson Productions
11212,306,Twentieth Century Fox Film Corporation
10533,915,Hollywood Pictures
10533,1504,Cinergi Pictures Entertainment
38363,1246,River Road Entertainment
38363,6735,Participant Media
9923,12,New Line Cinema
9923,342,Davis-Films
9923,656,Metropolitan Filmexport
9923,1645,Scott Free Productions
9923,56181,Domino 17521
11863,4,Paramount Pictures
18501,126,Lakeshore Entertainment
18501,1632,Lionsgate
109491,1088,Alcon Entertainment
109491,6194,Warner Bros.
109491,32184,Belle Pictures
109491,36390,3 Arts Entertainment
329833,258,Scott Rudin Productions
329833,12178,Red Hour Films
12634,2265,Shangri-La Entertainment
12634,67989,Material
12634,78070,Taormina Productions
47327,491,Summit Entertainment
47327,831,Saturn Films
47327,925,Nu Image Films
47327,10254,Millennium Films
47327,11370,Michael De Luca Productions
15268,306,Twentieth Century Fox Film Corporation
15268,1172,Hyde Park Films
10796,5,Columbia Pictures
10796,497,Revolution Studios
10796,48772,Hard Eight Pictures
10796,93580,Wonder works studios entertainment group
9548,306,Twentieth Century Fox Film Corporation
9548,1885,Silver Pictures
18947,33,Universal Pictures
18947,5870,Studio Canal
18947,10163,Working Title Films
18947,12196,Medienproduktion Prometheus Filmgesellschaft
18947,12197,Portobello Studios
18947,12198,Tightrope Pictures
1900,987,USA Films
1900,7380,Initial Entertainment Group (IEG)
1900,20634,"Bedford Falls Company, The"
1900,58333,Compulsion Inc.
1900,58334,Splendid Medien AG
89,1,Lucasfilm
89,4,Paramount Pictures
198184,5,Columbia Pictures
198184,2531,Media Rights Capital
198184,7431,Sony Pictures Entertainment (SPE)
198184,18209,Alpha Core
198184,28788,Genre Films
198184,31076,Simon Kinberg Productions
198184,34034,LStar Capital
198184,53638,Ollin Studio
9481,33,Universal Pictures
9481,441,Columbia Pictures Corporation
4547,1685,Hofflund/Polone
4547,7795,Indelible Productions
6415,79,Village Roadshow Pictures
6415,507,Atlas Entertainment
6415,6194,Warner Bros.
6415,23689,Village-A.M. Partnership
6415,23690,Coast Ridge
6415,23691,Junger Witt Productions
181283,491,Summit Entertainment
181283,1645,Scott Free Productions
181283,9015,Worldview Entertainment
9896,4,Paramount Pictures
9896,3857,Fireworks Pictures
9896,11462,Alphaville Films
167,763,Intermedia Films
167,840,Lawrence Gordon Productions
167,1178,Pathé Pictures International
167,19116,IMF Internationale Medien und Film GmbH & Co. 3. Produktions KG
1636,306,Twentieth Century Fox Film Corporation
1636,508,Regency Enterprises
1636,73949,KirchMedia
2148,41,Orion Pictures
2148,427,PSO International
2148,991,Totally Independent
5176,84,Tree Line Films
5176,1632,Lionsgate
5176,7295,Relativity Media
5176,10880,Yuma
260346,306,Twentieth Century Fox Film Corporation
260346,1115,M6 Films
260346,5358,Canal+
260346,6877,Grive Productions
260346,6896,EuropaCorp
260346,10611,Ciné+
260346,11261,M6
260346,22213,TSG Entertainment
260346,87854,Taken 3
1389,33,Universal Pictures
1389,216,Jersey Films
9894,441,Columbia Pictures Corporation
8592,9195,Touchstone Pictures
913,597,Irish Dreamtime
913,8411,Metro-Goldwyn-Mayer (MGM)
11091,5,Columbia Pictures
1368,41,Orion Pictures
5393,614,Vanguard Films
5393,1632,Lionsgate
5393,1718,Odyssey
5393,46875,Nitrogen Studios Canada
9095,559,TriStar Pictures
9095,18737,NFH Productions
8874,559,TriStar Pictures
320,129,Section Eight
320,1088,Alcon Entertainment
320,1089,Witt/Thomas Productions
199,4,Paramount Pictures
199,76068,Digital Image Associates
20533,6194,Warner Bros.
10684,711,Fox 2000 Pictures
1624,23,Imagine Entertainment
1624,33,Universal Pictures
325789,68620,Good Films
113464,8411,Metro-Goldwyn-Mayer (MGM)
113464,46957,Unification Church
113464,46958,One Way Productions
888,33,Universal Pictures
888,56,Amblin Entertainment
888,1353,Hanna-Barbera Productions
82675,306,Twentieth Century Fox Film Corporation
82675,1115,M6 Films
82675,5358,Canal+
82675,6877,Grive Productions
82675,6896,EuropaCorp
82675,10611,Ciné+
4256,7405,Dimension Films
4256,10958,Brad Grey Pictures
1493,79,Village Roadshow Pictures
1493,97,Castle Rock Entertainment
1493,172,NPV Entertainment
1493,4258,Fortis Films
88751,12,New Line Cinema
88751,10221,Walden Media
11130,2,Walt Disney Pictures
9944,6194,Warner Bros.
10731,508,Regency Enterprises
10731,644,Alcor Films
10731,6194,Warner Bros.
7350,17049,Two Ton Films
7350,70994,Zadan / Meron Productions
7350,86256,Reiner / Greisman Productions
9869,4,Paramount Pictures
9869,2767,Mace Neufeld Productions
4379,12,New Line Cinema
4379,705,Spring Creek Productions
4379,6363,BenderSpink
4379,12067,Kumar Mobiliengesellschaft mbH & Co. Projekt Nr. 1 KG
146233,1088,Alcon Entertainment
146233,12199,Madhouse Entertainment
146233,18208,8:38 Productions
2034,79,Village Roadshow Pictures
2034,172,NPV Entertainment
2034,6194,Warner Bros.
2034,19507,Outlaw Productions (I)
2034,24939,WV Films II
926,27,DreamWorks SKG
926,2605,Gran Via Productions
4248,1607,Gold/Miller Productions
4248,1608,Wayans Bros. Entertainment
4248,7405,Dimension Films
4248,10958,Brad Grey Pictures
64328,2,Walt Disney Pictures
36647,12,New Line Cinema
36647,421,Amen Ra Films
36647,11321,Imaginary Forces
36647,19551,Marvel Enterprises
7214,4,Paramount Pictures
7214,746,MTV Films
7214,2184,Tollin/Robbins Productions
1537,4,Paramount Pictures
9360,441,Columbia Pictures Corporation
9360,3803,Middle Fork Productions
9360,11134,Iguana Producciones
9360,16387,Skylight Cinema Foto Art
9360,55532,St. Tropez Films
9360,55533,Cinema Line Film Corporation
6282,130,Jerry Bruckheimer Films
6282,9195,Touchstone Pictures
508,33,Universal Pictures
508,284,DNA Films
508,694,StudioCanal
508,10163,Working Title Films
9487,2,Walt Disney Pictures
9487,3,Pixar Animation Studios
768,306,Twentieth Century Fox Film Corporation
768,476,Underworld Entertainment
2636,2596,Jerry Weintraub Productions
2636,6194,Warner Bros.
2636,11134,Iguana Producciones
10478,508,Regency Enterprises
10478,6194,Warner Bros.
9981,33,Universal Pictures
7453,158,Spyglass Entertainment
7453,2242,Everyman Pictures
7453,2243,Hammer & Tongs
7453,9195,Touchstone Pictures
7737,248,Impact Pictures
7737,342,Davis-Films
7737,5755,Constantin Film Produktion
7737,58249,Resident Evil Productions
232672,2608,Happy Madison Productions
232672,4194,Karz Entertainment
232672,6194,Warner Bros.
232672,20788,Gulfstream Pictures
17379,4,Paramount Pictures
82525,4198,Ixtlan
82525,7295,Relativity Media
82525,11802,Onda Entertainment
9759,12,New Line Cinema
9486,33,Universal Pictures
9486,694,StudioCanal
9906,4171,Playtone
9906,6194,Warner Bros.
9906,84419,Legendary Entertainment
9906,89136,DNA Productions
841,10308,Dino De Laurentiis Company
4148,27,DreamWorks SKG
4148,258,Scott Rudin Productions
4148,288,BBC Films
4148,1522,Neal Street Productions
4148,1550,Evamere Entertainment
4148,11843,Goldcrest Pictures
2207,431,Donners' Company
2207,890,Cheyenne Enterprises
2207,1088,Alcon Entertainment
2207,4741,Nu Image Entertainment GmbH
2207,10254,Millennium Films
2207,10405,Emmett/Furla Films
2207,10885,Equity Pictures Medienfonds GmbH & Co. KG III
2207,10886,16 Block Productions
9381,694,StudioCanal
9381,1115,M6 Films
9381,5358,Canal+
9381,6301,CinéCinéma
9381,11259,Babylon
9381,11260,Babylon Films Limited
9381,11261,M6
9381,20240,MNP Entreprise
20856,306,Twentieth Century Fox Film Corporation
20856,508,Regency Enterprises
20856,1894,Josephson Entertainment
20856,3855,New Upstairs Productions
20856,3856,Upstairs Canada Productions
5955,1171,Epsilon Motion Pictures
5955,1403,Franchise Pictures
5955,10210,Morgan Creek Productions
5955,12263,Clyde Is Hungry Films
5955,12264,Pledge Productions
9899,34,Sony Pictures
9899,145,Gaumont Columbia Tristar Films
9826,4,Paramount Pictures
9826,79,Village Roadshow Pictures
9826,7965,The Ladd Company
10858,915,Hollywood Pictures
10858,1504,Cinergi Pictures Entertainment
11439,264,Studio Babelsberg
11439,265,Runteam Ltd.
11439,355,R.P. Productions
11439,15671,France 2 Cinéma
9457,915,Hollywood Pictures
9457,1504,Cinergi Pictures Entertainment
9457,45518,Calimari Productions
12412,2683,Rai Cinema
12412,4319,40 Acres & A Mule Filmworks
12412,9195,Touchstone Pictures
12412,20341,On My Own
13184,449,Virtual Studios
13184,704,Initial Entertainment Group
13184,831,Saturn Films
13184,1507,International Production Company
13184,2779,Blue Star Pictures
13184,2877,Living Films
13184,2878,Bangkok Dangerous
2185,9195,Touchstone Pictures
6639,12,New Line Cinema
6639,2053,Grosvenor Park Media Ltd.
38153,915,Hollywood Pictures
38153,1504,Cinergi Pictures Entertainment
58233,33,Universal Pictures
116977,4174,Threshold Entertainment
116977,6574,Lions Gate Family Entertainment
68734,3281,GK Films
68734,6194,Warner Bros.
68734,22695,Smokehouse Pictures
5503,6194,Warner Bros.
27573,5,Columbia Pictures
27573,333,Original Film
27573,7295,Relativity Media
27573,12199,Madhouse Entertainment
819,278,Propaganda Films
819,6194,Warner Bros.
819,11407,Baltimore Pictures
1369,559,TriStar Pictures
1369,14723,Carolco Pictures
10895,6,RKO Radio Pictures
10895,3166,Walt Disney Productions
10935,60,United Artists
10935,10932,The Criterion Collection
834,126,Lakeshore Entertainment
834,3287,Screen Gems
228066,306,Twentieth Century Fox Film Corporation
228066,1302,Davis Entertainment
228066,20478,Moving Picture Company (MPC)
228066,22213,TSG Entertainment
711,414,Fountainbridge Films
711,415,Laurence Mark Productions
711,441,Columbia Pictures Corporation
711,50830,Finding Forrester Productions
10027,104,Canal Plus
10027,972,Current Entertainment
10027,2748,Clubdeal
10027,3823,TF1 Films Production
10027,6896,EuropaCorp
10027,66739,Qian Yian International
10027,66740,Danny the Dog Prods Ltd.
11812,85,Konrad Pictures
37233,4,Paramount Pictures
37233,932,Mirage Enterprises
37233,1302,Davis Entertainment
37950,33,Universal Pictures
37950,2527,Marc Platt Productions
37950,7295,Relativity Media
27582,5490,CBS Films
27582,10254,Millennium Films
27582,12252,Chartoff-Winkler Productions
27582,22035,Scared Productions
27582,22443,Nu Image Entertainment GmbH
64688,5,Columbia Pictures
64688,333,Original Film
64688,5585,Stephen J. Cannell Productions
64688,7295,Relativity Media
64688,8411,Metro-Goldwyn-Mayer (MGM)
509,282,Bookshop Productions
509,283,Notting Hill Pictures
509,10163,Working Title Films
509,31080,Polygram Filmed Entertainment
7443,27,DreamWorks SKG
7443,297,Aardman Animations
7443,521,DreamWorks Animation
7443,7981,Pathé
5966,216,Jersey Films
5966,53626,Loofah Productions
11066,4,Paramount Pictures
136795,289,Ingenious Film Partners
136795,290,Ingenious Media
136795,306,Twentieth Century Fox Film Corporation
136795,7076,Chernin Entertainment
136795,10893,Big Screen Productions
136795,22213,TSG Entertainment
8095,306,Twentieth Century Fox Film Corporation
8095,11451,MCL Films S.A.
8095,11452,Walwa Films S.A.
11560,306,Twentieth Century Fox Film Corporation
11560,508,Regency Enterprises
11560,966,Monarch Pictures
11560,1171,Epsilon Motion Pictures
11560,10104,New Regency Pictures
11560,20719,Manifest Film Company
2637,126,Lakeshore Entertainment
709,7576,Eon Productions
49730,562,Appian Way
49730,6194,Warner Bros.
49730,7262,Random Films
2749,12,New Line Cinema
2749,376,Industry Entertainment
2749,11391,Tribeca Productions
2749,67171,New Redemption Pictures
9607,915,Hollywood Pictures
9607,1504,Cinergi Pictures Entertainment
9607,1755,Allied Filmmakers
9607,5888,Walt Disney
9607,12288,Nintendo
1830,831,Saturn Films
1830,1204,Ascendant Pictures
1830,1205,Endgame Entertainment
1830,1206,Entertainment Manufacturing Company
1830,1208,Rising Star
1830,21938,Copag V
79,724,Beijing New Picture Film Co. Ltd.
79,2269,China Film Co-Production Corporation
54054,126,Lakeshore Entertainment
54054,737,Sidney Kimmel Entertainment
228967,5,Columbia Pictures
228967,16615,Point Grey Pictures
46528,2965,Boram Entertainment Inc.
27936,83,France 2 Cinéma
27936,591,France 3 Cinéma
27936,7286,Epithète Films
27936,11244,France 3 (FR 3)
27936,11246,Région Ile-de-France
27936,11359,France 2 (FR2)
27936,11620,Orange Cinéma Séries
27936,12000,Tapioca Films
27936,12001,Warner Bros. Entertainment France
65,23,Imagine Entertainment
65,24,Mikona Productions GmbH & Co. KG
9476,441,Columbia Pictures Corporation
9476,1423,Escape Artists
9476,53007,Black and Blu Entertainment
9476,53008,Finestkind
745,158,Spyglass Entertainment
745,862,The Kennedy/Marshall Company
745,915,Hollywood Pictures
745,17032,Barry Mendel Productions
49527,491,Summit Entertainment
49527,5955,Di Bonaventura Picture
73937,290,Ingenious Media
73937,444,Dune Entertainment
73937,711,Fox 2000 Pictures
73937,812,Deuce Three Productions
73937,5219,Sunswept Entertainment
73937,12178,Red Hour Films
1885,441,Columbia Pictures Corporation
1885,2596,Jerry Weintraub Productions
1885,4267,Delphi Films
168672,5,Columbia Pictures
168672,507,Atlas Entertainment
168672,13184,Annapurna Pictures
18240,9195,Touchstone Pictures
18240,10227,Mandeville Films
18240,12536,Kurtzman/Orci
10398,4,Paramount Pictures
165,33,Universal Pictures
165,56,Amblin Entertainment
165,20448,U-Drive Productions
240832,33,Universal Pictures
240832,3823,TF1 Films Production
240832,5358,Canal+
240832,6896,EuropaCorp
240832,23616,Ciné+
216015,10146,Focus Features
216015,11801,Trigger Street Productions
216015,27551,Michael De Luca Productions
12279,7405,Dimension Films
1645,508,Regency Enterprises
1645,6194,Warner Bros.
11007,306,Twentieth Century Fox Film Corporation
11007,3929,Robert Simonds Productions
193756,33,Universal Pictures
193756,433,Weed Road Pictures
193756,6666,Herrick Entertainment
193756,8536,Leverage Management
193756,8537,Closest to the Hole Productions
193756,10405,Emmett/Furla Films
193756,11030,Envision Entertainment Corporation
193756,20153,Film 44
193756,21897,Foresight Unlimited
193756,22610,Hollywood Studios International
193756,22611,Spikings Entertainment
11287,441,Columbia Pictures Corporation
11287,1350,Parkway Productions
259693,12,New Line Cinema
259693,444,Dune Entertainment
259693,11565,The Safran Company
259693,31375,Evergreen Media Group
259693,47502,warner bross Turkey
259693,54392,Soho VFX
259693,76907,Atomic Monster
37799,5,Columbia Pictures
37799,258,Scott Rudin Productions
37799,7295,Relativity Media
10184,12,New Line Cinema
10184,19813,Flower Films (II)
10184,51190,Internationale Filmproduktion Blackswan
4257,7405,Dimension Films
4234,85,Konrad Pictures
4234,1600,Craven-Maddalena Films
4234,7405,Dimension Films
196,33,Universal Pictures
196,56,Amblin Entertainment
196,20448,U-Drive Productions
257091,4740,Gary Sanchez Productions
257091,6194,Warner Bros.
6114,70,American Zoetrope
6114,441,Columbia Pictures Corporation
6114,2019,Osiris Films
24803,5,Columbia Pictures
24803,258,Scott Rudin Productions
24803,11804,Easy There Tiger Productions
109410,6194,Warner Bros.
1213,4,Paramount Pictures
1213,14,Miramax Films
1213,679,Timnick Films
1213,932,Mirage Enterprises
100042,12,New Line Cinema
100042,33,Universal Pictures
100042,1156,Conundrum Entertainment
100042,19177,Red Granite Pictures
9036,2,Walt Disney Pictures
9036,158,Spyglass Entertainment
9036,829,Vertigo Entertainment
9036,7383,"Kennedy/Marshall Company, The"
9036,10227,Mandeville Films
9036,20669,Winking Productions
257211,735,Waverly Films
257211,6194,Warner Bros.
323675,33,Universal Pictures
323675,2780,Cube Vision
323675,49968,Will Packer Productions
323675,83397,Reel Chefs Catering
9361,10210,Morgan Creek Productions
1677,33,Universal Pictures
1677,2233,Bristol Bay Productions
1677,2234,Baldwin Entertainment Group
1677,8833,Anvil Films
187,7405,Dimension Films
187,10807,Troublemaker Studios
187,53009,Miramax
7461,5,Columbia Pictures
7461,333,Original Film
7461,4169,Kanzaman
7461,7295,Relativity Media
7461,31604,Art In Motion
16538,2364,The Montecito Picture Company
16538,2609,De Line Pictures
16538,3194,Bernard Gayle Productions
9889,306,Twentieth Century Fox Film Corporation
820,523,Camelot Productions
820,524,Canal Plus Group
820,525,Ixtlan Productions
820,6194,Warner Bros.
11565,306,Twentieth Century Fox Film Corporation
11565,508,Regency Enterprises
11565,1171,Epsilon Motion Pictures
11565,1838,Firm Films
11565,2646,Deep River Productions
11565,10104,New Regency Pictures
11565,47635,Ed Friendly Productions
11565,73956,Runteldat Entertainment
11565,79036,Big Lou House Productions
6073,27,DreamWorks SKG
6073,506,Newmarket Capital Group
6073,2253,Lawrence Bender Productions
6073,55852,Pistolero Productions LLC
16996,12,New Line Cinema
16996,2378,Offspring Entertainment
193610,306,Twentieth Century Fox Film Corporation
193610,75017,LBI Productions
19912,12,New Line Cinema
19912,48788,Practical Pictures
19912,48792,Parallel Zide
296098,27,DreamWorks SKG
296098,56,Amblin Entertainment
296098,264,Studio Babelsberg
296098,711,Fox 2000 Pictures
296098,2527,Marc Platt Productions
296098,6735,Participant Media
296098,7294,Reliance Entertainment
296098,22213,TSG Entertainment
8007,306,Twentieth Century Fox Film Corporation
8007,1302,Davis Entertainment
32823,33,Universal Pictures
32823,158,Spyglass Entertainment
32823,7295,Relativity Media
32823,10105,Apatow Productions
4380,14,Miramax Films
11551,33,Universal Pictures
11551,56,Amblin Entertainment
11551,7293,DreamWorks Pictures
10336,12,New Line Cinema
10336,3907,Pull Down Your Pants Pictures
10336,23364,Todd McFarlane Entertainment
11362,158,Spyglass Entertainment
11362,7692,World 2000 Entertainment
11362,7693,Count of Monte Cristo Ltd.
11362,9195,Touchstone Pictures
50348,126,Lakeshore Entertainment
50348,737,Sidney Kimmel Entertainment
50348,1632,Lionsgate
48138,264,Studio Babelsberg
48138,694,StudioCanal
48138,1786,Dark Castle Entertainment
48138,3823,TF1 Films Production
48138,5358,Canal+
48138,12408,Panda Productions Inc.
48138,12409,Horticus UK
1124,6194,Warner Bros.
1124,9195,Touchstone Pictures
1124,9996,Syncopy
227159,12,New Line Cinema
227159,6363,BenderSpink
227159,28732,RatPac Entertainment
68179,2213,Rainmaker Entertainment
68179,5024,Mainframe Entertainment
68179,7289,"Weinstein Company, The"
1579,152,Icon Productions
1579,4564,Icon Entertainment International
1579,9195,Touchstone Pictures
708,60,United Artists
708,7576,Eon Productions
34851,306,Twentieth Century Fox Film Corporation
34851,1302,Davis Entertainment
34851,6332,Dune Entertainment III
34851,10807,Troublemaker Studios
1586,441,Columbia Pictures Corporation
1586,1271,Pariah Entertainment Group
1586,23651,Grand Slam Productions
1586,54502,Mel's Cite du Cinema
2044,79,Village Roadshow Pictures
2044,829,Vertigo Entertainment
2044,1143,Sound for Film
2044,6194,Warner Bros.
9913,33,Universal Pictures
9913,69,MFPV Film
9913,215,Double Feature Films
9913,12269,ShadowCatcher Entertainment
9913,12270,Daniel Bobker Productions
9913,12271,Brick Dust Productions LLC
10761,5,Columbia Pictures
10761,333,Original Film
209451,6194,Warner Bros.
11975,4,Paramount Pictures
11975,14941,Constellation Entertainment
4970,441,Columbia Pictures Corporation
4970,1786,Dark Castle Entertainment
4970,6194,Warner Bros.
11831,27,DreamWorks SKG
440,306,Twentieth Century Fox Film Corporation
440,444,Dune Entertainment
440,1302,Davis Entertainment
440,19747,Brandywine Productions
11172,79,Village Roadshow Pictures
11172,97,Castle Rock Entertainment
11172,10222,Reserve Room
11172,19813,Flower Films (II)
39513,33,Universal Pictures
39513,443,Big Talk Productions
39513,7295,Relativity Media
39513,10163,Working Title Films
82687,4,Paramount Pictures
82687,6277,Skydance Productions
41446,7405,Dimension Films
8224,441,Columbia Pictures Corporation
8224,1685,Hofflund/Polone
8224,9269,Global Entertainment Productions GmbH & Company Medien KG
10537,23,Imagine Entertainment
10537,525,Ixtlan Productions
10537,14723,Carolco Pictures
10537,78806,Bill Graham Films
225886,1423,Escape Artists
225886,2531,Media Rights Capital
225886,7431,Sony Pictures Entertainment (SPE)
225886,34034,LStar Capital
10385,415,Laurence Mark Productions
10385,441,Columbia Pictures Corporation
10385,9269,Global Entertainment Productions GmbH & Company Medien KG
10385,67153,Nora Ephron Productions
55779,12,New Line Cinema
55779,48788,Practical Pictures
55779,48792,Parallel Zide
10647,788,Bel Air Entertainment
10647,6194,Warner Bros.
11431,711,Fox 2000 Pictures
11431,1508,Wildgaze Films
11431,6401,Alan Greenspan Productions
11431,6402,Mars Media Beteiligungs
11431,19813,Flower Films (II)
11431,73953,ELC Productions Ltd.
8850,33,Universal Pictures
64685,4,Paramount Pictures
64685,258,Scott Rudin Productions
64685,6194,Warner Bros.
38357,11461,Bad Robot
38357,11843,Goldcrest Pictures
10060,4,Paramount Pictures
10060,746,MTV Films
10060,54336,Cent Productions Inc.
11398,421,Amen Ra Films
11398,1403,Franchise Pictures
11398,6194,Warner Bros.
11398,10210,Morgan Creek Productions
1833,5,Columbia Pictures
1833,436,1492 Pictures
1833,497,Revolution Studios
8970,4,Paramount Pictures
8970,2232,Cherry Alley Productions
9306,12,New Line Cinema
11370,4077,Crystal Sky Worldwide
11370,10828,MDP Worldwide
11370,16850,ApolloMedia Distribution
11370,19944,"Carousel Picture Company, The"
11370,23770,Signature Entertainment
11370,46195,Luxembourg Film Fund
11370,53010,D'Artagnan Productions Limited
11370,53011,Q&Q Medien GmbH
1921,788,Bel Air Entertainment
1921,6194,Warner Bros.
1683,79,Village Roadshow Pictures
1683,1786,Dark Castle Entertainment
1683,6194,Warner Bros.
1683,15763,Eyetronics
1683,19965,Chime Films
203,120,Scorsese Productions
11858,1504,Cinergi Pictures Entertainment
11858,9195,Touchstone Pictures
62835,3823,TF1 Films Production
62835,5358,Canal+
62835,6301,CinéCinéma
62835,6877,Grive Productions
62835,6896,EuropaCorp
62835,11473,A.J.O.Z. Films
18937,6194,Warner Bros.
13536,174,Warner Bros. Pictures
13536,1171,Epsilon Motion Pictures
13536,1403,Franchise Pictures
13536,10958,Brad Grey Pictures
13536,76490,Sea Breeze Productions Inc.
10718,79,Village Roadshow Pictures
10718,333,Original Film
10718,6194,Warner Bros.
10802,60,United Artists
10802,183,Le Studio Canal+
10802,14723,Carolco Pictures
1887,70,American Zoetrope
1887,441,Columbia Pictures Corporation
1887,6542,Pricel
1887,12387,Tohokushinsha Film
1887,20637,Commission du Film France
1887,20638,Commission du Film Île-de-France
10461,1403,Franchise Pictures
10461,6194,Warner Bros.
10461,10210,Morgan Creek Productions
10461,22351,The Canton Company
80278,491,Summit Entertainment
80278,2674,Telecinco Cinema
80278,8111,Apaches Entertainment
80278,9335,Canal+ España
80278,9974,Instituto de la Cinematografía y de las Artes Audiovisuales (ICAA)
80278,18309,Institut Valenciã de Cinematografia (IVAC)
80278,21632,Mediaset España
80278,53490,La Trini
80278,53491,Generalitat Valenciana
12704,5,Columbia Pictures
10315,306,Twentieth Century Fox Film Corporation
10315,508,Regency Enterprises
10315,9350,Indian Paintbrush
10315,23449,American Empirical Pictures
16643,508,Regency Enterprises
16643,1171,Epsilon Motion Pictures
16643,1302,Davis Entertainment
16643,10104,New Regency Pictures
16643,77845,Monarchy Enterprises S.a.r.l.
16643,81134,Atchity Entertainment International (AEI)
2687,508,Regency Enterprises
2687,644,Alcor Films
2687,5358,Canal+
2687,6194,Warner Bros.
2687,67992,Cornelius Productions
194,591,France 3 Cinéma
194,592,Claudie Ossard Productions
194,4411,MMC Independent
194,5358,Canal+
194,12000,Tapioca Films
194,23446,Sofica Sofinergie 5
194,25020,Victoires Productions
194,27897,Filmstiftung Nordrhein-Westfalen
194,30994,Union Générale Cinématographique (UGC)
8849,4,Paramount Pictures
8849,57751,Patalex Productions
78698,33,Universal Pictures
78698,10039,Anonymous Content
78698,10163,Working Title Films
30943,441,Columbia Pictures Corporation
30943,1236,Mandalay Entertainment
9544,1070,Milagro Films
9544,1403,Franchise Pictures
9544,2193,DoRo Fiction Film
9544,2982,Signature Pictures
9544,16850,ApolloMedia Distribution
9544,19944,"Carousel Picture Company, The"
9544,46195,Luxembourg Film Fund
9544,48618,Filmyard Underwaterdeco
24418,33,Universal Pictures
7288,14,Miramax Films
7288,2214,Flower Films
10366,559,TriStar Pictures
10366,12968,Baumgarten-Prophet Entertainment
19898,248,Impact Pictures
19898,5755,Constantin Film Produktion
15074,4,Paramount Pictures
15074,16849,Extreme Productions
15074,16850,ApolloMedia Distribution
1272,284,DNA Films
1272,289,Ingenious Film Partners
1272,2452,UK Film Council
1272,20478,Moving Picture Company (MPC)
72358,4,Paramount Pictures
72358,27,DreamWorks SKG
72358,831,Saturn Films
72358,6024,Varsity Pictures
266396,694,StudioCanal
266396,1885,Silver Pictures
266396,3823,TF1 Films Production
266396,5358,Canal+
266396,9974,Instituto de la Cinematografía y de las Artes Audiovisuales (ICAA)
266396,11068,Nostromo Pictures
266396,20664,Anton Capital Entertainment (ACE)
266396,35559,Institut Català de les Empreses Culturals (ICEC)
266396,58772,Prone Gunman
266396,58773,Amazon Prime Instant Video
266396,58774,Prone Gunman A.I.E.
9978,2268,Isle of Man Film
9978,7289,"Weinstein Company, The"
9978,22514,Samuelson Productions
8271,4,Paramount Pictures
8271,27,DreamWorks SKG
8271,2363,Cold Spring Pictures
8271,4607,"Montecito Picture Company, The"
10428,60,United Artists
10428,87394,Suftley
110415,7036,CJ Entertainment
110415,7270,Opus Pictures
110415,11345,Stillking Films
110415,21122,SnowPiercer
110415,34725,Moho Film
9495,14,Miramax Films
9495,4028,Crowvision Inc.
9495,4029,Entertainment Media Investment Corporation
9495,4030,Jeff Most Productions
9495,6455,Edward R. Pressman Film
256040,57946,Arka Media Works
24420,12,New Line Cinema
24420,81,Plan B Entertainment
24420,8073,Nick Wechsler Productions
24420,23046,Internationale Scarena Filmproduktionsgesellschaft 2
62214,8601,Tim Burton Productions
16320,33,Universal Pictures
16320,17032,Barry Mendel Productions
8842,4,Paramount Pictures
8842,53673,Cort/Madden Productions
8842,53904,ATR Films
8842,53905,MMP Erste Filmproduktions
8842,53906,Moviemakers Productions (MMP)
9531,6194,Warner Bros.
9531,51861,Dovemead Films
9531,51903,Cantharus Productions
64807,975,Gerber Pictures
64807,6194,Warner Bros.
12289,656,Metropolitan Filmexport
12289,2812,Lion Rock Productions
12289,3491,Showbox
11529,9195,Touchstone Pictures
20943,126,Lakeshore Entertainment
20943,7295,Relativity Media
9488,7405,Dimension Films
193,4,Paramount Pictures
44865,308,The Weinstein Company
44865,539,Block 2 Pictures
44865,856,Wild Bunch
44865,13184,Annapurna Pictures
44865,26492,Jet Tone Films
44865,35050,Sil-Metropole Organisation Ltd.
55787,290,Ingenious Media
55787,444,Dune Entertainment
55787,711,Fox 2000 Pictures
55787,7717,Flashpoint Entertainment
55787,10893,Big Screen Productions
10400,33,Universal Pictures
10400,919,Beacon Communications
10400,10619,Azoff Entertainment
1957,8880,Winkler Films
256961,5,Columbia Pictures
256961,2608,Happy Madison Productions
256961,3045,Sony Pictures Releasing
256961,7431,Sony Pictures Entertainment (SPE)
256961,34034,LStar Capital
256961,46222,Hey Eddie
5852,1171,Epsilon Motion Pictures
5852,10210,Morgan Creek Productions
5852,22351,The Canton Company
5852,89132,AE Two Film Productions
5852,89133,Angel Eyes Productions
622,208,Bac Films
622,353,Kino Vision
622,354,Orly Films
622,355,R.P. Productions
622,357,Vía Digital
622,2188,Artisan Entertainment
622,3315,Origen Producciones Cinematograficas S.A.
622,3823,TF1 Films Production
622,5358,Canal+
622,9335,Canal+ España
11306,5,Columbia Pictures
11306,97,Castle Rock Entertainment
11306,10153,Simian Films
12508,788,Bel Air Entertainment
12508,6194,Warner Bros.
12508,12245,Robert Lawrence Productions
12508,89134,Metal Productions Inc.
12508,89135,Maysville Pictures
25793,4424,Smokewood Entertainment Group
10534,915,Hollywood Pictures
10534,1644,Largo Entertainment
10534,1645,Scott Free Productions
1091,33,Universal Pictures
1091,662,Turman-Foster Company
87421,1225,One Race Productions
87421,14718,Radar Pictures
87421,23634,Riddick Canada Productions
10871,4,Paramount Pictures
10871,1280,Pacific Western
10871,11661,Rysher Entertainment
13600,4171,Playtone
13600,10221,Walden Media
68722,178,Ghoulardi Film Company
68722,308,The Weinstein Company
68722,13184,Annapurna Pictures
14324,289,Ingenious Film Partners
14324,1216,Dino de Laurentiis Cinematografica
14324,10308,Dino De Laurentiis Company
14324,16923,Zephyr Films
14324,17234,Red Lion Sarl
14324,20395,Carthago Films S.a.r.l.
14325,1302,Davis Entertainment
14325,7295,Relativity Media
14325,59972,IDEA Filmproduktions
299687,5,Columbia Pictures
299687,3281,GK Films
299687,12139,Material Pictures
299687,34034,LStar Capital
312221,12,New Line Cinema
312221,6194,Warner Bros.
312221,8411,Metro-Goldwyn-Mayer (MGM)
312221,88686,Chartoff Winkler Productions
23168,923,Legendary Pictures
23168,3281,GK Films
23168,3528,Thunder Road Pictures
23168,6194,Warner Bros.
76494,1088,Alcon Entertainment
76494,1632,Lionsgate
76494,11317,Phoenix Pictures
76494,19577,What to Expect Productions
4944,2092,Mike Zoss Productions
4944,5870,Studio Canal
4944,7295,Relativity Media
4944,10146,Focus Features
4944,10163,Working Title Films
10488,10221,Walden Media
96721,163,Revolution Films
96721,10163,Working Title Films
96721,10246,Cross Creek Pictures
96721,11448,Exclusive Media Group
96721,31922,Double Negative
334,12,New Line Cinema
334,178,Ghoulardi Film Company
334,179,The Magnolia Project
23742,6194,Warner Bros.
259694,12,New Line Cinema
259694,2214,Flower Films
259694,6127,Metro-Goldwyn-Mayer Pictures
62837,1088,Alcon Entertainment
62837,10280,Arc Productions
8966,491,Summit Entertainment
8966,4000,Maverick Films
8966,5218,Imprint Entertainment
8966,11843,Goldcrest Pictures
8966,12292,Temple Hill Entertainment
8966,57750,Twilight Productions
8470,12,New Line Cinema
8470,17106,Burg/Koules Productions
8470,23019,Evolution Entertainment
11001,5,Columbia Pictures
138832,12,New Line Cinema
138832,6363,BenderSpink
138832,7364,Heyday Films
138832,16791,Newman/Tooley Films
138832,17929,Vincent Newman Entertainment
138832,31073,Slap Happy Productions (II)
16911,3451,Art Pictures Studio
16911,5630,Non-Stop Productions
16911,22691,Telekanal STS
16911,46831,Premiere Stealth Rights
2163,4,Paramount Pictures
2163,10308,Dino De Laurentiis Company
2163,10355,Spelling Films
36670,427,PSO International
36670,67984,TaliaFilm II Productions
36670,67985,Woodcote
23048,60,United Artists
23048,8411,Metro-Goldwyn-Mayer (MGM)
23048,12886,New Crime Productions
227735,1088,Alcon Entertainment
227735,5420,Color Force
227735,12626,Boxing Cat Films
227735,68621,St. Petersburg Clearwater Film Commission
2155,7405,Dimension Films
2155,12552,Marty Katz Productions
8409,12,New Line Cinema
8409,16791,Newman/Tooley Films
8409,21975,Joseph Nittolo Entertainment
8409,37103,"""DIA"" Productions GmbH & Co. KG"
222936,258,Scott Rudin Productions
222936,485,Vinyl Films
48171,12,New Line Cinema
48171,1836,Contrafilm
48171,2735,Mid Atlantic Films
48171,17336,Hungarian National Film Office
48171,20419,Lazio Film Commission
48171,21211,Rome Film Commission
48171,21212,Italian Tax Credit
782,5,Columbia Pictures
782,216,Jersey Films
75531,33,Universal Pictures
75531,762,Mutual Film Company
75531,882,Toho Company
75531,3324,British Broadcasting Corporation (BBC)
75531,4650,Marubeni
75531,7237,Tele München Fernseh Produktionsgesellschaft (TMG)
75531,10513,Lobell/Bergman Productions
11802,2659,Starz Media
11802,2885,Starz Animation
11802,3539,Odyssey Entertainment
11802,81138,Studiopolis
11802,81139,Vanguard Animation
18785,923,Legendary Pictures
18785,3527,Green Hat Films
18785,6194,Warner Bros.
18785,12235,IFP Westcoast Erste
365222,4054,Mandarin Films Distribution Co.
817,12,New Line Cinema
817,595,Eric's Boy
268,1382,PolyGram Filmed Entertainment
268,4357,The Guber-Peters Company
268,6194,Warner Bros.
943,1885,Silver Pictures
943,6194,Warner Bros.
22881,1088,Alcon Entertainment
22881,12193,Left Tackle Pictures
22881,12194,Zucker/Netter Productions
10054,7405,Dimension Films
10054,10807,Troublemaker Studios
10054,53009,Miramax
51540,12,New Line Cinema
51540,12007,Rat Entertainment
44264,4,Paramount Pictures
44264,258,Scott Rudin Productions
44264,2092,Mike Zoss Productions
44264,6277,Skydance Productions
350,306,Twentieth Century Fox Film Corporation
350,444,Dune Entertainment
350,445,Major Studio Partners
350,682,Peninsula Films
350,711,Fox 2000 Pictures
152,4,Paramount Pictures
109431,4403,Stuber Productions
109431,37361,Aggregate Films
109431,37362,DumbDumb
1598,33,Universal Pictures
1598,56,Amblin Entertainment
1598,691,Cappa Productions
1598,11391,Tribeca Productions
8065,5,Columbia Pictures
8065,7295,Relativity Media
271718,33,Universal Pictures
271718,3341,Fuji Television Network
271718,6452,Dentsu
271718,10105,Apatow Productions
11638,5,Columbia Pictures
11638,508,Regency Enterprises
11638,787,3 Arts Entertainment
11638,10239,Tall Trees Productions
409,14,Miramax Films
409,12204,Tiger Moth Productions
2118,508,Regency Enterprises
2118,2428,Wolper Organization
2118,6194,Warner Bros.
11459,2,Walt Disney Pictures
11459,3538,Gunn Films
11459,56980,Max Stronghold Productions Inc.
9348,8411,Metro-Goldwyn-Mayer (MGM)
377,12,New Line Cinema
377,1531,Smart Egg Pictures
8843,12,New Line Cinema
8843,1565,Avery Pix
8843,11152,Radical Media
8843,26083,Katira Productions GmbH & Co. KG
8843,26084,Caro-McLeod
39486,2,Walt Disney Pictures
39486,22880,Fast Track Productions
39486,22881,Mayhem Pictures
1273,308,The Weinstein Company
1273,3463,Imagi Animation Studios
1273,6194,Warner Bros.
1273,30900,Mirage Studios
1273,70995,Imagi Production
13920,497,Revolution Studios
13920,2184,Tollin/Robbins Productions
50544,97,Castle Rock Entertainment
50544,3287,Screen Gems
50544,7291,Olive Bridge Entertainment
325133,33,Universal Pictures
325133,10338,Perfect World Pictures
325133,16615,Point Grey Pictures
325133,17393,Good Universe
140823,2,Walt Disney Pictures
140823,288,BBC Films
140823,2054,Ruby Films
140823,6747,Essential Media & Entertainment
140823,21079,Hopscotch Features
1883,182,JVC Entertainment
1883,4319,40 Acres & A Mule Filmworks
1883,6194,Warner Bros.
89492,10105,Apatow Productions
22949,2,Walt Disney Pictures
22949,870,Tapestry Films
12437,126,Lakeshore Entertainment
12437,3287,Screen Gems
12437,7738,Sketch Films
12437,7739,UW3 Film Productions
2959,79,Village Roadshow Pictures
2959,3929,Robert Simonds Productions
2959,6194,Warner Bros.
2959,11317,Phoenix Pictures
2959,49326,Underground
2959,49327,Proposal Productions
11648,598,Team Todd
11648,6194,Warner Bros.
11648,46108,Ubu Productions
9366,559,TriStar Pictures
9366,2604,Mark Johnson Productions
9366,11317,Phoenix Pictures
9366,11407,Baltimore Pictures
1576,248,Impact Pictures
1576,342,Davis-Films
1576,939,New Legacy
1576,5755,Constantin Film Produktion
609,396,SLM Production Group
609,8411,Metro-Goldwyn-Mayer (MGM)
13051,444,Dune Entertainment
13051,1838,Firm Films
13051,2179,Collision Entertainment
13051,2724,Abandon Entertainment
13051,2725,Foxtor Productions
13051,11995,Depth Entertainment
49530,508,Regency Enterprises
49530,655,Strike Entertainment
49530,10104,New Regency Pictures
34806,1423,Escape Artists
34806,5490,CBS Films
49022,1088,Alcon Entertainment
49022,38010,Wild Ocean Films
49022,38011,2S Films
23479,4,Paramount Pictures
11667,33,Universal Pictures
11667,7220,Capcom
423,208,Bac Films
423,250,Canal+Polska
423,260,Heritage Films
423,264,Studio Babelsberg
423,266,Agencja Produkcji Filmowej
423,267,Beverly Detroit
423,268,FilmFernsehFonds Bayern
423,269,Filmboard Berlin-Brandenburg (FBB)
423,271,Mainstream S.A.
423,355,R.P. Productions
423,694,StudioCanal
423,4247,Filmförderungsanstalt (FFA)
423,5358,Canal+
423,10201,Interscope Communications
423,19150,Telewizja Polska (TVP)
423,31087,Runteam
10066,79,Village Roadshow Pictures
10066,1786,Dark Castle Entertainment
10066,6194,Warner Bros.
2288,5,Columbia Pictures
88794,23,Imagine Entertainment
88794,171,Malpaso Productions
88794,11845,Wintergreen Productions
13515,508,Regency Enterprises
13515,1370,Castel Film Romania
13515,3273,ASAF
13515,10104,New Regency Pictures
13515,15361,Luna Pictures
11979,79,Village Roadshow Pictures
11979,172,NPV Entertainment
11979,6194,Warner Bros.
11979,67988,WV Films LLC
11979,67989,Material
169,306,Twentieth Century Fox Film Corporation
169,840,Lawrence Gordon Productions
169,1302,Davis Entertainment
169,1885,Silver Pictures
8090,126,Lakeshore Entertainment
8090,2397,Cohen/Pearl Productions
8090,3287,Screen Gems
11622,12,New Line Cinema
11622,2980,Forge
11622,17887,Midnight Sun Pictures
3604,10308,Dino De Laurentiis Company
3604,23126,Starling Films
9541,14,Miramax Films
9541,267,Beverly Detroit
9541,16934,View Askew Productions
9541,23022,Close Call Films
94348,491,Summit Entertainment
8197,6194,Warner Bros.
8197,15298,Malpaso Company
336004,10405,Emmett/Furla Films
336004,67776,Silver Plane Films
336004,67777,Mass Hysteria Entertainment
336004,67778,Tri Vision Pictures
35019,33,Universal Pictures
35019,1973,Three Strange Angels
35019,5870,Studio Canal
35019,7295,Relativity Media
35019,10163,Working Title Films
8836,306,Twentieth Century Fox Film Corporation
8836,545,Ten Thirteen Productions
8836,6332,Dune Entertainment III
8836,52145,Crying Box Productions
14442,7692,World 2000 Entertainment
14442,85437,Enchanted Productions
321741,5,Columbia Pictures
321741,79,Village Roadshow Pictures
321741,1645,Scott Free Productions
321741,34034,LStar Capital
321741,71170,The Cantillon Company
321741,71171,The Shuman Company
59965,35,Lions Gate Films
59965,829,Vertigo Entertainment
59965,3672,Gotham Group
59965,24557,Tailor Made
59965,24558,Mango Farms
59965,24561,Quick Six Entertainment
14175,614,Vanguard Films
14175,8992,Scanbox
11918,7405,Dimension Films
98357,508,Regency Enterprises
98357,7415,Inferno International
98357,8532,1984 Private Defense Contractors
98357,8537,Closest to the Hole Productions
98357,10104,New Regency Pictures
98357,10405,Emmett/Furla Films
98357,11030,Envision Entertainment Corporation
98357,22146,Black Bear Pictures
98357,25790,Leverage Communications
10012,1600,Craven-Maddalena Films
10012,2180,Outerbanks Entertainment
10012,7405,Dimension Films
10012,20376,Kalis Productions GmbH & Co. Zweite KG
49526,1271,Pariah Entertainment Group
268920,12,New Line Cinema
268920,6194,Warner Bros.
268920,8411,Metro-Goldwyn-Mayer (MGM)
268920,15829,Pacific Standard
9093,4,Paramount Pictures
9093,14,Miramax Films
9093,12552,Marty Katz Productions
9093,14160,Jaffilms Inc.
9093,19477,Dune Films
9093,36612,Belhaven Limited
119283,2902,SND
11823,33,Universal Pictures
35169,491,Summit Entertainment
35169,3929,Robert Simonds Productions
35169,6735,Participant Media
35169,6736,Imagenation Abu Dhabi FZ
35169,34447,Furry Vengeance Productions
849,441,Columbia Pictures Corporation
849,553,Barclays Mercantile Industrial Finance
4515,44,Cruise/Wagner Productions
4515,60,United Artists
4515,316,Wildwood Enterprises
4515,1683,Andell Entertainment
4515,8411,Metro-Goldwyn-Mayer (MGM)
4515,21911,Brat Na Pont Productions
6575,441,Columbia Pictures Corporation
6575,10105,Apatow Productions
13496,10210,Morgan Creek Productions
18320,3281,GK Films
22787,694,StudioCanal
22787,1786,Dark Castle Entertainment
22787,4253,Don Carmody Productions
22787,6194,Warner Bros.
22787,8582,Canadian Film or Video Production Tax Credit (CPTC)
22787,11576,Ontario Media Development Corporation (OMDC)
22787,11715,Manitoba Film and Video Production Tax Credit
22787,20572,McMurdo (Canada) Productions
8967,43,Fox Searchlight Pictures
8967,81,Plan B Entertainment
8967,1246,River Road Entertainment
144336,10427,Open Road Films
144336,11029,QED International
144336,16311,Albert S. Ruddy Productions
144336,16312,Crave Films
144336,16314,Roth Films
9616,306,Twentieth Century Fox Film Corporation
9616,8874,N1 European Film Produktions GmbH & Co. KG
9616,14652,Baumgarten Merims Productions
13056,1632,Lionsgate
13056,8848,MHF Zweite Academy Film
13056,11106,Marvel Knights
13056,11533,Valhalla Motion Pictures
13056,33808,SGF Entertainment
13056,83338,Muse Entertainment
14113,5,Columbia Pictures
14113,497,Revolution Studios
285783,559,TriStar Pictures
285783,5752,Sony Pictures Entertainment
285783,11395,ImageMovers
9726,711,Fox 2000 Pictures
9726,1645,Scott Free Productions
20763,5,Columbia Pictures
20763,5738,Stonebridge Entertainment
20763,5739,Donner/Shuler-Donner Productions
9280,1171,Epsilon Motion Pictures
9280,6370,Quinta Communications
11876,83,France 2 Cinéma
11876,582,Hachette Première
11876,5358,Canal+
22267,33,Universal Pictures
22267,10565,Good Machine
1969,828,Ultra Films
1969,3823,TF1 Films Production
1969,5358,Canal+
1969,6586,TPS Star
1969,6896,EuropaCorp
1969,11473,A.J.O.Z. Films
198663,290,Ingenious Media
198663,306,Twentieth Century Fox Film Corporation
198663,3672,Gotham Group
198663,8569,Dayday Films
198663,12292,Temple Hill Entertainment
198663,22213,TSG Entertainment
239573,264,Studio Babelsberg
239573,508,Regency Enterprises
239573,1423,Escape Artists
239573,10104,New Regency Pictures
10436,5,Columbia Pictures
1381,508,Regency Enterprises
1381,6194,Warner Bros.
1381,6438,Muse Entertainment Enterprises
1381,7503,Protozoa Pictures
1381,10104,New Regency Pictures
2162,6194,Warner Bros.
2162,10210,Morgan Creek Productions
127493,831,Saturn Films
127493,925,Nu Image Films
127493,10254,Millennium Films
12429,10342,Studio Ghibli
12429,11726,The Yomiuri Shimbun
12429,11846,Hakuhodo DY Media Partners
12429,11847,Mitsubishi
12429,11849,Lawson
12429,20193,Walt Disney Company
12429,34557,Taikei Office
12429,34558,Asahi Soft Drinks Company
228205,711,Fox 2000 Pictures
228205,12292,Temple Hill Entertainment
2900,12,New Line Cinema
2900,1757,Mad Chance
192136,1066,Distant Horizons
192136,4792,Film Afrika Worldwide
192136,5031,Videovision Entertainment
192136,7396,Pathe
192136,8088,Origin Pictures
18254,553,Barclays Mercantile Industrial Finance
18254,44485,JRS Productions
881,903,David Brown Productions
10877,79,Village Roadshow Pictures
10877,172,NPV Entertainment
10877,6194,Warner Bros.
9600,306,Twentieth Century Fox Film Corporation
9600,508,Regency Enterprises
71469,491,Summit Entertainment
71469,508,Regency Enterprises
71469,1038,Bazelevs Production
71469,3638,The Jacobson Company
71469,10104,New Regency Pictures
85446,491,Summit Entertainment
326,12,New Line Cinema
7220,35,Lions Gate Films
7220,827,VIP 3 Medienfonds
7220,11533,Valhalla Motion Pictures
7220,19551,Marvel Enterprises
7220,36326,VIP 2 Medienfonds
9763,9195,Touchstone Pictures
9763,17491,Milkshake Films
9763,17492,Hargitay & Hargitay Pictures in Motion
72387,2253,Lawrence Bender Productions
72387,7437,IM Global
72387,7625,Automatik Entertainment
72387,11801,Trigger Street Productions
72387,23008,87Eleven
1892,1,Lucasfilm
1892,306,Twentieth Century Fox Film Corporation
13460,134,Rogue Pictures
13460,1224,Intrepid Pictures
13460,7419,Scion Films
13460,9137,Moonlighting Films
13460,19855,Internationale Filmproduktion Blackbird Dritte
13460,20241,Crystal Sky Pictures
8055,264,Studio Babelsberg
8055,270,Filmförderanstalt (FFA)
8055,308,The Weinstein Company
8055,315,Filmstiftung Nordrhein-Westfalen
8055,932,Mirage Enterprises
8055,4247,Filmförderungsanstalt (FFA)
8055,7307,Medienboard Berlin-Brandenburg
8055,11238,Deutsche Filmförderfonds (DFFF)
8055,12346,Mitteldeutsche Medienförderung (MDM)
50647,7295,Relativity Media
50647,10105,Apatow Productions
50647,41962,A Hot Dog
10719,12,New Line Cinema
10719,1607,Gold/Miller Productions
10719,2645,Guy Walks into a Bar Productions
9294,9195,Touchstone Pictures
9353,4,Paramount Pictures
9353,2348,Nickelodeon Movies
9353,2777,Black & White Productions
55721,33,Universal Pictures
55721,7295,Relativity Media
55721,10105,Apatow Productions
109414,5,Columbia Pictures
109414,771,Mandate Pictures
109414,7431,Sony Pictures Entertainment (SPE)
109414,16615,Point Grey Pictures
10307,2347,FGM Entertainment
10307,8411,Metro-Goldwyn-Mayer (MGM)
11978,711,Fox 2000 Pictures
22907,1309,Rainforest Films
87567,1020,Millenium Films
87567,17049,Two Ton Films
38322,306,Twentieth Century Fox Film Corporation
38322,508,Regency Enterprises
38322,10104,New Regency Pictures
38322,21237,The Collective Studios
38322,73956,Runteldat Entertainment
38322,81136,Friendly Films (II)
38322,81137,Friendly Films Productions
45612,1557,The Mark Gordon Company
45612,7460,Vendome Pictures
7305,4,Paramount Pictures
7305,9195,Touchstone Pictures
3594,12,New Line Cinema
3594,1836,Contrafilm
3594,1838,Firm Films
157841,7286,Epithète Films
157841,10246,Cross Creek Pictures
157841,12000,Tapioca Films
11519,5,Columbia Pictures
11519,33,Universal Pictures
11519,6128,A-Team
59,12,New Line Cinema
59,429,DC Comics
59,6363,BenderSpink
9335,104,Canal Plus
9335,306,Twentieth Century Fox Film Corporation
9335,972,Current Entertainment
9335,1993,TF 1 Film Productions
9335,6586,TPS Star
9335,6896,EuropaCorp
9335,76043,Revolution Sun Studios
12106,559,TriStar Pictures
11141,12,New Line Cinema
11141,597,Irish Dreamtime
11141,2646,Deep River Productions
11141,7380,Initial Entertainment Group (IEG)
31867,33,Universal Pictures
31867,4403,Stuber Productions
31867,6452,Dentsu
31867,7295,Relativity Media
10253,6366,Younggu-Art Movies
10253,11420,Showbox Entertainment
124459,12,New Line Cinema
124459,11175,Benderspink
124459,11176,Carousel Productions
24662,174,Warner Bros. Pictures
24662,11050,David Kirschner Productions
24662,90511,Turner Feature Animation
182,6194,Warner Bros.
182,14315,Section Eight Productions
182,70319,Sunset Gower Studios
28,60,United Artists
28,26663,Zoetrope Studios
38073,12,New Line Cinema
38073,2378,Offspring Entertainment
302156,1632,Lionsgate
302156,6363,BenderSpink
302156,10254,Millennium Films
302156,40822,Fipex Holding
302156,48738,Campbell Grobman Films
302156,91929,Criminal Productions
606,33,Universal Pictures
606,205,Mirage Entertainment
87502,4,Paramount Pictures
87502,11084,Parkes/MacDonald Productions
87502,11395,ImageMovers
698,60,United Artists
698,7576,Eon Productions
120467,43,Fox Searchlight Pictures
120467,258,Scott Rudin Productions
120467,264,Studio Babelsberg
120467,9350,Indian Paintbrush
120467,22213,TSG Entertainment
120467,23449,American Empirical Pictures
11313,97,Castle Rock Entertainment
6488,56,Amblin Entertainment
6488,915,Hollywood Pictures
6488,2104,Tangled Web Productions
10559,12,New Line Cinema
296099,12,New Line Cinema
296099,6363,BenderSpink
296099,53060,David Dobkin Productions
8012,216,Jersey Films
8012,8411,Metro-Goldwyn-Mayer (MGM)
1574,14,Miramax Films
1574,734,Producers Circle
1574,8797,Storyline Entertainment
9032,5,Columbia Pictures
2770,33,Universal Pictures
2770,2200,Liveplanet
2770,3169,Zide-Perry Productions
862,3,Pixar Animation Studios
1637,306,Twentieth Century Fox Film Corporation
72570,158,Spyglass Entertainment
72570,3287,Screen Gems
27569,215,Double Feature Films
27569,5490,CBS Films
10637,2,Walt Disney Pictures
10637,130,Jerry Bruckheimer Films
10637,72823,Technical Black
10637,72824,Run It Up Productions Inc.
1669,4,Paramount Pictures
1669,1693,Nina Saxon Film Design
1669,2767,Mace Neufeld Productions
132363,326,Laura Ziskin Productions
132363,695,Lee Daniels Entertainment
132363,18919,Follow Through Productions
132363,18920,Salamander Pictures
132363,18921,Pam Williams Productions
132363,18922,Windy Hill Pictures
9472,306,Twentieth Century Fox Film Corporation
9472,12178,Red Hour Films
9472,19354,Mediastream Vierte Film GmbH & Co. Vermarktungs KG
2907,4,Paramount Pictures
2907,41,Orion Pictures
2907,258,Scott Rudin Productions
9273,5682,O Entertainment
9273,10210,Morgan Creek Productions
9880,2,Walt Disney Pictures
9880,26423,BrownHouse Productions
9880,65559,Bottom of the Ninth Productions
2925,258,Scott Rudin Productions
807,12,New Line Cinema
807,4286,Juno Pix
807,65394,Cecchi Gori Pictures
17654,11,WingNut Films
17654,559,TriStar Pictures
17654,2300,Key Creatives
17654,8504,Block / Hanson
17654,8582,Canadian Film or Video Production Tax Credit (CPTC)
17654,10884,The Department of Trade and Industry of South Africa
17654,11029,QED International
17654,12200,Province of British Columbia Production Services Tax Credit
17654,20667,District 9
17654,20668,New Zealand Post Digital and Visual Effects Grant
11836,4,Paramount Pictures
11836,2348,Nickelodeon Movies
11836,8921,United Plankton Pictures
11836,24955,Paramount Animation
322,79,Village Roadshow Pictures
322,171,Malpaso Productions
322,172,NPV Entertainment
322,6194,Warner Bros.
70,126,Lakeshore Entertainment
70,171,Malpaso Productions
70,1171,Epsilon Motion Pictures
70,6194,Warner Bros.
70,16311,Albert S. Ruddy Productions
9535,705,Spring Creek Productions
9535,6194,Warner Bros.
9535,11391,Tribeca Productions
9535,11407,Baltimore Pictures
11036,12,New Line Cinema
6557,158,Spyglass Entertainment
6557,711,Fox 2000 Pictures
6557,6332,Dune Entertainment III
18126,2,Walt Disney Pictures
18126,3812,It's a Laugh Productions
18126,20356,Millar Gough Ink
16340,4,Paramount Pictures
16340,2348,Nickelodeon Movies
16340,24955,Paramount Animation
10333,5,Columbia Pictures
4476,348,Bedford Falls Productions
4476,559,TriStar Pictures
4476,1656,Pangaea
22947,4,Paramount Pictures
22947,2201,Rickshaw Productions
22947,2363,Cold Spring Pictures
22947,4607,"Montecito Picture Company, The"
22947,10261,DW Studios
22947,32157,Right of Way Films
2755,12,New Line Cinema
2755,1565,Avery Pix
82654,491,Summit Entertainment
59967,1205,Endgame Entertainment
59967,7263,FilmDistrict
59967,10289,DMG Entertainment
59967,11092,Ram Bergman Productions
9598,33,Universal Pictures
9598,2537,Kennedy Miller Productions
82696,5,Columbia Pictures
82696,771,Mandate Pictures
82696,1423,Escape Artists
82696,4220,Management 360
82696,8411,Metro-Goldwyn-Mayer (MGM)
9870,33,Universal Pictures
9870,10105,Apatow Productions
8292,4,Paramount Pictures
8292,435,Di Bonaventura Pictures
8780,7295,Relativity Media
8780,58553,Michaels-Goldwyn
10521,444,Dune Entertainment
10521,508,Regency Enterprises
10521,711,Fox 2000 Pictures
10521,6332,Dune Entertainment III
10521,10104,New Regency Pictures
10521,26670,Sunrise Entertainment (II)
10521,26671,Biride Productions
10762,4,Paramount Pictures
10762,2609,De Line Pictures
10096,5,Columbia Pictures
10096,497,Revolution Studios
10096,19636,Thirteen Productions
59436,1824,Gravier Productions
59436,8530,Televisió de Catalunya (TV3)
59436,8531,Versátil Cinema
59436,12010,Mediapro
59436,24785,Pontchartrain Productions
4133,12,New Line Cinema
10207,788,Bel Air Entertainment
10207,813,DiNovi Pictures
10207,18093,Tiger Productions
172,4,Paramount Pictures
36593,4,Paramount Pictures
707,7576,Eon Productions
533,297,Aardman Animations
533,521,DreamWorks Animation
6023,412,Wendy Finerman Productions
6023,1088,Alcon Entertainment
6023,17449,Grosvenor Park Productions
6439,1088,Alcon Entertainment
4347,33,Universal Pictures
4347,5870,Studio Canal
4347,7295,Relativity Media
4347,10163,Working Title Films
4105,4,Paramount Pictures
4105,1561,Pegasus Film Partners
4105,14361,Jaffe-Lansing
76489,8890,Wessler Entertainment
3933,1514,Tim Burton Animation Company
3933,1515,Will Vinton Studios
3933,6194,Warner Bros.
3933,8601,Tim Burton Productions
3933,11537,Laika Entertainment
3933,57751,Patalex Productions
273481,1632,Lionsgate
273481,3528,Thunder Road Pictures
273481,33681,Black Label Media
307081,1423,Escape Artists
307081,28438,Riche-Ludwig Productions
16871,33,Universal Pictures
16871,768,Ghost House Pictures
16871,771,Mandate Pictures
16871,11250,Buckaroo Entertainment
16871,11630,Curse Productions
293863,126,Lakeshore Entertainment
293863,737,Sidney Kimmel Entertainment
293863,22107,Sierra/Affinity
41233,491,Summit Entertainment
41233,9195,Touchstone Pictures
9266,23,Imagine Entertainment
9266,24,Mikona Productions GmbH & Co. KG
9266,33,Universal Pictures
9266,65082,Shutt/Jones Productions
1262,771,Mandate Pictures
1262,1973,Three Strange Angels
4513,5,Columbia Pictures
4513,552,Dark Horse Entertainment
4513,768,Ghost House Pictures
4513,24339,HorrorFlix
22970,1632,Lionsgate
22970,10567,Mutant Enemy Productions
7278,508,Regency Enterprises
7278,10104,New Regency Pictures
9013,33,Universal Pictures
9013,136,City Light Films
865,964,Keith Barish Productions
865,965,TAFT Entertainment Pictures
865,6068,HBO
865,23005,Braveworld Productions
10776,2956,The Geffen Company
50456,10146,Focus Features
50456,14684,Neunte Babelsberg Film
50456,21439,Holleran Company
50456,23919,Sechzehnte Babelsberg Film
9823,12,New Line Cinema
9823,4174,Threshold Entertainment
59861,33,Universal Pictures
59861,4170,Playtone Productions
59861,7460,Vendome Pictures
133805,3287,Screen Gems
133805,8411,Metro-Goldwyn-Mayer (MGM)
133805,11581,Misher Films
12763,12,New Line Cinema
12763,54512,Tiara Blu Films
9766,5,Columbia Pictures
12244,1268,Focus Films
12244,2885,Starz Animation
12244,7295,Relativity Media
12244,8601,Tim Burton Productions
12244,10280,Arc Productions
109421,435,Di Bonaventura Pictures
109421,1205,Endgame Entertainment
109421,6292,Universal
109421,10427,Open Road Films
51162,2,Walt Disney Pictures
51162,6125,Walt Disney Animation Studios
10152,12,New Line Cinema
9452,306,Twentieth Century Fox Film Corporation
9271,4,Paramount Pictures
48340,33,Universal Pictures
48340,5703,Wayfare Entertainment
48340,6490,Sanctum Australia
48340,7295,Relativity Media
48340,19960,Great Wight Productions/ Osford Films
48340,19961,Start Motion Pictures
14846,497,Revolution Studios
14846,2779,Blue Star Pictures
72207,33,Universal Pictures
72207,6452,Dentsu
72207,7295,Relativity Media
72207,10105,Apatow Productions
72207,23876,Stoller Global Solutions
16232,9195,Touchstone Pictures
43539,1632,Lionsgate
43539,2927,Fidélité Films
43539,6320,Hwy61
9920,3287,Screen Gems
9920,8003,Ultravi Productions
8978,134,Rogue Pictures
8978,729,Why Not Productions
8978,20449,Liaison Films
8978,20450,Biscayne Pictures
11702,441,Columbia Pictures Corporation
18550,8411,Metro-Goldwyn-Mayer (MGM)
43347,348,Bedford Falls Productions
43347,444,Dune Entertainment
43347,508,Regency Enterprises
43347,711,Fox 2000 Pictures
43347,4403,Stuber Productions
43347,10104,New Regency Pictures
3489,559,TriStar Pictures
3489,713,Nu Image Entertainment
3489,1063,Brightlight Pictures
9701,6194,Warner Bros.
9701,6735,Participant Media
9701,8073,Nick Wechsler Productions
2122,890,Cheyenne Enterprises
2122,1403,Franchise Pictures
2122,8848,MHF Zweite Academy Film
2122,23787,Eclipse Catering
2122,51771,Nine Yards Two Productions
2122,51772,Nine Yards Productions
10658,1,Lucasfilm
10658,33,Universal Pictures
13150,12,New Line Cinema
13150,1001,Solaris Film
13150,1565,Avery Pix
13150,12066,O'Connor Brothers
13150,12067,Kumar Mobiliengesellschaft mbH & Co. Projekt Nr. 1 KG
9042,126,Lakeshore Entertainment
9042,995,Cinerenta Medienbeteiligungs KG
9042,3287,Screen Gems
9042,26032,Cineblue Internationale Filmproduktionsgesellschaft
9042,26033,City Productions
17813,1171,Epsilon Motion Pictures
17813,1403,Franchise Pictures
17813,1423,Escape Artists
17813,86256,Reiner / Greisman Productions
11208,126,Lakeshore Entertainment
11208,8411,Metro-Goldwyn-Mayer (MGM)
11208,54502,Mel's Cite du Cinema
58151,9195,Touchstone Pictures
11400,12,New Line Cinema
11400,22110,First Foot Films
11400,22253,Sunflower Productions
11400,22254,Sarah Green Film
11400,22255,The Virginia Company LLC
11058,35,Lions Gate Films
11058,846,2929 Productions
11058,18620,Artists Production Group (APG)
11058,57347,Blue Productions
14844,1088,Alcon Entertainment
14844,2979,ETIC Films
14844,8291,C.R.G. International
14844,22153,Trademark Films
14844,67252,Micro Fusion 2003-2
57089,7582,HW Two
1947,14,Miramax Films
1947,497,Revolution Studios
1947,810,Persistent Entertainment
1947,7380,Initial Entertainment Group (IEG)
1947,7965,The Ladd Company
1947,20376,Kalis Productions GmbH & Co. Zweite KG
1947,20377,Unfinished Films
8054,212,Infinity Features Entertainment
8054,342,Davis-Films
8054,806,Téléfilm Canada
8054,808,The Movie Network
8054,8582,Canadian Film or Video Production Tax Credit (CPTC)
8054,10316,British Columbia Film
8054,11567,Province of British Columbia Film Incentive BC
8054,11575,Movie Central
8054,17449,Grosvenor Park Productions
8054,23116,Poo Poo Pictures
8054,55990,Parnassus Productions
8054,55991,U.K. Tax Credit
46829,805,Serendipity Point Films
146238,215,Double Feature Films
146238,508,Regency Enterprises
146238,562,Appian Way
146238,7420,Stone Village Pictures
146238,10104,New Regency Pictures
9989,376,Industry Entertainment
9989,1171,Epsilon Motion Pictures
9989,1172,Hyde Park Films
9989,8411,Metro-Goldwyn-Mayer (MGM)
9665,559,TriStar Pictures
9665,27349,Freddie Fields Productions
13967,288,BBC Films
9053,248,Impact Pictures
9053,5755,Constantin Film Produktion
9053,8068,Mindfire Entertainment
9053,12317,Team Ninja
9053,23238,VIP 4 Medienfonds
9053,37134,Tecmo
4512,81,Plan B Entertainment
4512,449,Virtual Studios
4512,1645,Scott Free Productions
4512,3997,Alberta Film Entertainment
4512,6194,Warner Bros.
4512,11252,Jesse Films Inc.
76349,15071,Variance Films
45610,5294,Mpower Pictures
45610,7295,Relativity Media
45610,8532,1984 Private Defense Contractors
45610,8852,Virgin Produced
45610,9137,Moonlighting Films
45610,11956,Apparatus Productions
45610,11957,GG Filmz
45610,11958,ITS Capital
45610,11959,Merlina Entertainment
45610,11960,MGP Productions
45610,11961,Safady Entertainment
223702,5,Columbia Pictures
223702,2251,Sony Pictures Animation
223702,5752,Sony Pictures Entertainment
223702,13184,Annapurna Pictures
223702,16615,Point Grey Pictures
223702,46875,Nitrogen Studios Canada
254470,33,Universal Pictures
254470,12026,Gold Circle Films
254470,12365,Brownstone Productions
69,84,Tree Line Films
69,85,Konrad Pictures
69,86,Catfish Productions
69,711,Fox 2000 Pictures
69,6402,Mars Media Beteiligungs
4967,158,Spyglass Entertainment
4967,9195,Touchstone Pictures
4967,53666,Triple Threat Talent
4912,14,Miramax Films
4912,1755,Allied Filmmakers
4912,1757,Mad Chance
12771,4,Paramount Pictures
323676,33,Universal Pictures
11249,134,Rogue Pictures
9667,129,Section Eight
9667,551,Mandalay Pictures
9667,827,VIP 3 Medienfonds
9667,846,2929 Productions
9667,1208,Rising Star
9667,3801,VIP 2 Medienfonds
9667,11509,Warner Independent Pictures (WIP)
812,2,Walt Disney Pictures
277216,12,New Line Cinema
277216,33,Universal Pictures
277216,923,Legendary Pictures
277216,2780,Cube Vision
277216,63924,Broken Chair Flickz
277216,63925,Crucial Films
87,1,Lucasfilm
87,4,Paramount Pictures
14444,2348,Nickelodeon Movies
14444,24955,Paramount Animation
2043,4,Paramount Pictures
2043,902,AZL Productions KG
2043,903,David Brown Productions
2043,904,MFP Munich Film Partners
2043,905,Phase 1 Productions
2043,906,Revelations Entertainment
315664,288,BBC Films
315664,892,Qwerty Films
315664,7981,Pathé
1428,441,Columbia Pictures Corporation
1428,7405,Dimension Films
1428,10807,Troublemaker Studios
562,306,Twentieth Century Fox Film Corporation
562,1073,Gordon Company
562,1885,Silver Pictures
15373,33,Universal Pictures
15373,3075,Internationale Filmproduktion Stella-del-Süd
15373,7295,Relativity Media
15373,10104,New Regency Pictures
15373,28787,WideAwake
15373,67334,Stuber/Parent
318846,4,Paramount Pictures
318846,81,Plan B Entertainment
318846,508,Regency Enterprises
14292,5888,Walt Disney
924,572,New Amsterdam Entertainment
924,655,Strike Entertainment
924,656,Metropolitan Filmexport
924,657,Toho-Towa
924,78685,Cruel and Unusual Films
2018,441,Columbia Pictures Corporation
2018,763,Intermedia Films
2018,869,Dee Gee Entertainment
2018,870,Tapestry Films
2018,34207,Prufrock Pictures
2018,65403,IMF Internationale Medien und Film GmbH & Co. Produktions KG
192577,3116,Toei Animation Company
9428,9195,Touchstone Pictures
2832,85,Konrad Pictures
2832,441,Columbia Pictures Corporation
137093,415,Laurence Mark Productions
137093,5490,CBS Films
137093,13444,Outlaw Sinema
137093,17393,Good Universe
137093,34886,Gidden Media
699,60,United Artists
699,7576,Eon Productions
9778,14,Miramax Films
9778,870,Tapestry Films
9778,21518,Simon Fields Productions
8831,33,Universal Pictures
8831,467,Renaissance Pictures
8831,552,Dark Horse Entertainment
8831,1644,Largo Entertainment
8831,2982,Signature Pictures
8831,4248,JVC Entertainment Networks
9398,4,Paramount Pictures
9398,79,Village Roadshow Pictures
9398,172,NPV Entertainment
9398,258,Scott Rudin Productions
9398,2932,Red Hour Productions
9398,2933,Tenth Planet Productions
9398,10692,VH1 Television
9398,12178,Red Hour Films
9398,21409,MFP Munich Film Partners GmbH & Company I. Produktions KG
112949,722,Temple Hill Productions
112949,7295,Relativity Media
10439,2,Walt Disney Pictures
3638,79,Village Roadshow Pictures
3638,97,Castle Rock Entertainment
3638,6194,Warner Bros.
3638,7747,Storefront Pictures
3638,12202,WV Films III
23483,1632,Lionsgate
23483,5374,Marv Films
62206,5,Columbia Pictures
10577,2811,Neo Art & Logic
10577,7405,Dimension Films
10577,65507,Wes Craven Films
218778,2,Walt Disney Pictures
218778,2575,21 Laps Entertainment
218778,6254,"Jim Henson Company, The"
4348,33,Universal Pictures
4348,694,StudioCanal
4348,7419,Scion Films
4348,10146,Focus Features
4348,10163,Working Title Films
78,5798,Shaw Brothers
78,6194,Warner Bros.
78,7965,The Ladd Company
11780,60,United Artists
11780,8989,Talisman Productions
192102,4022,Wonderland Sound and Vision
192102,6896,EuropaCorp
192102,7295,Relativity Media
192102,22947,3DTK
192102,22948,Feelgood Entertainment
192102,22949,Paradise/MGN
2001,5,Columbia Pictures
2001,376,Industry Entertainment
2001,846,2929 Productions
11516,208,Bac Films
11516,254,Pandora Filmproduktion
11516,311,Procirep
11516,793,Galatée Films
11516,850,Eurimages
11516,5358,Canal+
11516,7025,Westdeutscher Rundfunk (WDR)
11516,8453,Télévision Suisse-Romande (TSR)
11516,10046,Wanda Visión S.A.
11516,11402,Conseil Régional de Franche-Comté
11516,12012,Eyescreen S.r.l.
11516,15671,France 2 Cinéma
11516,17873,Les Productions de la Guéville
11516,18367,Centre National de la Cinématographie (CNC)
10025,508,Regency Enterprises
10025,890,Cheyenne Enterprises
10025,10104,New Regency Pictures
15198,915,Hollywood Pictures
23172,3929,Robert Simonds Productions
23172,7295,Relativity Media
23172,46062,Spy Next Door
17834,33,Universal Pictures
17834,27128,The Bubble Factory
10016,3287,Screen Gems
10016,23895,Storm King Productions
10016,51312,Animationwerks
10317,6735,Participant Media
10317,22695,Smokehouse Pictures
58431,1632,Lionsgate
58431,8873,Handsomecharlie Films
58431,10246,Cross Creek Pictures
58431,12622,Darko Entertainment
58431,13395,Panorama Media
58431,72725,QC Entertainment
9746,9195,Touchstone Pictures
13092,2452,UK Film Council
13092,2731,Intandem Films
13092,3272,Aramid Entertainment Fund
13092,9349,Film4
13092,9987,Lipsync Productions
13092,11752,Number 9 Films
59859,33,Universal Pictures
59859,5374,Marv Films
13495,306,Twentieth Century Fox Film Corporation
13495,2029,Estudios Picasso
13495,2975,NBC Universal Global Networks
13495,3315,Origen Producciones Cinematograficas S.A.
254473,5358,Canal+
254473,6896,EuropaCorp
254473,23616,Ciné+
254473,32999,D8
700,7576,Eon Productions
4964,33,Universal Pictures
4964,10105,Apatow Productions
10024,2604,Mark Johnson Productions
10024,2605,Gran Via Productions
10024,12029,Curmudgeon Films
13490,33,Universal Pictures
13490,158,Spyglass Entertainment
15927,5,Columbia Pictures
15927,538,EMI Films Ltd.
15927,6179,Thorn EMI Screen Entertainment
15927,6752,Home Box Office
1259,43,Fox Searchlight Pictures
1259,258,Scott Rudin Productions
1259,284,DNA Films
1259,288,BBC Films
1259,289,Ingenious Film Partners
1259,2452,UK Film Council
5125,10039,Anonymous Content
5125,10040,Level 1 Entertainment
5125,20666,MID Foundation
174,4,Paramount Pictures
9437,4,Paramount Pictures
9437,11661,Rysher Entertainment
525,33,Universal Pictures
245,33,Universal Pictures
9825,711,Fox 2000 Pictures
9825,11317,Phoenix Pictures
9825,67109,Rocking Chair Productions
186,308,The Weinstein Company
186,816,FilmEngine
186,826,Capitol Films
186,1204,Ascendant Pictures
186,2116,VIP Medienfonds 4
186,21962,The Complex Studio
9549,6194,Warner Bros.
9549,7965,The Ladd Company
61891,5,Columbia Pictures
61891,347,Centropolis Entertainment
34584,1256,Producers Sales Organization
34584,1704,Bavaria Film
34584,1766,Dieter Geissler Filmproduktion
34584,6194,Warner Bros.
34584,7025,Westdeutscher Rundfunk (WDR)
34584,33772,Bavaria Studios
2666,12,New Line Cinema
2666,908,Mystery Clock Cinema
13155,10531,Silver Screen Partners II
13155,15395,Oz Productions Ltd.
42807,306,Twentieth Century Fox Film Corporation
42807,11510,Detour Filmproduction
28355,838,Paramount Vantage
28355,10039,Anonymous Content
28355,11581,Misher Films
28355,11582,Case 39 Productions
8080,4,Paramount Pictures
8080,44,Cruise/Wagner Productions
8080,126,Lakeshore Entertainment
8080,763,Intermedia Films
56288,7405,Dimension Films
303858,559,TriStar Pictures
303858,3045,Sony Pictures Releasing
303858,22695,Smokehouse Pictures
303858,34034,LStar Capital
303858,54454,Allegiance Theater
1613,246,Film Council
1613,803,Alliance Atlantis Communications
1613,1218,The Film Consortium
1613,1268,Focus Films
1613,1269,Momentum Films
1613,1270,National Lottery
1613,8582,Canadian Film or Video Production Tax Credit (CPTC)
1613,18620,Artists Production Group (APG)
1613,52619,Fifty First Films
16617,251,Avenue Pictures Productions
16617,433,Weed Road Pictures
16617,763,Intermedia Films
16617,4588,Egmond Film & Television
16617,7405,Dimension Films
16617,19507,Outlaw Productions (I)
16617,19508,Mindhunters (UK) Limited
16617,19509,Mindhunters Productie BV
16617,19510,Tonna Oy
16617,19511,Outlaw Victoria Productions Inc.
8944,846,2929 Productions
8944,4700,Linson Entertainment
8944,8769,Art Linson Productions
8944,11391,Tribeca Productions
14560,5,Columbia Pictures
14560,2608,Happy Madison Productions
14560,7295,Relativity Media
14560,46222,Hey Eddie
10330,2,Walt Disney Pictures
10330,3538,Gunn Films
10330,93528,Casual Friday Productions
6957,33,Universal Pictures
6957,10105,Apatow Productions
1934,14,Miramax Films
1934,33,Universal Pictures
1934,348,Bedford Falls Productions
169917,215,Double Feature Films
169917,216,Jersey Films
169917,8532,1984 Private Defense Contractors
169917,10246,Cross Creek Pictures
169917,11448,Exclusive Media Group
169917,39043,Traveling Picture Show Company (TPSC)
169917,40106,Free State Pictures
169917,40107,Da Vinci Media Ventures
951,23,Imagine Entertainment
951,33,Universal Pictures
10189,5,Columbia Pictures
10189,10105,Apatow Productions
9454,306,Twentieth Century Fox Film Corporation
2055,335,Tig Productions
2055,9195,Touchstone Pictures
2055,10157,Beacon Pictures
2055,18619,Cobalt Media Group
1551,441,Columbia Pictures Corporation
1551,5738,Stonebridge Entertainment
5902,60,United Artists
5902,11503,Joseph E. Levine Productions
11460,27,DreamWorks SKG
11460,1600,Craven-Maddalena Films
11460,6363,BenderSpink
9358,12,New Line Cinema
9358,3169,Zide-Perry Productions
134,33,Universal Pictures
134,2092,Mike Zoss Productions
134,5870,Studio Canal
134,9195,Touchstone Pictures
134,10163,Working Title Films
22894,2266,Bold Films
134374,4,Paramount Pictures
134374,2609,De Line Pictures
15028,4,Paramount Pictures
15028,2348,Nickelodeon Movies
15028,11533,Valhalla Motion Pictures
7445,1632,Lionsgate
7445,7295,Relativity Media
7445,11369,Sighvatsson Films
7445,11370,Michael De Luca Productions
7445,11371,Palomar Pictures (II)
17047,368,Splendid Pictures
17047,4000,Maverick Films
17047,8411,Metro-Goldwyn-Mayer (MGM)
17047,8807,Dylan Sellers Productions
17047,12027,Madacy Entertainment
62838,12,New Line Cinema
2057,8411,Metro-Goldwyn-Mayer (MGM)
70436,7295,Relativity Media
16784,306,Twentieth Century Fox Film Corporation
16784,763,Intermedia Films
16784,19354,Mediastream Vierte Film GmbH & Co. Vermarktungs KG
16784,89720,Mooseport Productions
8011,2662,Trans-Film
8011,22240,Initial Groupe
8011,25129,Lumière Pictures
8011,30655,Fallingcloud
36355,33,Universal Pictures
36355,27128,The Bubble Factory
36355,38181,American Films
238615,1205,Endgame Entertainment
238615,11092,Ram Bergman Productions
1985,264,Studio Babelsberg
1985,1171,Epsilon Motion Pictures
1985,2452,UK Film Council
1985,7419,Scion Films
1985,10146,Focus Features
1985,33680,Blue Sky Films
1985,36615,Potboiler Productions
615,152,Icon Productions
615,306,Twentieth Century Fox Film Corporation
788,306,Twentieth Century Fox Film Corporation
788,10230,Blue Wolf
380,60,United Artists
380,206,Star Partners II Ltd.
13223,79,Village Roadshow Pictures
13223,171,Malpaso Productions
13223,975,Gerber Pictures
13223,6194,Warner Bros.
13223,10138,Double Nickel Entertainment
13223,27351,Matten Productions
13223,27352,WV Films IV
10523,525,Ixtlan Productions
10523,2726,Emperor Motion Pictures
10523,2727,Global Entertainment Group
8681,306,Twentieth Century Fox Film Corporation
8681,1115,M6 Films
8681,5358,Canal+
8681,6586,TPS Star
8681,6877,Grive Productions
8681,6896,EuropaCorp
8681,11261,M6
8681,11845,Wintergreen Productions
8681,23614,All Pictures Media
239571,7295,Relativity Media
619,335,Tig Productions
619,6194,Warner Bros.
619,13040,Kasdan Pictures
424,33,Universal Pictures
424,56,Amblin Entertainment
50014,27,DreamWorks SKG
50014,436,1492 Pictures
50014,2030,Participant Productions
50014,6736,Imagenation Abu Dhabi FZ
50014,7294,Reliance Entertainment
50014,9195,Touchstone Pictures
162903,27,DreamWorks SKG
162903,6735,Participant Media
162903,7294,Reliance Entertainment
162903,9195,Touchstone Pictures
162903,10039,Anonymous Content
6466,12,New Line Cinema
6466,371,Cecchi Gori Group Tiger Cinematografica
6466,1565,Avery Pix
6466,17611,Sean S. Cunningham Films
6466,21783,Crystal Lake Entertainment
6466,50102,WTC Productions
6466,53063,Yannix Technology Corporation
12589,2348,Nickelodeon Movies
12589,4285,Universal Cartoon Studios
12589,24955,Paramount Animation
7191,4,Paramount Pictures
7191,11461,Bad Robot
1497,12,New Line Cinema
1497,2521,Golden Harvest Company
117,4,Paramount Pictures
6977,14,Miramax Films
6977,258,Scott Rudin Productions
6977,838,Paramount Vantage
6977,2092,Mike Zoss Productions
168530,33,Universal Pictures
168530,1309,Rainforest Films
168530,2780,Cube Vision
168530,7295,Relativity Media
634,14,Miramax Films
634,33,Universal Pictures
634,5870,Studio Canal
634,10163,Working Title Films
634,11358,Little Bird
392,14,Miramax Films
392,903,David Brown Productions
392,65781,Fat Free
10327,2308,Type A Films
10327,2527,Marc Platt Productions
10327,8411,Metro-Goldwyn-Mayer (MGM)
88042,306,Twentieth Century Fox Film Corporation
88042,444,Dune Entertainment
88042,6332,Dune Entertainment III
88042,7076,Chernin Entertainment
88042,10221,Walden Media
88042,48638,Face Productions
41630,817,Katalyst Films
41630,2364,The Montecito Picture Company
41630,8873,Handsomecharlie Films
11969,915,Hollywood Pictures
11969,1504,Cinergi Pictures Entertainment
2085,1885,Silver Pictures
2085,6194,Warner Bros.
794,306,Twentieth Century Fox Film Corporation
794,2767,Mace Neufeld Productions
9286,12,New Line Cinema
9286,3169,Zide-Perry Productions
9286,12067,Kumar Mobiliengesellschaft mbH & Co. Projekt Nr. 1 KG
9286,48772,Hard Eight Pictures
9286,48785,Matinee Pictures
9286,48788,Practical Pictures
77877,79,Village Roadshow Pictures
77877,813,DiNovi Pictures
77877,6194,Warner Bros.
77877,8057,Langley Park Production
1265,10221,Walden Media
1265,23890,Hal Lieberman Company
1265,60611,Lauren Levine Productions Inc.
866,14,Miramax Films
866,560,Film Colony
75174,1645,Scott Free Productions
75174,8532,1984 Private Defense Contractors
75174,10285,LD Entertainment
75174,10427,Open Road Films
75174,11278,Inferno Distribution
75174,12234,Chambara Pictures
11096,306,Twentieth Century Fox Film Corporation
11096,711,Fox 2000 Pictures
11096,1894,Josephson Entertainment
11096,73955,MBC Beteiligungs Filmproduktion
8699,10105,Apatow Productions
769,8880,Winkler Films
10923,368,Splendid Pictures
10923,4000,Maverick Films
10923,8411,Metro-Goldwyn-Mayer (MGM)
10923,8807,Dylan Sellers Productions
10923,12027,Madacy Entertainment
11283,33,Universal Pictures
11283,1973,Three Strange Angels
11283,5870,Studio Canal
11283,8411,Metro-Goldwyn-Mayer (MGM)
11283,10163,Working Title Films
11283,76721,Nanny McPhee Productions
111,33,Universal Pictures
746,5,Columbia Pictures
746,469,Hemdale Film Corporation
746,470,Recorded Pictures Company
746,472,Soprofilms
746,473,TAO Film
746,474,Yanco
77866,33,Universal Pictures
77866,694,StudioCanal
77866,7295,Relativity Media
77866,8536,Leverage Management
77866,8537,Closest to the Hole Productions
77866,8538,Farraday Films
77866,8539,Leverage Entertainment
77866,10163,Working Title Films
77866,10970,Blueeyes Productions
7345,14,Miramax Films
7345,178,Ghoulardi Film Company
7345,838,Paramount Vantage
12277,33,Universal Pictures
9779,813,DiNovi Pictures
9779,1088,Alcon Entertainment
9779,10067,Alloy Entertainment
2140,306,Twentieth Century Fox Film Corporation
2140,972,Current Entertainment
2140,973,Immortal Entertainment
2140,5358,Canal+
2140,6896,EuropaCorp
2140,73954,Quality Growth International Ltd.
12620,5,Columbia Pictures
12620,2608,Happy Madison Productions
12620,7295,Relativity Media
12620,15636,Alta Loma Entertainment
14177,8411,Metro-Goldwyn-Mayer (MGM)
198185,2,Walt Disney Pictures
227156,308,The Weinstein Company
227156,10221,Walden Media
227156,17145,Tonik Productions
227156,53464,Asis Productions
11351,60,United Artists
11351,70,American Zoetrope
11351,738,Myriad Pictures
11351,53348,Jeepers Creepers II
10030,1632,Lionsgate
10030,4194,Karz Entertainment
10623,1885,Silver Pictures
10623,6194,Warner Bros.
590,4,Paramount Pictures
590,14,Miramax Films
590,258,Scott Rudin Productions
9655,27,DreamWorks SKG
9655,126,Lakeshore Entertainment
1268,686,Tiger Aspect Productions
1268,10163,Working Title Films
11237,3287,Screen Gems
11237,3803,Middle Fork Productions
190955,856,Wild Bunch
190955,2490,LGM Productions
190955,2612,Les Productions du Trésor
190955,2908,Mars Distribution
190955,5358,Canal+
190955,7454,France Télévision
190955,9015,Worldview Entertainment
190955,10611,Ciné+
190955,11261,M6
190955,16804,France 3 Cinema
190955,19690,Caneo Films
190955,32242,Grisbi Productions
190955,33928,France 4
190955,34774,W9
190955,34780,Chi-Fou-Mi Productions
190955,34782,Treasure Company
5123,6194,Warner Bros.
5123,7036,CJ Entertainment
5123,30131,Southpaw Entertainment
4518,181,Channel Four Films
4518,1382,PolyGram Filmed Entertainment
4518,10163,Working Title Films
11932,33,Universal Pictures
11932,5550,Midwinter Productions Inc.
11165,306,Twentieth Century Fox Film Corporation
6116,441,Columbia Pictures Corporation
57431,306,Twentieth Century Fox Film Corporation
57431,11370,Michael De Luca Productions
57431,20848,Rough House Pictures
278,97,Castle Rock Entertainment
9290,11600,Bungalow Productions
9290,11601,Silver Lion Films
9290,11602,Vision View Entertainment
11543,2090,Motion Picture Corporation of America
11543,8411,Metro-Goldwyn-Mayer (MGM)
284536,4,Paramount Pictures
284536,8537,Closest to the Hole Productions
284536,8539,Leverage Entertainment
284536,12252,Chartoff-Winkler Productions
152737,16280,Jean Doumanian Productions
152737,22695,Smokehouse Pictures
13374,2,Walt Disney Pictures
13374,19925,Bridget Johnson Films
13374,19926,Skate Away Productions
8976,2976,Mile High Productions
8976,2977,Kevin Messick Productions
8976,9195,Touchstone Pictures
8976,10157,Beacon Pictures
319888,264,Studio Babelsberg
319888,306,Twentieth Century Fox Film Corporation
319888,5374,Marv Films
319888,73620,Saville Productions
9469,4319,40 Acres & A Mule Filmworks
9469,9195,Touchstone Pictures
1909,12,New Line Cinema
1909,70,American Zoetrope
22971,3287,Screen Gems
34813,429,DC Comics
34813,433,Weed Road Pictures
34813,1786,Dark Castle Entertainment
34813,6194,Warner Bros.
34813,9993,DC Entertainment
46261,14,Miramax Films
46261,2605,Gran Via Productions
46261,7263,FilmDistrict
46261,11627,Necropia
46261,11628,Tequila Gang
10431,748,Mosaic Media Group
10431,972,Current Entertainment
10431,1632,Lionsgate
10431,12138,Fierce Entertainment
10431,12200,Province of British Columbia Production Services Tax Credit
10431,23956,Rogue Films
8051,5,Columbia Pictures
8051,12,New Line Cinema
8051,178,Ghoulardi Film Company
9352,27,DreamWorks SKG
9352,2364,The Montecito Picture Company
9352,53012,Blue Sea Productions
15487,2,Walt Disney Pictures
22825,2531,Media Rights Capital
22825,2723,Lin Pictures
22825,6194,Warner Bros.
22825,12622,Darko Entertainment
22825,14718,Radar Pictures
1831,4,Paramount Pictures
1831,126,Lakeshore Entertainment
43931,7295,Relativity Media
43931,8853,Rogue
10591,508,Regency Enterprises
10591,1171,Epsilon Motion Pictures
10591,10104,New Regency Pictures
10591,49241,Daybreak
10861,5,Columbia Pictures
276907,10163,Working Title Films
276907,10246,Cross Creek Pictures
276907,20664,Anton Capital Entertainment (ACE)
65055,7215,Incentive Filmed Entertainment
10397,4,Paramount Pictures
10397,33,Universal Pictures
200505,491,Summit Entertainment
200505,1632,Lionsgate
60309,316,Wildwood Enterprises
60309,7486,American Film Company
9787,5,Columbia Pictures
9787,559,TriStar Pictures
293646,1088,Alcon Entertainment
293646,11317,Phoenix Pictures
293646,24459,Fabula
293646,60255,Half Circle
6978,306,Twentieth Century Fox Film Corporation
6978,965,TAFT Entertainment Pictures
59440,1001,Solaris Film
59440,1632,Lionsgate
59440,6573,Mimran Schur Pictures
59440,12425,Filmtribe
1770,360,Geffen Pictures
1770,6194,Warner Bros.
8988,4,Paramount Pictures
8988,258,Scott Rudin Productions
8988,746,MTV Films
8988,2546,Peirce Pictures
15992,4,Paramount Pictures
15992,158,Spyglass Entertainment
15992,9195,Touchstone Pictures
17707,306,Twentieth Century Fox Film Corporation
17707,711,Fox 2000 Pictures
17707,3334,Adam Fields Productions
17707,81140,Two Girls Productions
77883,768,Ghost House Pictures
77883,22637,North Box Productions
40001,559,TriStar Pictures
64639,2108,Battleplan Productions
9903,14,Miramax Films
9903,1557,The Mark Gordon Company
9903,2448,Yari Film Group
9903,12260,Bob Yari Productions
20766,846,2929 Productions
20766,7405,Dimension Films
20766,8073,Nick Wechsler Productions
20766,13649,Chockstone Pictures
24264,441,Columbia Pictures Corporation
24264,7585,Delphi II Productions
24264,35061,Colgems Productions Ltd.
9067,2231,Trilogy Entertainment Group
8338,164,Rhombus Media
8338,345,O2 Filmes
8338,806,Téléfilm Canada
8338,2439,Bee Vine Pictures
8338,2514,Alliance Films
8338,3033,Asmik Ace Entertainment
8338,3656,GAGA
8338,4887,Fox Filmes do Brasil
8338,11547,Ancine
8338,11548,BNDES
8338,11549,Cinema Investment
8338,11550,Corus Entertainment
8338,11551,Movie Central Network
168705,15127,Boll KG
72113,856,Wild Bunch
72113,2066,Zanagar Films
72113,5358,Canal+
72113,5755,Constantin Film Produktion
72113,6301,CinéCinéma
72113,8531,Versátil Cinema
72113,8997,SBS Productions
72113,11240,Polski Instytut Sztuki Filmowej
72113,11795,France Télévisions
72113,45970,France 2 Cinéma
72113,52574,SPI Film Studio
22256,44,Cruise/Wagner Productions
22256,6194,Warner Bros.
12404,2268,Isle of Man Film
12404,4616,Freestyle Releasing
12404,5705,CinemaNX
152742,3110,Paco Cinematografica
152742,6194,Warner Bros.
152742,20416,Regione Lazio
152742,20644,Business Location Sudtirol Alto Adige
152742,38591,Friuli Venezia Giulia Film Commission
152742,38592,UniCredit Group
11699,831,Saturn Films
11699,925,Nu Image Films
11699,6455,Edward R. Pressman Film
11699,10254,Millennium Films
11699,10478,Polsky Films
11699,11265,Osiris Productions
11699,11266,Lieutenant Productions
48034,1115,M6 Films
48034,2612,Les Productions du Trésor
48034,6896,EuropaCorp
36696,3145,CN Film
109091,290,Ingenious Media
109091,711,Fox 2000 Pictures
109091,1645,Scott Free Productions
109091,4169,Kanzaman
109091,8073,Nick Wechsler Productions
109091,10893,Big Screen Productions
109091,13649,Chockstone Pictures
109091,14384,Translux
109091,22213,TSG Entertainment
33157,4,Paramount Pictures
33157,1216,Dino de Laurentiis Cinematografica
33157,5120,Mosfilm
859,1176,Lorimar Film Entertainment
859,6194,Warner Bros.
859,18737,NFH Productions
83770,70,American Zoetrope
83770,83,France 2 Cinéma
83770,346,VideoFilmes
83770,614,Vanguard Films
83770,5358,Canal+
83770,8372,SPAD Films
83770,9209,MK2 Productions
83770,9349,Film4
83770,10611,Ciné+
83770,11795,France Télévisions
83770,12467,Nomadic Pictures
83770,21914,Kramer & Sigman Films
83770,79077,Jerry Leider Company
168,4,Paramount Pictures
1246,5,Columbia Pictures
1246,497,Revolution Studios
1246,696,Rogue Marble
1246,8411,Metro-Goldwyn-Mayer (MGM)
4233,14,Miramax Films
4233,85,Konrad Pictures
4233,1601,Maven Entertainment
4233,7405,Dimension Films
174751,8873,Handsomecharlie Films
174751,13242,Unanimous Pictures
174751,13403,Straight Up Films
174751,14358,1821 Pictures
174751,14359,Scott Pictures
184098,49968,Will Packer Productions
2069,1403,Franchise Pictures
2069,6194,Warner Bros.
2069,10210,Morgan Creek Productions
2069,51772,Nine Yards Productions
2069,53013,Rational Packaging Company
2069,53014,Lansdown Films
1788,4,Paramount Pictures
1788,959,IndieProd Company Productions
11635,27,DreamWorks SKG
11635,2364,The Montecito Picture Company
177,559,TriStar Pictures
3600,5,Columbia Pictures
3600,1236,Mandalay Entertainment
3600,1464,Summer Knowledge LLC
2621,8411,Metro-Goldwyn-Mayer (MGM)
2621,65402,JLT Productions
10358,2599,Blue Askew
10358,16934,View Askew Productions
10313,288,BBC Films
10313,1782,Smoke House
10313,2054,Ruby Films
13476,27,DreamWorks SKG
10208,5,Columbia Pictures
10208,6254,"Jim Henson Company, The"
24961,33,Universal Pictures
24961,2730,Motown Productions
20697,788,Bel Air Entertainment
20697,6194,Warner Bros.
20761,9195,Touchstone Pictures
70868,308,The Weinstein Company
43593,308,The Weinstein Company
43593,2995,Atmosphere Entertainment MM
43593,7332,Chako Film Company
43593,7405,Dimension Films
43593,18524,Intellectual Properties Worldwide
43593,22596,Aja / Levasseur Productions
40688,2,Walt Disney Pictures
26672,14,Miramax Films
26672,1755,Allied Filmmakers
26672,6045,Richard Williams Productions
41283,97,Castle Rock Entertainment
41283,559,TriStar Pictures
41283,3356,State Street Pictures
41283,5490,CBS Films
4935,10342,Studio Ghibli
4935,11200,Buena Vista Home Entertainment
4935,11847,Mitsubishi
4935,12518,d-rights
4935,74952,Tohokushinsha Film Corporation
19908,5,Columbia Pictures
19908,7295,Relativity Media
19908,11733,Pariah
10663,9195,Touchstone Pictures
1891,1,Lucasfilm
1891,306,Twentieth Century Fox Film Corporation
9737,5,Columbia Pictures
9737,10288,Don Simpson/Jerry Bruckheimer Films
37137,4,Paramount Pictures
9532,12,New Line Cinema
9532,3169,Zide-Perry Productions
9532,48772,Hard Eight Pictures
10316,562,Appian Way
10316,9018,Crystal City Entertainment
10316,10246,Cross Creek Pictures
10316,11448,Exclusive Media Group
10316,22695,Smokehouse Pictures
2787,10201,Interscope Communications
152601,6194,Warner Bros.
152601,13184,Annapurna Pictures
10866,508,Regency Enterprises
10866,1171,Epsilon Motion Pictures
10866,7161,LivePlanet
10866,10104,New Regency Pictures
10866,11461,Bad Robot
227707,707,Matador Pictures
227707,7543,Arcadia Motion Pictures
227707,8676,uFilm
227707,10069,"Afrodita Audiovisual, A.I.E."
227707,11921,Le Tax Shelter du Gouvernement Fédéral de Belgique
227707,16742,Telefónica Producciones
227707,19037,Umedia
227707,20386,Entertainment Motion Pictures
227707,49252,Cinema One
227707,53195,Nix Films
227707,66897,International Pictures Two
227707,66899,Cronos Entertainment AIE
21349,306,Twentieth Century Fox Film Corporation
21349,711,Fox 2000 Pictures
70435,5267,Irish Film Board
70435,7295,Relativity Media
580,33,Universal Pictures
20024,441,Columbia Pictures Corporation
2453,8411,Metro-Goldwyn-Mayer (MGM)
2453,22058,Krisjair
2453,22059,Laredo
6973,491,Summit Entertainment
6973,2087,Blackfriars Bridge Films
6973,2088,NALA Films
6973,2089,Samuels Media
6973,11509,Warner Independent Pictures (WIP)
22215,866,Pathé Renn Productions
22215,2452,UK Film Council
22215,3272,Aramid Entertainment Fund
22215,5358,Canal+
22215,7058,Bill Kenwright Films
22215,7396,Pathe
22215,11238,Deutsche Filmförderfonds (DFFF)
22215,11246,Région Ile-de-France
22215,16804,France 3 Cinema
22215,18367,Centre National de la Cinématographie (CNC)
22215,20456,National Lottery through UK Film Council
22215,27897,Filmstiftung Nordrhein-Westfalen
22215,30298,Cine Productions
22215,30299,MMC Studios
22215,30300,Tiggy Films
22215,30301,Banque Populaire Images 9
22215,30302,Cheri Productions
22215,30303,Erste MMC-Production
11632,2514,Alliance Films
11632,10146,Focus Features
30596,2270,China Film Group Corporation
3021,308,The Weinstein Company
3021,435,Di Bonaventura Pictures
3021,7405,Dimension Films
957,617,Brooksfilms Ltd.
957,8411,Metro-Goldwyn-Mayer (MGM)
256917,21079,Hopscotch Features
256917,40309,Fear of God Films
251,4,Paramount Pictures
544,306,Twentieth Century Fox Film Corporation
11395,2,Walt Disney Pictures
11395,915,Hollywood Pictures
14635,2,Walt Disney Pictures
14635,2605,Gran Via Productions
14635,2939,98 MPH Productions
13680,2,Walt Disney Pictures
13680,22881,Mayhem Pictures
13680,80510,Monkey Dance Productions
688,56,Amblin Entertainment
688,171,Malpaso Productions
688,6194,Warner Bros.
11090,497,Revolution Studios
11090,2608,Happy Madison Productions
783,5,Columbia Pictures
783,500,Goldcrest Films International
783,501,Indo-British
783,502,International Film Investors
783,503,National Film Development Corporation of India
783,504,Carolina Bank
228194,56,Amblin Entertainment
228194,3298,Harpo Films
228194,6735,Participant Media
228194,6736,Imagenation Abu Dhabi FZ
228194,7294,Reliance Entertainment
228194,9195,Touchstone Pictures
228194,31893,DreamWorks Studios
1642,5,Columbia Pictures
10950,12,New Line Cinema
235260,7483,Hearst Entertainment Productions
235260,23920,LightWorkers Media
277,126,Lakeshore Entertainment
277,7733,Laurinfilm
277,7734,Subterranean Productions LLC
277,7735,Subterranean Productions UK Ltd.
277,7736,Underworld Produktions GmbH
8999,14,Miramax Films
8999,435,Di Bonaventura Pictures
8999,23635,Patalex V Productions Limited
11323,129,Section Eight
11323,4205,Groundswell Productions
11323,6194,Warner Bros.
11323,6735,Participant Media
11323,6822,Jaffe / Braunstein Enterprise
11453,441,Columbia Pictures Corporation
11453,879,Out of the Blue... Entertainment
11453,2608,Happy Madison Productions
146239,27,DreamWorks SKG
146239,9195,Touchstone Pictures
10878,79,Village Roadshow Pictures
10878,172,NPV Entertainment
10878,441,Columbia Pictures Corporation
82650,711,Fox 2000 Pictures
2294,7405,Dimension Films
2294,16934,View Askew Productions
2294,53009,Miramax
2176,333,Original Film
270487,33,Universal Pictures
270487,2092,Mike Zoss Productions
270487,10163,Working Title Films
204082,10254,Millennium Films
204082,10427,Open Road Films
24100,12,New Line Cinema
5550,41,Orion Pictures
287948,6896,EuropaCorp
9075,234,CoBo Fund
9075,264,Studio Babelsberg
9075,865,Motel Films
9075,1991,Motion Investment Group
9075,2254,Egoli Tossell Film AG
9075,4247,Filmförderungsanstalt (FFA)
9075,4508,Nederlands Fonds voor de Film
9075,7307,Medienboard Berlin-Brandenburg
9075,8676,uFilm
9075,11921,Le Tax Shelter du Gouvernement Fédéral de Belgique
9075,12046,Fu Works
9075,16618,Hector BV
9075,21972,Media Programme of the European Community
9075,23192,Euroimages Fund of the Council of Europe
9075,23238,VIP 4 Medienfonds
9075,25487,ContentFilm International
9075,25488,Clockwork Pictures
11661,191,Senator Film Produktion
11661,3244,Media Pro Pictures
11661,3823,TF1 Films Production
11661,4176,Nord-Ouest Productions
11661,10441,The Bureau
11661,11773,Artémis Productions
11661,17873,Les Productions de la Guéville
109513,10424,Primate Pictures
109513,10425,Kim and Jim Productions
109513,10426,Panay Films
109513,11448,Exclusive Media Group
204922,694,StudioCanal
204922,1645,Scott Free Productions
204922,10254,Millennium Films
204922,17513,Film i Väst
204922,18230,Filmgate Films
204922,36991,Clarius Entertainment
38985,4,Paramount Pictures
38985,33,Universal Pictures
38985,10956,Film Properties International N.V.
44113,6572,Stone Productions
44113,6573,Mimran Schur Pictures
164457,562,Appian Way
164457,1645,Scott Free Productions
164457,7295,Relativity Media
164457,18617,Energy Entertainment
164457,19177,Red Granite Pictures
4566,97,Castle Rock Entertainment
4566,932,Mirage Enterprises
4566,14315,Section Eight Productions
153158,5517,100 Bares
153158,11408,Ministerio de Cultura
153158,11427,Instituto de Crédito Oficial (ICO)
153158,21915,Televisión Federal (Telefe)
153158,22128,369 Productions
153158,22130,Catmandu Branded Entertainment
153158,22133,JEMPSA
153158,22134,Plural - Jempsa
153158,22135,Prana Animation Studios
81836,1824,Gravier Productions
81836,6246,Medusa Film
81836,12010,Mediapro
81836,12966,Perdido Productions
10724,171,Malpaso Productions
2196,737,Sidney Kimmel Entertainment
2196,1012,Parabolic Pictures
2196,1013,Stable Way Entertainment
2196,1014,Target Media Entertainment
2196,3801,VIP 2 Medienfonds
2196,10760,VIP 1 Medienfonds
1499,12,New Line Cinema
1499,969,Golden Harvest Pictures
1499,53677,Clearwater Holdings Limited
20857,4,Paramount Pictures
20857,3858,GHS Productions KG
20857,3859,Munich Film Partners & Company (MFP) GHS Productions
20857,3860,Nides/McCormick Productions
82693,308,The Weinstein Company
1646,215,Double Feature Films
1646,216,Jersey Films
1646,20396,Kernos Filmproduktionsgesellschaft & Company
4108,356,TF1 Films Productions
4108,972,Current Entertainment
4108,5358,Canal+
4108,6896,EuropaCorp
8456,491,Summit Entertainment
8456,551,Mandalay Pictures
8456,23423,Baumgarten Management and Productions (BMP)
7341,60,United Artists
7341,2229,Red Bank Films
19255,1522,Neal Street Productions
19255,10146,Focus Features
19255,12808,Big Beach Films
10187,9195,Touchstone Pictures
31005,2154,Punch Productions
31005,9195,Touchstone Pictures
31005,13816,Hyde Park Entertainment
31005,41251,Reveal Entertainment
31005,41252,Gran Via
50780,491,Summit Entertainment
50780,6735,Participant Media
50780,6736,Imagenation Abu Dhabi FZ
50780,10039,Anonymous Content
16363,33,Universal Pictures
16363,5902,RKO
1946,803,Alliance Atlantis Communications
1946,804,Natural Nylon Entertainment
1946,805,Serendipity Point Films
1946,806,Téléfilm Canada
1946,807,The Harold Greenberg Fund
1946,808,The Movie Network
1946,809,Union Générale Cinématographique
1946,20170,Canadian Television Fund
85,1,Lucasfilm
85,4,Paramount Pictures
772,306,Twentieth Century Fox Film Corporation
772,477,Hughes Entertainment
840,441,Columbia Pictures Corporation
840,8263,EMI Films
840,11458,Julia Phillips and Michael Phillips Productions
9682,7405,Dimension Films
96,4,Paramount Pictures
96,30,Eddie Murphy Productions
96,10288,Don Simpson/Jerry Bruckheimer Films
10678,1172,Hyde Park Films
10678,9195,Touchstone Pictures
274,41,Orion Pictures
274,55072,Strong Heart/Demme Production
8872,4,Paramount Pictures
16290,746,MTV Films
579,33,Universal Pictures
14405,2,Walt Disney Pictures
138843,12,New Line Cinema
138843,11565,The Safran Company
138843,31375,Evergreen Media Group
11637,5,Columbia Pictures
11637,497,Revolution Studios
11637,2780,Cube Vision
226486,12,New Line Cinema
226486,4740,Gary Sanchez Productions
1584,4,Paramount Pictures
1584,258,Scott Rudin Productions
1584,2348,Nickelodeon Movies
1584,8647,NEW Century
1584,21409,MFP Munich Film Partners GmbH & Company I. Produktions KG
1584,88628,Sor Productions
9312,12,New Line Cinema
9312,4174,Threshold Entertainment
12153,5,Columbia Pictures
12153,497,Revolution Studios
12153,1608,Wayans Bros. Entertainment
12153,67253,Gone North Productions
65057,43,Fox Searchlight Pictures
65057,444,Dune Entertainment
65057,2361,Ad Hominem Enterprises
76203,81,Plan B Entertainment
76203,508,Regency Enterprises
76203,1246,River Road Entertainment
76203,9349,Film4
76203,10104,New Regency Pictures
13497,711,Fox 2000 Pictures
35688,35,Lions Gate Films
35688,6567,The Tyler Perry Company
162,306,Twentieth Century Fox Film Corporation
296096,12,New Line Cinema
296096,5219,Sunswept Entertainment
296096,8411,Metro-Goldwyn-Mayer (MGM)
1051,306,Twentieth Century Fox Film Corporation
1051,646,D'Antoni Productions
1051,73950,Schine-Moore Productions
376659,47729,STX Entertainment
376659,78996,Huayi Brothers Pictures
376659,90185,BillBlock Media
10073,508,Regency Enterprises
10073,1171,Epsilon Motion Pictures
10073,10104,New Regency Pictures
16690,2,Walt Disney Pictures
16690,3475,Walt Disney Television Animation
16690,3476,Walt Disney Animation Australia
16690,5391,DisneyToon Studios
16690,12402,Walt Disney Animation Canada
273895,81,Plan B Entertainment
273895,3298,Harpo Films
273895,3573,Celador Films
273895,6708,Cloud Eight Films
273895,7981,Pathé
14873,2,Walt Disney Pictures
14873,3475,Walt Disney Television Animation
14873,3476,Walt Disney Animation Australia
14873,5391,DisneyToon Studios
8968,768,Ghost House Pictures
8968,830,Senator International
8968,3287,Screen Gems
8968,7893,Pacific Renaissance Pictures Ltd.
9963,559,TriStar Pictures
9963,1172,Hyde Park Films
9963,2378,Offspring Entertainment
15655,2,Walt Disney Pictures
21208,1786,Dark Castle Entertainment
21208,4252,Studio Babelsberg StudioBabelsberg Motion Pictures
21208,4253,Don Carmody Productions
21208,5870,Studio Canal
272878,5219,Sunswept Entertainment
272878,6194,Warner Bros.
272878,8411,Metro-Goldwyn-Mayer (MGM)
272878,83397,Reel Chefs Catering
9760,306,Twentieth Century Fox Film Corporation
9760,508,Regency Enterprises
9760,10104,New Regency Pictures
9760,23596,Paul Schiff Productions
314365,33,Universal Pictures
314365,6735,Participant Media
314365,10039,Anonymous Content
314365,42421,Rocklin / Faust
314365,75807,First Look Media
13279,3287,Screen Gems
13279,12485,Overbrook Entertainment
1975,441,Columbia Pictures Corporation
1975,768,Ghost House Pictures
1975,829,Vertigo Entertainment
33644,306,Twentieth Century Fox Film Corporation
9895,33,Universal Pictures
9895,10210,Morgan Creek Productions
9570,3166,Walt Disney Productions
27579,10059,This Is That Productions
27579,10146,Focus Features
27579,20899,Twins Financing
27579,22695,Smokehouse Pictures
27579,72503,Greenlit Rights
16052,4729,Q Productions
16052,9313,Esparza / Katz Productions
40264,508,Regency Enterprises
40264,2648,Road Rebel
1164,838,Paramount Vantage
1164,2531,Media Rights Capital
1164,10039,Anonymous Content
1164,11258,Central Films
239678,705,Spring Creek Productions
239678,2575,21 Laps Entertainment
239678,6194,Warner Bros.
14359,258,Scott Rudin Productions
14359,3534,Goodspeed Productions
3989,4,Paramount Pictures
3989,258,Scott Rudin Productions
76617,925,Nu Image Films
76617,6644,Lions Gate
4258,7405,Dimension Films
20391,4,Paramount Pictures
20391,171,Malpaso Productions
20391,12049,Alan Jay Lerner Productions
10139,10146,Focus Features
335778,5,Columbia Pictures
335778,10156,Affirm Films
335778,10285,LD Entertainment
335778,59827,Patrick Aiello Productions
9645,79,Village Roadshow Pictures
9645,172,NPV Entertainment
9645,1786,Dark Castle Entertainment
9645,6194,Warner Bros.
9645,53238,Ghost Ship Films Pty. Ltd.
55465,12,New Line Cinema
55465,771,Mandate Pictures
617,5,Columbia Pictures
617,1236,Mandalay Entertainment
48289,14,Miramax Films
48289,5374,Marv Films
48289,9217,Pioneer Pictures
243,32,Buena Vista
243,9195,Touchstone Pictures
8848,507,Atlas Entertainment
8848,748,Mosaic Media Group
8848,2729,Omnilab Media
8848,7295,Relativity Media
8848,37774,Skyline (Baker St)
38,10039,Anonymous Content
38,10059,This Is That Productions
38,10146,Focus Features
38303,5698,Oops Doughnuts Productions
38303,9195,Touchstone Pictures
38303,11837,Frontier Pictures
1266,43,Fox Searchlight Pictures
1266,508,Regency Enterprises
1266,6332,Dune Entertainment III
1266,10405,Emmett/Furla Films
107985,33,Universal Pictures
107985,443,Big Talk Productions
107985,10146,Focus Features
107985,10163,Working Title Films
19901,1632,Lionsgate
19901,3135,Furst Films
19901,3207,Pictures in Paradise
19901,4024,Pacific Film and Television Commission
19901,8724,Australian Film Finance Corporation (AFFC)
34016,27,DreamWorks SKG
34016,54634,Mosaic
59860,444,Dune Entertainment
59860,508,Regency Enterprises
59860,711,Fox 2000 Pictures
59860,813,DiNovi Pictures
59860,6332,Dune Entertainment III
59860,32537,Blossom Films
10069,158,Spyglass Entertainment
10069,915,Hollywood Pictures
10069,1205,Endgame Entertainment
10069,4022,Wonderland Sound and Vision
12819,6574,Lions Gate Family Entertainment
12819,7295,Relativity Media
12819,21234,Crest Animation Productions
9954,127,"Screen Gems, Inc."
25132,174,Warner Bros. Pictures
577,364,The Rank Organisation
577,441,Columbia Pictures Corporation
328387,1632,Lionsgate
328387,47706,Allison Shearmur Productions
328387,79963,Keep Your Head
12690,12,New Line Cinema
12690,4205,Groundswell Productions
12690,21106,Axon Films
539,4,Paramount Pictures
539,33,Universal Pictures
539,10717,Shamley Productions
13596,1632,Lionsgate
13596,2953,New Wave Entertainment
13596,4220,Management 360
13596,7948,Terra Firma Films
13596,12020,Superfinger Entertainment
226857,33,Universal Pictures
226857,13204,Fake Empire
226857,13778,Bluegrass Films
526,306,Twentieth Century Fox Film Corporation
526,6194,Warner Bros.
22796,175,Caravan Pictures
22796,915,Hollywood Pictures
2355,5,Columbia Pictures
2355,2608,Happy Madison Productions
2355,3800,Sunlight Productions
2355,7295,Relativity Media
2355,11708,Madison 23
5915,838,Paramount Vantage
5915,1246,River Road Entertainment
5915,8769,Art Linson Productions
5915,41051,Into the Wild
9842,7405,Dimension Films
61012,342,Davis-Films
61012,343,Konami Corporation Ltd.
755,59,A Band Apart
755,7405,Dimension Films
755,11705,Los Hooligans Productions
755,53009,Miramax
9470,5,Columbia Pictures
7979,27,DreamWorks SKG
7979,384,MacDonald/Parkes Productions
7979,737,Sidney Kimmel Entertainment
7979,1522,Neal Street Productions
7979,2269,China Film Co-Production Corporation
7979,2299,Wonderland Films
7979,6735,Participant Media
7979,11392,Ebeling Group
7979,11553,Beijing Happy Pictures Cultural Communications Co.
7979,29031,Kite Runner Holdings
470,10059,This Is That Productions
470,10887,Y Productions
470,10888,Mediana Productions Filmgesellschaft
15644,152,Icon Productions
15644,306,Twentieth Century Fox Film Corporation
15644,4564,Icon Entertainment International
9582,8411,Metro-Goldwyn-Mayer (MGM)
9582,21447,David Ladd Films
22074,308,The Weinstein Company
22074,838,Paramount Vantage
2428,13579,George Stevens Productions
290751,290,Ingenious Media
290751,2605,Gran Via Productions
290751,7437,IM Global
290751,47729,STX Entertainment
290751,80834,Route One Entertainment
290751,88607,Union Investment Partners
290751,88608,SITE Productions
290751,88609,Willie's Movies
13805,2053,Grosvenor Park Media Ltd.
13805,7571,LionsGate
13805,19248,3 in the Box
4597,3287,Screen Gems
4597,8931,Stars Road Entertainment
4597,11249,Farah Films & Management
4597,11250,Buckaroo Entertainment
9414,508,Regency Enterprises
9414,897,Taurus Films
9414,3415,Polar Productions
9414,6194,Warner Bros.
63492,508,Regency Enterprises
63492,1836,Contrafilm
63492,10104,New Regency Pictures
81796,5358,Canal+
81796,6896,EuropaCorp
81796,10611,Ciné+
15092,126,Lakeshore Entertainment
15092,1632,Lionsgate
15092,11152,Radical Media
15005,3957,Gener8Xion Entertainment
8198,14,Miramax Films
8198,763,Intermedia Films
8198,932,Mirage Enterprises
6963,4,Paramount Pictures
6963,1423,Escape Artists
6963,11930,Kumar Mobiliengesellschaft mbH & Co. Projekt Nr. 2 KG
15070,14,Miramax Films
15070,421,Amen Ra Films
17134,1557,The Mark Gordon Company
17134,2890,Fox Atomic
17134,3635,20th Century Fox Home Entertainment
17134,10339,WWE Studios
17134,17887,Midnight Sun Pictures
41402,1314,Hammer Film Productions
41402,3576,EFTI
41402,11448,Exclusive Media Group
41402,12807,Overture Films
146198,9015,Worldview Entertainment
146198,30420,Anonymous Content
146198,73493,MadRiver Pictures
146198,78595,Sierra Pictures
146198,78596,Surefire Capital
2639,8,Fine Line Features
295964,215,Double Feature Films
295964,32243,PeaPie Films
295964,36390,3 Arts Entertainment
11835,306,Twentieth Century Fox Film Corporation
11835,444,Dune Entertainment
11835,2234,Baldwin Entertainment Group
11835,13816,Hyde Park Entertainment
11835,13817,Brass Hat Films
14396,12,New Line Cinema
15673,33,Universal Pictures
42618,33,Universal Pictures
171274,178,Ghoulardi Film Company
171274,6194,Warner Bros.
171274,93105,IAC Films
109417,3287,Screen Gems
13948,5294,Mpower Pictures
106747,10427,Open Road Films
106747,10808,Overnight Films
106747,11005,AR Films
106747,11006,Aldamisa Entertainment
106747,13241,Demarest Films
106747,14358,1821 Pictures
106747,25608,Quick Draw Productions
256962,7075,Metanoia Films
256962,90508,Santa Fé Films
48231,470,Recorded Pictures Company
48231,808,The Movie Network
48231,2728,Millbrook Pictures
48231,2844,Prospero Pictures
48231,19245,Lago Film
48231,78702,Dangerous Method Film AG
3509,380,Thousand Words
3509,11509,Warner Independent Pictures (WIP)
3509,11510,Detour Filmproduction
3509,14315,Section Eight Productions
12142,1062,Boll Kino Beteiligungs GmbH & Co. KG
12142,1063,Brightlight Pictures
12142,1064,Herold Productions
12142,1632,Lionsgate
12142,2998,Infogrames Entertainment
23367,491,Summit Entertainment
23367,2454,Goldsmith-Thomas Productions
23367,10221,Walden Media
241239,6735,Participant Media
241239,6736,Imagenation Abu Dhabi FZ
241239,7493,FilmNation Entertainment
241239,14861,Before the Door Pictures
241239,14862,Washington Square Films
241239,41077,A24
241239,53656,Old Bull Pictures
3902,1205,Endgame Entertainment
3902,1208,Rising Star
3902,1422,Killer Films
3902,1512,John Wells Productions
3902,2506,Dreamachine
3902,7416,Film & Entertainment VIP Medienfonds 4 GmbH & Co. KG (I)
3902,14737,Grey Water Park Productions
3902,17594,John Goldwyn Productions
3902,72153,Wells Productions
77948,491,Summit Entertainment
77948,1224,Intrepid Pictures
77948,8083,Film Rites
77948,8084,Galavis Film
77948,8085,Picture Machine
77948,23625,"Fria Luz Del Dia, A.I.E."
21755,308,The Weinstein Company
21755,491,Summit Entertainment
21755,1205,Endgame Entertainment
128,14,Miramax Films
128,10342,Studio Ghibli
128,12516,Nibariki
128,20192,Nippon Television Network (NTV)
16608,2326,Autonomous
16608,2452,UK Film Council
16608,3205,Surefire Film Productions
16608,3207,Pictures in Paradise
16608,4024,Pacific Film and Television Commission
16608,20455,Film Consortium
16608,20456,National Lottery through UK Film Council
32316,4,Paramount Pictures
7299,7405,Dimension Films
7299,35304,Blue Tulip Productions
13405,1380,Australian Film Finance Corporation
13405,9206,Zero Fiction Film
13405,74695,Ming Productions
13405,78322,Bluewater Pictures
13405,86061,Cheerland Entertainment Organization
314385,81,Plan B Entertainment
314385,39443,Jolie Pas
314385,73249,Pellikola
10448,335,Tig Productions
10448,2630,Majestic Films International
10448,6194,Warner Bros.
10448,38178,Newcomm
10448,60546,RCS
43935,1172,Hyde Park Films
43935,7218,platinum studios
43935,7219,Long Distance Films
44638,14,Miramax Films
44638,9195,Touchstone Pictures
199373,3604,Grindstone Entertainment Group
199373,5830,Cheetah Vision
199373,6715,K5 International
199373,6819,Paradox Entertainment
199373,10405,Emmett/Furla Films
199373,27993,Picture Perfect Corporation
199373,30023,Court Five
199373,31832,Envision Entertainment
199373,31833,Valentina Films
581,335,Tig Productions
581,2630,Majestic Films International
52449,5,Columbia Pictures
52449,748,Mosaic Media Group
12150,42,Universal Pictures Corporation
11247,5367,Gaylord Films
11247,6194,Warner Bros.
11247,8807,Dylan Sellers Productions
11247,46051,Clifford Werber Productions
4232,979,Woods Entertainment
4232,7405,Dimension Films
694,88,Hawk Films
694,6194,Warner Bros.
694,11272,Peregrine
105,33,Universal Pictures
105,56,Amblin Entertainment
105,20448,U-Drive Productions
11377,1786,Dark Castle Entertainment
11377,6194,Warner Bros.
41210,771,Mandate Pictures
41210,2570,Bona Fide Productions
41210,7382,Echo Films
12090,306,Twentieth Century Fox Film Corporation
12090,3929,Robert Simonds Productions
12090,19352,Mediastream Dritte Film GmbH & Co. Beteiligungs KG
62630,7178,Corrino Media Corporation
62630,7299,Corsan
62630,7300,Staccato Films
29427,4916,Penn Station Entertainment
29427,6735,Participant Media
29427,6736,Imagenation Abu Dhabi FZ
29427,12807,Overture Films
129,10342,Studio Ghibli
2669,10308,Dino De Laurentiis Company
13523,3250,"Summit Entertainment, LLC"
13523,10067,Alloy Entertainment
13523,11843,Goldcrest Pictures
25195,33,Universal Pictures
25195,158,Spyglass Entertainment
25195,1266,Octagon Films
25195,6363,BenderSpink
25195,58262,Birnbaum / Barber Productions
17277,4,Paramount Pictures
17277,10253,Samuel Bronston Productions
50725,23,Imagine Entertainment
50725,134,Rogue Pictures
50725,7295,Relativity Media
50725,19855,Internationale Filmproduktion Blackbird Dritte
73191,3592,Warner Bros. Family Entertainment
10065,2481,Platinum Dunes
10065,7405,Dimension Films
10065,8411,Metro-Goldwyn-Mayer (MGM)
10065,14718,Radar Pictures
2757,267,Beverly Detroit
2757,278,Propaganda Films
2757,1274,Clinica Estetico
2757,8856,Intermedia
2757,10565,Good Machine
2757,23227,Magnet Productions
11683,33,Universal Pictures
11683,2995,Atmosphere Entertainment MM
11683,55518,Romero-Grunwald Productions
11683,55519,Exception Wild Bunch
1878,33,Universal Pictures
1878,491,Summit Entertainment
1878,1591,Rhino Films
1878,53460,Fear and Loathing LLC
1878,53461,Shark Productions
23082,2531,Media Rights Capital
23082,2723,Lin Pictures
23082,6194,Warner Bros.
23082,11845,Wintergreen Productions
23082,13769,Lynda Obst Productions
23082,14358,1821 Pictures
23082,14718,Radar Pictures
195589,33,Universal Pictures
195589,16615,Point Grey Pictures
195589,17393,Good Universe
854,12,New Line Cinema
854,552,Dark Horse Entertainment
2280,18,Gracie Films
2280,306,Twentieth Century Fox Film Corporation
2280,21451,American Entertainment Partners II L.P.
496,306,Twentieth Century Fox Film Corporation
496,20567,Four By Two Productions
8835,2527,Marc Platt Productions
8835,8411,Metro-Goldwyn-Mayer (MGM)
157,4,Paramount Pictures
8643,126,Lakeshore Entertainment
8643,1838,Firm Films
8643,3287,Screen Gems
10402,2608,Happy Madison Productions
10402,6370,Quinta Communications
10402,9195,Touchstone Pictures
218043,16558,Stoney Lake Entertainment
21301,8411,Metro-Goldwyn-Mayer (MGM)
10147,5,Columbia Pictures
10147,14722,Triptych Pictures
10147,71989,Dimension Films (US version)
816,12,New Line Cinema
816,594,Capella International
816,595,Eric's Boy
302688,33,Universal Pictures
302688,4171,Playtone
302688,7429,HBO Films
302688,12026,Gold Circle Films
60307,711,Fox 2000 Pictures
60307,5420,Color Force
106,306,Twentieth Century Fox Film Corporation
106,840,Lawrence Gordon Productions
106,1302,Davis Entertainment
106,1885,Silver Pictures
106,5263,Amercent Films
106,5264,American Entertainment Partners L.P.
279,6194,Warner Bros.
10625,4,Paramount Pictures
10625,1756,Broadway Video
10625,89094,M.G. Films
5279,987,USA Films
10013,70,American Zoetrope
10013,559,TriStar Pictures
194662,9015,Worldview Entertainment
194662,10104,New Regency Pictures
194662,22213,TSG Entertainment
194662,47169,Le Grisbi Productions
194662,52660,M Productions
160588,12966,Perdido Productions
9829,33,Universal Pictures
9829,694,StudioCanal
9829,737,Sidney Kimmel Entertainment
9829,10163,Working Title Films
10028,33,Universal Pictures
10028,2527,Marc Platt Productions
10028,41963,NuAmerica Entertainment
790,494,AVCO Embassy Pictures
790,495,EDI
790,498,Debra Hill Productions
43959,551,Mandalay Pictures
43959,559,TriStar Pictures
43959,3235,Brookwell-McNamara Entertainment
43959,7263,FilmDistrict
43959,10156,Affirm Films
10364,4,Paramount Pictures
10364,73862,Filmways Productions
9610,499,De Laurentiis Entertainment Group
1578,60,United Artists
25643,33,Universal Pictures
25643,4403,Stuber Productions
25643,4404,Camp / Thompson Pictures
25643,7295,Relativity Media
25643,7419,Scion Films
25643,11953,Traveling Film Productions
44115,43,Fox Searchlight Pictures
44115,6194,Warner Bros.
44115,6708,Cloud Eight Films
44115,7981,Pathé
44115,9349,Film4
44115,10892,Everest Entertainment
44115,20076,HandMade Films
10560,5,Columbia Pictures
333348,23,Imagine Entertainment
333348,4205,Groundswell Productions
333348,5490,CBS Films
20483,711,Fox 2000 Pictures
20483,1757,Mad Chance
20483,11672,Nimbus Film Productions
20483,19352,Mediastream Dritte Film GmbH & Co. Beteiligungs KG
20483,23790,Splendid Productions
321697,33,Universal Pictures
321697,258,Scott Rudin Productions
321697,923,Legendary Pictures
321697,1557,The Mark Gordon Company
321697,4220,Management 360
321697,6708,Cloud Eight Films
38665,1584,ITC Entertainment
2575,5,Columbia Pictures
2575,3201,Merlin Films
11644,1819,Cinema 77
146227,1786,Dark Castle Entertainment
146227,2982,Signature Pictures
146227,3608,After Dark Films
146227,12075,Silver Reel
146227,19719,Saints LA
146227,28176,Bomar OOD
146227,36109,thefyzz
146227,68548,Dunulf Productions
146227,68549,Emmitt Productions Limited
146227,68550,ADF Acquisitions
68924,43,Fox Searchlight Pictures
68924,10565,Good Machine
68924,53473,Canal+ Droits Audiovisuels
253235,97,Castle Rock Entertainment
253235,31832,Envision Entertainment
253235,32245,ASIG Productions
10068,8411,Metro-Goldwyn-Mayer (MGM)
10068,11670,Producers Sales Organization (PSO)
10068,22297,Jonesfilm
10068,22298,Galactic Films
10068,22299,Triple Ajaxxx
848,4,Paramount Pictures
848,3166,Walt Disney Productions
522,9195,Touchstone Pictures
130150,2130,Mr. Mudd Production
130150,9350,Indian Paintbrush
130150,32157,Right of Way Films
12246,886,Kinokompaniya CTB
12246,1972,X-Filme Creative Pool
12246,11996,Andreevsky Flag Film Company
12246,16522,Kinofabrika
12246,16524,Eurasia Film Production
13809,694,StudioCanal
13809,1786,Dark Castle Entertainment
13809,2900,Toff Guy Films
13809,6194,Warner Bros.
33870,2814,Great Scott Productions Pty. Ltd.
245703,6194,Warner Bros.
245703,19246,Faliro House Productions
245703,50914,Tri-State Pictures
127560,1471,Archer Street Productions
127560,1632,Lionsgate
127560,3207,Pictures in Paradise
127560,12075,Silver Reel
127560,15577,Latitude Media
127560,15578,Thai Occidental Productions
10017,10165,New Century Entertainment Corporation
10017,10166,Alliance Entertainment
10017,59346,Turbo Productions
11468,97,Castle Rock Entertainment
11468,3982,Darkwoods Productions
193613,11448,Exclusive Media Group
193613,11486,Picturehouse Entertainment
17436,3319,Senator Entertainment Co
8408,2482,Dead Films
8408,2483,Laurel Entertainment
8408,5822,Toei
9389,2203,Onyx Films
9389,5381,Backup Films
9389,7089,France2 Cinéma
9389,18367,Centre National de la Cinématographie (CNC)
9626,3418,Famous Films (II)
9626,8411,Metro-Goldwyn-Mayer (MGM)
9626,10308,Dino De Laurentiis Company
75638,4908,First Generation Films
75638,6538,Antena 3 Films
75638,6778,Televisió de Catalunya TV3
75638,9335,Canal+ España
75638,9974,Instituto de la Cinematografía y de las Artes Audiovisuales (ICAA)
75638,10254,Millennium Films
75638,11068,Nostromo Pictures
75638,16055,Generalitat de Catalunya - Institut Català de les Indústries Culturals (ICIC)
75638,22862,Cindy Cowan Entertainment
75638,22863,La Sexta
75638,58260,Attitude Pinículas y Films A.I.E.
8363,5,Columbia Pictures
8363,10105,Apatow Productions
8328,491,Summit Entertainment
8328,2378,Offspring Entertainment
8328,9195,Touchstone Pictures
10982,308,The Weinstein Company
10982,7580,Kanbar Entertainment
10982,49126,Blue Yonder Films
205,35,Lions Gate Films
205,60,United Artists
205,564,Industrial Development Corporation of South Africa
205,1205,Endgame Entertainment
205,2760,Miracle Pictures
205,7495,Sixth Sense Productions
205,11912,Mikado Film
205,19834,Inside Track Films
1620,306,Twentieth Century Fox Film Corporation
1620,444,Dune Entertainment
1620,867,Anka Film
1620,6896,EuropaCorp
1620,11746,Daybreak Productions
1620,11747,Prime Universe Productions
175541,43,Fox Searchlight Pictures
175541,85720,Malvern Pictures
241254,3604,Grindstone Entertainment Group
241254,10405,Emmett/Furla Films
241254,33831,Oasis Films
241254,33832,Aperture Entertainment
679,306,Twentieth Century Fox Film Corporation
679,396,SLM Production Group
679,19747,Brandywine Productions
11113,6194,Warner Bros.
3597,441,Columbia Pictures Corporation
3597,1236,Mandalay Entertainment
3597,1464,Summer Knowledge LLC
193893,306,Twentieth Century Fox Film Corporation
193893,28787,WideAwake
193893,28788,Genre Films
9675,43,Fox Searchlight Pictures
9675,1187,Michael London Productions
9675,12157,Sideways Productions Inc.
9988,2773,Broken Lizard Industries
948,14323,Compass International Pictures
948,22814,Falcon International Productions
146304,6292,Universal
7516,33,Universal Pictures
7516,694,StudioCanal
7516,7295,Relativity Media
7516,7419,Scion Films
7516,10163,Working Title Films
41439,1632,Lionsgate
41439,2061,Twisted Pictures
41439,6680,Serendipity Productions
9429,4,Paramount Pictures
9429,2822,SNL Studios
38117,5490,CBS Films
38117,54502,Mel's Cite du Cinema
38117,60600,Storefront Films
9792,43,Fox Searchlight Pictures
9792,444,Dune Entertainment
9792,445,Major Studio Partners
9792,1600,Craven-Maddalena Films
13960,6194,Warner Bros.
114150,12365,Brownstone Productions
26602,2184,Tollin/Robbins Productions
26602,6194,Warner Bros.
26390,925,Nu Image Films
26390,2435,Langley Productions
26390,4654,Thunder Road Productions
26390,8151,Fuqua Films
26390,10254,Millennium Films
27759,4928,Allied Artists Pictures
27759,10253,Samuel Bronston Productions
109428,559,TriStar Pictures
109428,768,Ghost House Pictures
109428,7263,FilmDistrict
23049,43,Fox Searchlight Pictures
23049,2157,26 Films
9310,33,Universal Pictures
9310,1473,Depth of Field
11411,4110,Cannon Films
11411,6194,Warner Bros.
11411,6231,London-Cannon Films
11411,13549,Golan-Globus Productions
7304,1507,International Production Company
7304,2227,True Grit Productions
7304,5357,Zero Gravity Management
7304,18621,Pierce/Williams Entertainment
1491,1187,Michael London Productions
1491,11345,Stillking Films
1491,12260,Bob Yari Productions
1491,25432,Bull's Eye Entertainment
1491,52740,Contagious Entertainment
1491,76043,Revolution Sun Studios
2989,8310,American Filmworks
10629,130,Jerry Bruckheimer Films
10629,9195,Touchstone Pictures
255343,7561,Nexus Factory
255343,8676,uFilm
255343,10497,Jaguar Films
255343,19037,Umedia
255343,20339,Chapter 2
255343,63810,Roxbury
4723,33,Universal Pictures
4723,769,Destination Films
4723,810,Persistent Entertainment
4723,856,Wild Bunch
4723,1700,Cherry Road Films LLC
4723,8848,MHF Zweite Academy Film
4723,12622,Darko Entertainment
4723,54030,Academy Films
4723,87783,Eden Roc Productions
25763,306,Twentieth Century Fox Film Corporation
79694,694,StudioCanal
79694,1786,Dark Castle Entertainment
79694,6194,Warner Bros.
79694,37826,Studio Babelsberg Motion Pictures
18615,1246,River Road Entertainment
18615,6455,Edward R. Pressman Film
18615,36650,Iron Film
10673,306,Twentieth Century Fox Film Corporation
4584,441,Columbia Pictures Corporation
4584,932,Mirage Enterprises
2977,1267,Ecosse Films
2977,2689,2 Entertain
2977,6342,Bueprint Pictures
10760,10210,Morgan Creek Productions
10760,46051,Clifford Werber Productions
10760,46052,SW7D Productions
11093,27,DreamWorks SKG
11093,18619,Cobalt Media Group
11093,59951,Bisgrove Entertainment
207,9195,Touchstone Pictures
207,10282,Silver Screen Partners IV
8467,12,New Line Cinema
8467,11061,Motion Picture Corporation of America (MPCA)
639,97,Castle Rock Entertainment
639,365,Nelson Entertainment
24226,306,Twentieth Century Fox Film Corporation
9285,27,DreamWorks SKG
9285,2364,The Montecito Picture Company
74643,591,France 3 Cinéma
74643,1992,La Petite Reine
74643,2577,Studio 37
74643,8676,uFilm
74643,12391,Jouror Productions
74643,50630,La Classe Américaine
74643,71510,JD Prod
13788,134,Rogue Pictures
13788,423,Phantom Four
13788,2481,Platinum Dunes
13788,7295,Relativity Media
83666,258,Scott Rudin Productions
83666,9350,Indian Paintbrush
83666,10146,Focus Features
83666,23449,American Empirical Pictures
83666,25626,Moonrise
318850,10146,Focus Features
1417,2029,Estudios Picasso
1417,7470,Esperanto Filmoj
1417,11628,Tequila Gang
16161,5,Columbia Pictures
16161,1947,New Deal Productions
49950,829,Vertigo Entertainment
49950,3287,Screen Gems
10956,5,Columbia Pictures
10956,2608,Happy Madison Productions
9594,3470,Stone Group Pictures
4638,33,Universal Pictures
4638,443,Big Talk Productions
4638,694,StudioCanal
4638,3656,GAGA
4638,10163,Working Title Films
13972,12,New Line Cinema
5038,308,The Weinstein Company
5038,1824,Gravier Productions
5038,6538,Antena 3 Films
5038,8530,Televisió de Catalunya (TV3)
5038,11737,Antena 3 Televisión
5038,12010,Mediapro
10571,13158,Punch 21 Productions
19994,444,Dune Entertainment
19994,2890,Fox Atomic
25166,14589,Code Entertainment
25166,37498,Neverland Films
12120,6313,Weintraub Entertainment Group
12120,6314,The Catalina Production Group
9800,559,TriStar Pictures
9800,1274,Clinica Estetico
1090,5,Columbia Pictures
1090,620,Centropolis Film Productions
18475,3494,Cookout Productions
9781,12,New Line Cinema
9781,3242,Base 12 Productions
9781,90195,Corrupter Production Service Ltd.
9781,90196,Takoma Entertainment
9781,90197,KISS Nation
8009,2737,Davis-Panzer Productions
8009,6179,Thorn EMI Screen Entertainment
3877,27,DreamWorks SKG
3877,1522,Neal Street Productions
3877,7293,DreamWorks Pictures
3877,12200,Province of British Columbia Production Services Tax Credit
8854,2554,Quincy Jones-David Salzman Entertainment
8854,6194,Warner Bros.
8854,9993,DC Entertainment
152599,770,Kingsgate Films
152599,9015,Worldview Entertainment
68727,6708,Cloud Eight Films
68727,7981,Pathé
68727,8286,Decibel Films
68727,9349,Film4
12657,8411,Metro-Goldwyn-Mayer (MGM)
8265,310,Centre National de la Cinématographie
8265,356,TF1 Films Productions
8265,866,Pathé Renn Productions
8265,2355,Hirsch
8265,5358,Canal+
8265,6301,CinéCinéma
8265,11434,Région Nord-Pas-de-Calais
8265,11544,Les Productions du Chicon
8265,11545,Centre Régional des Ressources Audiovisuelles (CRRAV)
34647,225,BIM Distribuzione
34647,856,Wild Bunch
28178,1843,Grand Army Entertainment
28178,7419,Scion Films
28178,11278,Inferno Distribution
28178,11341,Stage 6 Films
28178,66327,Hachiko
28178,66328,Opperman Viner Chrystyn Entertainment
264656,2322,The Javelina Film Company
264656,6896,EuropaCorp
264656,11765,Ithaca Pictures
18777,737,Sidney Kimmel Entertainment
18777,2150,Greenestreet Films
18777,8802,Longfellow Pictures
18777,68097,Bonnie Timmermann Productions
90,4,Paramount Pictures
90,30,Eddie Murphy Productions
771,306,Twentieth Century Fox Film Corporation
771,477,Hughes Entertainment
9576,441,Columbia Pictures Corporation
9576,932,Mirage Enterprises
9576,2154,Punch Productions
9576,4267,Delphi Films
9576,10932,The Criterion Collection
744,4,Paramount Pictures
146,58,Sony Pictures Classics
146,2269,China Film Co-Production Corporation
146,2798,Columbia Pictures Film Production Asia
146,10565,Good Machine
146,12205,EDKO Film
146,20289,Asia Union Film & Entertainment Ltd.
146,20290,United China Vision
146,20291,Zoom Hunt International Productions Company Ltd.
14,27,DreamWorks SKG
14,2721,Jinks/Cohen Company
45269,308,The Weinstein Company
45269,2452,UK Film Council
45269,5005,Bedlam Productions
45269,7217,See-Saw Films
45269,7309,Aegis Film Fund
45269,7493,FilmNation Entertainment
45269,19578,Momentum Pictures
45269,19579,Molinare Investment
9493,33,Universal Pictures
22556,6536,area japan
873,56,Amblin Entertainment
873,4357,The Guber-Peters Company
873,6194,Warner Bros.
33196,5716,Polygon Entertainment
33196,7036,CJ Entertainment
33196,12621,Doosabu Film
205596,22146,Black Bear Pictures
205596,38145,Bristol Automotive
16769,33,Universal Pictures
33217,444,Dune Entertainment
33217,5420,Color Force
33217,8569,Dayday Films
132232,33,Universal Pictures
132232,10677,Toma 78
132232,10678,De Milo
11153,6194,Warner Bros.
208134,4,Paramount Pictures
208134,746,MTV Films
208134,6328,Dickhouse Productions
1165,225,BIM Distribuzione
1165,247,Granada Film Productions
1165,258,Scott Rudin Productions
1165,866,Pathé Renn Productions
1165,1178,Pathé Pictures International
1165,5358,Canal+
1165,10843,Future Films
1165,16804,France 3 Cinema
4011,4354,"Geffen Company, The"
4011,6194,Warner Bros.
17202,35,Lions Gate Films
65086,1314,Hammer Film Productions
65086,2452,UK Film Council
65086,2514,Alliance Films
65086,6417,Film i Väst
65086,8989,Talisman Productions
65086,10246,Cross Creek Pictures
65086,11448,Exclusive Media Group
65086,18230,Filmgate Films
10053,1302,Davis Entertainment
10053,3287,Screen Gems
11870,33,Universal Pictures
11778,33,Universal Pictures
11778,538,EMI Films Ltd.
586,12,New Line Cinema
586,11391,Tribeca Productions
586,11407,Baltimore Pictures
18736,2,Walt Disney Pictures
18736,89603,Teen Life Productions
134411,1450,Front Street Productions
134411,6735,Participant Media
134411,6736,Imagenation Abu Dhabi FZ
134411,11448,Exclusive Media Group
134411,14739,Spitfire Pictures
287903,33,Universal Pictures
287903,923,Legendary Pictures
9276,7405,Dimension Films
9276,11705,Los Hooligans Productions
2142,14,Miramax Films
2142,978,Across the River Productions
2142,979,Woods Entertainment
11397,333,Original Film
11397,441,Columbia Pictures Corporation
11397,2882,Neal H. Moritz Productions
77016,10405,Emmett/Furla Films
77016,11448,Exclusive Media Group
77016,11449,Hedge Fund Film Partners
77016,16312,Crave Films
77016,46961,Knightsbridge Entertainment
77016,47169,Le Grisbi Productions
77016,47354,5150 Action
11478,33,Universal Pictures
11478,333,Original Film
11478,506,Newmarket Capital Group
11478,11482,Cranium Films
266856,10163,Working Title Films
10564,306,Twentieth Century Fox Film Corporation
10564,32803,Wind Dancer Films
947,11356,Horizon Pictures (II)
24150,7405,Dimension Films
24150,10370,Spectacle Entertainment Group
24150,15822,Trancas International Films
228970,43,Fox Searchlight Pictures
228970,15829,Pacific Standard
228970,93542,bob industries
18405,134,Rogue Pictures
18405,773,Film Afrika
18405,17611,Sean S. Cunningham Films
6961,2157,26 Films
6961,12026,Gold Circle Films
6961,29018,Visionview Production
11442,7405,Dimension Films
2493,1153,Act III Communications
2493,49243,The Princess Bride Ltd.
2493,49244,Buttercup Films Ltd.
14047,308,The Weinstein Company
14047,3298,Harpo Films
14047,8801,Marshall Production
64690,2266,Bold Films
64690,2527,Marc Platt Productions
64690,3263,Odd Lot Entertainment
64690,7263,FilmDistrict
64690,11337,Motel Movies
64690,46625,Newbridge Film Capital
11132,2,Walt Disney Pictures
17127,306,Twentieth Century Fox Film Corporation
1562,284,DNA Films
1562,359,Figment Films
1562,785,Sociedad General de Cine S.A.
1562,2452,UK Film Council
1562,2890,Fox Atomic
1562,10890,Koan Films
232679,551,Mandalay Pictures
232679,10156,Affirm Films
17880,306,Twentieth Century Fox Film Corporation
14736,4319,40 Acres & A Mule Filmworks
23706,444,Dune Entertainment
23706,711,Fox 2000 Pictures
23706,4258,Fortis Films
23706,6332,Dune Entertainment III
23706,14718,Radar Pictures
9100,5,Columbia Pictures
116,7,DreamWorks
1245,5,Columbia Pictures
1245,2370,Merchant Ivory Productions
4995,12,New Line Cinema
4995,178,Ghoulardi Film Company
4995,840,Lawrence Gordon Productions
14012,306,Twentieth Century Fox Film Corporation
14012,711,Fox 2000 Pictures
14012,12194,Zucker/Netter Productions
12212,333,Original Film
12212,11317,Phoenix Pictures
12212,53473,Canal+ Droits Audiovisuels
8975,306,Twentieth Century Fox Film Corporation
8975,4024,Pacific Film and Television Commission
8975,10339,WWE Studios
342521,12,New Line Cinema
45272,2236,Maguire Entertainment
45272,3287,Screen Gems
45272,5388,Sony Pictures Home Entertainment
9424,79,Village Roadshow Pictures
9424,919,Beacon Communications
9424,2848,Hoyts Film Partnership
9424,8411,Metro-Goldwyn-Mayer (MGM)
9424,33088,Behavioral Problem Productions Ltd.
97367,737,Sidney Kimmel Entertainment
97367,8600,Electric City Entertainment
97367,22632,Verisimilitude
254904,597,Irish Dreamtime
254904,7295,Relativity Media
254904,57944,SPD Films
12162,491,Summit Entertainment
12162,770,Kingsgate Films
12162,2053,Grosvenor Park Media Ltd.
12162,10255,Voltage Pictures
12162,20343,Film Capital Europe Funds (FCEF )
12162,20344,First Light Production
11495,33,Universal Pictures
11495,10308,Dino De Laurentiis Company
64689,81,Plan B Entertainment
64689,8532,1984 Private Defense Contractors
64689,13184,Annapurna Pictures
64689,13648,Inferno Entertainment
64689,13649,Chockstone Pictures
157849,191,Senator Film Produktion
157849,1632,Lionsgate
157849,7493,FilmNation Entertainment
157849,9349,Film4
157849,13241,Demarest Films
157849,28275,The Ink Factory
157849,36615,Potboiler Productions
157849,36616,Amusement Park Films
37003,11522,National Geographic Entertainment
37003,80711,3ality Digital Entertainment
12211,2737,Davis-Panzer Productions
12211,7405,Dimension Films
51828,2335,Film 4
51828,5420,Color Force
22798,444,Dune Entertainment
22798,771,Mandate Pictures
22798,8818,Vincent Pictures
22798,17032,Barry Mendel Productions
22798,19813,Flower Films (II)
22798,93521,Rye Road Productions
22798,93522,Babe Ruthless Productions
7501,2253,Lawrence Bender Productions
97430,11112,Arcade Pictures
97430,11113,Iron Fists
12257,6194,Warner Bros.
12257,11407,Baltimore Pictures
12257,13040,Kasdan Pictures
14024,12,New Line Cinema
14024,816,FilmEngine
14024,3235,Brookwell-McNamara Entertainment
14024,15312,ChickFlick Productions
115,37,Gramercy Pictures
115,1382,PolyGram Filmed Entertainment
115,10163,Working Title Films
7874,2315,Paramount Classics
4911,60,United Artists
4911,763,Intermedia Films
4911,1809,IM Filmproduktion
4911,1810,Cosmic Pictures
4911,8411,Metro-Goldwyn-Mayer (MGM)
4911,11462,Alphaville Films
1988,81,Plan B Entertainment
1988,163,Revolution Films
1988,838,Paramount Vantage
16222,441,Columbia Pictures Corporation
9557,2090,Motion Picture Corporation of America
9557,2188,Artisan Entertainment
8321,2376,Blueprint Pictures
8321,7419,Scion Films
8321,9349,Film4
8321,10146,Focus Features
8321,20899,Twins Financing
10186,2890,Fox Atomic
25704,444,Dune Entertainment
25704,2363,Cold Spring Pictures
25704,2364,The Montecito Picture Company
25704,2890,Fox Atomic
133694,6735,Participant Media
133694,6736,Imagenation Abu Dhabi FZ
133694,10146,Focus Features
133694,29311,Media Farm
133694,29312,Sunday Night
133694,29313,Pearl Street Films
19265,58,Sony Pictures Classics
19265,856,Wild Bunch
19265,1824,Gravier Productions
19265,12966,Perdido Productions
36047,10210,Morgan Creek Productions
8053,2322,The Javelina Film Company
8053,6896,EuropaCorp
5236,1885,Silver Pictures
5236,6194,Warner Bros.
6552,441,Columbia Pictures Corporation
6552,598,Team Todd
6552,6092,Licht/Mueller Film Corporation
1018,373,Asymmetrical Productions
1018,635,Les Films Alain Sarde
1018,636,Babbo Inc.
1018,637,The Picture Factory
1018,5358,Canal+
42188,43,Fox Searchlight Pictures
42188,284,DNA Films
42188,9349,Film4
6687,2064,Lietuvos Kinostudija
6687,2065,Scout Productions
6687,2674,Telecinco Cinema
6687,7956,Castelao Producciones
6687,9335,Canal+ España
6687,10843,Future Films
6687,12370,Filmax International
6687,12371,Filmax Group
6687,12372,Universum Film (UFA)
8461,860,Celluloid Dreams
8461,2458,Tartan Films
8461,9349,Film4
8461,11509,Warner Independent Pictures (WIP)
19,4,Paramount Pictures
19,12372,Universum Film (UFA)
10045,104,Canal Plus
10045,3823,TF1 Films Production
10045,6896,EuropaCorp
400,14,Miramax Films
253450,5552,Media Asia Films
253450,5686,Sil-Metropole Organisation
253450,25345,Central Motion Pictures
253450,85047,Zhejiang Huace Film & TV
253450,85048,China Dream Film Culture Industry
253450,85049,SpotFilms
16353,3182,Iyara Films
23759,1178,Pathé Pictures International
23759,2452,UK Film Council
23759,3573,Celador Films
23759,5358,Canal+
23759,6194,Warner Bros.
23759,6301,CinéCinéma
24206,506,Newmarket Capital Group
24206,40144,Cine Grande Corporation
24206,40759,Filmline International
24206,50433,Conquistador Entertainment
24206,54940,Algonquin Productions Limited
10185,35,Lions Gate Films
10185,126,Lakeshore Entertainment
10185,2152,GreeneStreet Films
10185,22056,Midnight Picture Show
13501,769,Destination Films
13501,4384,Tempesta Films
13501,4385,Good Night Productions
172391,33805,Triggerfish Animation
137,5,Columbia Pictures
264999,6194,Warner Bros.
264999,34981,Iron Horse Entertainment (II)
454,240,Bazmark Films
454,306,Twentieth Century Fox Film Corporation
53457,83,France 2 Cinéma
53457,2577,Studio 37
53457,5358,Canal+
53457,6586,TPS Star
53457,7454,France Télévision
53457,8350,TF1 Droits Audiovisuels
53457,11246,Région Ile-de-France
53457,13855,Hugo Productions
53457,19959,A Plus Image
33,171,Malpaso Productions
33,6194,Warner Bros.
1951,76,Zentropa Entertainments
1951,119,Danmarks Radio (DR)
1951,201,Arte
1951,321,Memfis Film
1951,814,Isabella Films BV
1951,986,Degeto Film
1951,1711,Ognon Pictures
1951,3221,Sveriges Television (SVT)
1951,5358,Canal+
1951,5975,Yleisradio (YLE)
1951,6916,Arte France Cinéma
1951,7025,Westdeutscher Rundfunk (WDR)
1951,11499,Alan Young Pictures
1951,12023,Nederlandse Programma Stichting (NPS)
1951,12927,Canal+ Television AB
1951,17513,Film i Väst
1951,23207,Invicta Capital
1951,25491,Edith Film Oy
1951,30268,Pain Unlimited GmbH Filmproduktion
1951,53874,Sigma Films
1951,55428,Manderlay
12405,43,Fox Searchlight Pictures
12405,3573,Celador Films
12405,6194,Warner Bros.
12405,9349,Film4
10998,4,Paramount Pictures
114,9195,Touchstone Pictures
114,10282,Silver Screen Partners IV
2604,33,Universal Pictures
2604,4198,Ixtlan
864,5888,Walt Disney
14435,1632,Lionsgate
1931,1309,Rainforest Films
691,60,United Artists
691,7576,Eon Productions
691,10761,Danjaq
9877,333,Original Film
9877,559,TriStar Pictures
9877,11317,Phoenix Pictures
9877,53473,Canal+ Droits Audiovisuels
12227,2,Walt Disney Pictures
12227,10282,Silver Screen Partners IV
12227,12608,Hybrid Productions Inc.
71688,2452,UK Film Council
71688,5358,Canal+
71688,5654,DJ Films
71688,6301,CinéCinéma
71688,7981,Pathé
71688,9349,Film4
71688,11843,Goldcrest Pictures
71688,19749,Yuk Films
8291,5,Columbia Pictures
13950,12,New Line Cinema
12158,4,Paramount Pictures
11586,6194,Warner Bros.
12403,1302,Davis Entertainment
12403,7295,Relativity Media
12403,8853,Rogue
12403,11029,QED International
12403,22539,Tooley Productions
34563,43,Fox Searchlight Pictures
34563,444,Dune Entertainment
34563,1975,Sneak Preview Entertainment
34563,55015,Pointe Studios
10368,1702,Medusa Produzione
10368,10102,Cattleya
10368,10378,Cineritmo
10368,10379,Film and General Productions
14434,43,Fox Searchlight Pictures
11470,12,New Line Cinema
11470,17611,Sean S. Cunningham Films
11470,21783,Crystal Lake Entertainment
24940,13,Universal Studios
82679,4,Paramount Pictures
82679,2348,Nickelodeon Movies
82679,10039,Anonymous Content
82679,13204,Fake Empire
2013,591,France 3 Cinéma
2013,862,The Kennedy/Marshall Company
2013,866,Pathé Renn Productions
2013,1997,Banques Populaire Image 7
2013,5358,Canal+
2013,6301,CinéCinéma
2013,11433,C.R.R.A.V. Nord Pas de Calais
2013,11434,Région Nord-Pas-de-Calais
1440,12,New Line Cinema
1440,716,Standard Film Company
1440,2570,Bona Fide Productions
18041,79,Village Roadshow Pictures
18041,172,NPV Entertainment
18041,6194,Warner Bros.
18041,19507,Outlaw Productions (I)
87729,2370,Merchant Ivory Productions
87729,9195,Touchstone Pictures
44754,43,Fox Searchlight Pictures
44754,258,Scott Rudin Productions
44754,932,Mirage Enterprises
44754,10161,Gilbert Films
43949,86256,Reiner / Greisman Productions
142,1246,River Road Entertainment
142,3997,Alberta Film Entertainment
142,10146,Focus Features
142,10565,Good Machine
10712,7449,Clear Blue Sky Productions
243938,4,Paramount Pictures
243938,60,United Artists
243938,8411,Metro-Goldwyn-Mayer (MGM)
10876,43,Fox Searchlight Pictures
10876,376,Industry Entertainment
10876,8780,Walrus & Associates
10876,30257,Hollywood Partners
10876,75937,Charenton Productions
86838,2376,Blueprint Pictures
86838,5490,CBS Films
86838,7281,British Film Institute (BFI)
86838,9349,Film4
613,986,Degeto Film
613,2278,EOS Entertainment
613,2683,Rai Cinema
613,3391,Österreichischer Rundfunk (ORF)
613,5755,Constantin Film Produktion
613,7025,Westdeutscher Rundfunk (WDR)
613,7201,Norddeutscher Rundfunk (NDR)
1913,104,Canal Plus
1913,692,Sogecine
1913,784,Himenóptero
1913,850,Eurimages
1913,6639,Televisión Española (TVE)
1913,7248,Union Générale Cinématographique (UGC)
1913,10050,Televisión de Galicia (TVG) S.A.
1913,11408,Ministerio de Cultura
1913,11955,Sogepaq
1913,12012,Eyescreen S.r.l.
1913,28812,Filmanova
97370,698,Scottish Screen
97370,2452,UK Film Council
97370,7493,FilmNation Entertainment
97370,8073,Nick Wechsler Productions
97370,8087,Creative Scotland
97370,8092,British Film Institute
97370,9349,Film4
97370,12075,Silver Reel
97370,27543,JW Films
97370,41077,A24
801,554,Silver Screen Partners III
801,9195,Touchstone Pictures
54518,7377,Insurge Pictures
54518,7378,Magical Elves Productions
54518,7379,Scooter Braun Films
44214,43,Fox Searchlight Pictures
44214,444,Dune Entertainment
44214,7503,Protozoa Pictures
44214,10246,Cross Creek Pictures
240,4,Paramount Pictures
240,536,The Coppola Company
9816,746,MTV Films
9816,53673,Cort/Madden Productions
10131,12,New Line Cinema
339984,559,TriStar Pictures
339984,5752,Sony Pictures Entertainment
8859,306,Twentieth Century Fox Film Corporation
8859,1088,Alcon Entertainment
11967,306,Twentieth Century Fox Film Corporation
11967,10210,Morgan Creek Productions
239563,308,The Weinstein Company
239563,3314,Crescendo Productions
239563,7076,Chernin Entertainment
239563,15855,Goldenlight Films
222899,127,"Screen Gems, Inc."
222899,1309,Rainforest Films
222899,7291,Olive Bridge Entertainment
4951,1757,Mad Chance
4951,1783,Jaret Entertainment
4951,9195,Touchstone Pictures
332567,5,Columbia Pictures
332567,23513,Ombra Films
332567,67069,Weimaraner Republic Pictures
1954,12,New Line Cinema
1954,816,FilmEngine
1954,817,Katalyst Films
1954,6363,BenderSpink
1954,12200,Province of British Columbia Production Services Tax Credit
22345,559,TriStar Pictures
22345,4077,Crystal Sky Worldwide
22345,4078,Triumph
9448,559,TriStar Pictures
11186,33,Universal Pictures
136835,49968,Will Packer Productions
5876,3982,Darkwoods Productions
5876,7405,Dimension Films
264660,284,DNA Films
264660,5726,Universal Pictures International (UPI)
264660,9349,Film4
264660,41077,A24
492,37,Gramercy Pictures
492,278,Propaganda Films
492,279,Single Cell Pictures
238603,3036,Walt Disney Studios Motion Pictures
238603,10426,Panay Films
10691,9195,Touchstone Pictures
10691,12548,Ufland
1251,27,DreamWorks SKG
1251,56,Amblin Entertainment
1251,171,Malpaso Productions
1251,6194,Warner Bros.
5172,1861,Polish Brothers Construction
58680,12,New Line Cinema
58680,1947,New Deal Productions
58680,39288,Gotham Entertainment Group
264644,806,Téléfilm Canada
264644,2335,Film 4
264644,3353,Element Pictures
264644,5267,Irish Film Board
264644,7493,FilmNation Entertainment
264644,35846,No Trace Camping
264644,41077,A24
264644,82552,Elevation Pictures
11592,11308,Savoy Pictures
11592,17411,Polar Entertainment
16406,5,Columbia Pictures
3682,1483,Redeemable Features
3682,1811,FilmColony
3682,53009,Miramax
3682,61337,Dollface
107811,7295,Relativity Media
107811,8852,Virgin Produced
107811,10227,Mandeville Films
107811,52337,SkyLand Entertainment
2266,1031,Filmazure
2266,1032,Pirol Stiftung
2266,1033,Victoires International
144340,10146,Focus Features
28211,694,StudioCanal
28211,4607,"Montecito Picture Company, The"
28211,25886,Outpost Studios
47502,12,New Line Cinema
47502,14,Miramax Films
9950,2448,Yari Film Group
84892,491,Summit Entertainment
84892,2130,Mr. Mudd Production
24227,12,New Line Cinema
24227,7708,Ian Page Productions
24227,36390,3 Arts Entertainment
9672,1422,Killer Films
9672,8802,Longfellow Pictures
9672,11509,Warner Independent Pictures (WIP)
9672,33617,Jack and Henry Productions Inc.
157544,126,Lakeshore Entertainment
157544,1632,Lionsgate
157544,20851,H2F Entertainment
157544,58399,Pantelion Films
59678,2452,UK Film Council
59678,5870,Studio Canal
59678,9349,Film4
79777,7263,FilmDistrict
158011,559,TriStar Pictures
158011,10339,WWE Studios
158011,15462,Troika Pictures
158011,15463,Emergency Films
158011,15464,Apotheosis Media Group
158011,15465,Amasia Entertainment
8952,6896,EuropaCorp
62204,999,Belstar Productions
62204,2359,Stéphan Films
13435,43,Fox Searchlight Pictures
13435,2510,Mundy Lane Entertainment
319,342,Davis-Films
319,3322,August Entertainment
319,6194,Warner Bros.
319,10210,Morgan Creek Productions
9504,12,New Line Cinema
9504,67780,GGR
9504,67781,Zupnik Cinema Group II
26688,491,Summit Entertainment
26688,4194,Karz Entertainment
6615,737,Sidney Kimmel Entertainment
6615,8411,Metro-Goldwyn-Mayer (MGM)
6615,19731,Lars Productions
14574,14,Miramax Films
14574,288,BBC Films
14574,7364,Heyday Films
16,8,Fine Line Features
16,76,Zentropa Entertainments
16,119,Danmarks Radio (DR)
16,157,SVT Drama
16,201,Arte
16,321,Memfis Film
16,591,France 3 Cinéma
16,2996,Angel films
16,4524,TV 1000
16,5358,Canal+
16,5755,Constantin Film Produktion
16,5975,Yleisradio (YLE)
16,6916,Arte France Cinéma
16,7025,Westdeutscher Rundfunk (WDR)
16,7330,Blind Spot Pictures Oy
16,8659,Vrijzinnig Protestantse Radio Omroep (VPRO)
16,9349,Film4
16,11239,Liberator Productions
16,14937,Icelandic Film
16,17513,Film i Väst
16,30268,Pain Unlimited GmbH Filmproduktion
16,53667,Trust Film Svenska
16,53668,Cinematograph A/S
16,53669,What Else? B.V
16,53670,Filmek A/S
16,53671,Lantia Cinema & Audiovisivi
21612,3989,C&P Productions
36691,10226,Smartest Man Productions
36691,10254,Millennium Films
36691,23596,Paul Schiff Productions
23631,444,Dune Entertainment
23631,6332,Dune Entertainment III
23631,10807,Troublemaker Studios
23631,10808,Overnight Films
45324,8689,An Olive Branch Productions
45324,8690,Rollercoaster Entertainment
45324,8691,Vortex Words Pictures
45324,8692,Hannibal Pictures
45324,11801,Trigger Street Productions
45324,36028,Bagman (2009)
45324,36029,MCG
12144,1,Lucasfilm
12144,33,Universal Pictures
12144,56,Amblin Entertainment
12144,6422,Sullivan Bluth Studios
12144,20448,U-Drive Productions
12144,69627,Universal City Studios
56601,19901,HighRoad Entertainment
56601,19902,Prelude Pictures
56601,19903,Lone Runner Entertainment
56601,19904,Kenio Films
56601,19905,"Perfect Game, The"
9552,6194,Warner Bros.
9552,48184,Hoya Productions
578,33,Universal Pictures
578,1865,Zanuck/Brown Productions
2105,33,Universal Pictures
2105,491,Summit Entertainment
2105,506,Newmarket Capital Group
2105,3169,Zide-Perry Productions
126319,694,StudioCanal
126319,2675,La Parti Productions
126319,6973,Les Armateurs
126319,13351,Melusine Productions
126319,27350,Maybe Movies
126319,32853,Gkids
10136,4,Paramount Pictures
67660,1309,Rainforest Films
10611,8411,Metro-Goldwyn-Mayer (MGM)
154,4,Paramount Pictures
3049,6194,Warner Bros.
3049,10210,Morgan Creek Productions
860,60,United Artists
860,8791,Sherwood Productions
9281,4,Paramount Pictures
75674,7295,Relativity Media
75674,8403,Bandito Brothers
9762,491,Summit Entertainment
9762,2378,Offspring Entertainment
9762,9195,Touchstone Pictures
9762,74192,Eketahuna LLC
184,14,Miramax Films
13335,12,New Line Cinema
76726,306,Twentieth Century Fox Film Corporation
76726,444,Dune Entertainment
76726,1302,Davis Entertainment
76726,43394,Adam Schroeder Productions
10269,60,United Artists
10269,3645,Barwood Films
10269,8845,Ladbroke
36819,146,Handmade Films Ltd.
17130,4,Paramount Pictures
17130,746,MTV Films
57214,1885,Silver Pictures
57214,3527,Green Hat Films
11202,306,Twentieth Century Fox Film Corporation
9357,43,Fox Searchlight Pictures
9357,7053,Catch 23 Entertainment
13812,829,Vertigo Entertainment
13812,3287,Screen Gems
13812,22791,Andale Pictures
9030,838,Paramount Vantage
9030,4622,VN Productions
19084,43,Fox Searchlight Pictures
19084,4342,Bird and a Bear Entertainment
19084,11051,Hallway Pictures
19084,11052,Catch Productions
8386,33,Universal Pictures
8386,216,Jersey Films
8386,45689,Native Pictures Productions
1360,14,Miramax Films
1360,35,Lions Gate Films
1360,689,Ventanarosa Productions
1360,690,Handprint Entertainment
101267,4,Paramount Pictures
101267,23,Imagine Entertainment
101267,746,MTV Films
101267,7377,Insurge Pictures
222935,711,Fox 2000 Pictures
222935,12292,Temple Hill Entertainment
222935,22213,TSG Entertainment
10220,14,Miramax Films
10220,1566,Spanky Pictures
31915,4,Paramount Pictures
11601,2188,Artisan Entertainment
205220,288,BBC Films
205220,308,The Weinstein Company
205220,1219,Baby Cow Productions
205220,7981,Pathé
205220,12005,Yucaipa Films
205220,18188,Magnolia Mae Films
14191,711,Fox 2000 Pictures
14191,7747,Storefront Pictures
286565,711,Fox 2000 Pictures
129670,838,Paramount Vantage
129670,2570,Bona Fide Productions
34549,2,Walt Disney Pictures
34549,4194,Karz Entertainment
57157,4,Paramount Pictures
57157,3574,Denver and Delilah Productions
57157,9350,Indian Paintbrush
1948,35,Lions Gate Films
1948,126,Lakeshore Entertainment
1948,2152,GreeneStreet Films
1948,11152,Radical Media
46889,12,New Line Cinema
46889,216,Jersey Films
387,209,Radiant Film GmbH
387,210,Süddeutscher Rundfunk
387,1704,Bavaria Film
387,7025,Westdeutscher Rundfunk (WDR)
387,11344,Twin Bros. Productions
60599,1632,Lionsgate
60599,2394,Artina Films
60599,11093,Lucky Monkey Pictures
60599,12501,Green Room Films
60599,14580,Treehouse Pictures
60599,24930,Alvernia Studios
60599,24933,LB Productions
60599,24934,Parlay Films
227719,4,Paramount Pictures
227719,746,MTV Films
227719,2481,Platinum Dunes
227719,7377,Insurge Pictures
12088,79,Village Roadshow Pictures
12088,1302,Davis Entertainment
12088,19047,Fortress Films
14799,2265,Shangri-La Entertainment
7510,559,TriStar Pictures
31246,20877,19 Entertainment
61752,43,Fox Searchlight Pictures
61752,4319,40 Acres & A Mule Filmworks
10944,21126,Pathe Productions
10944,21128,Red Turtle
10362,846,2929 Productions
10362,856,Wild Bunch
10362,4384,Tempesta Films
1255,685,Cineclick Asia
1255,822,Happinet Pictures
1255,945,Cheongeoram
1255,946,CJ Capital Investment
179144,83,France 2 Cinéma
179144,1533,Indigo Film
179144,1677,Mediaset
179144,3366,Babe Films
179144,5358,Canal+
179144,6246,Medusa Film
179144,7981,Pathé
179144,11011,Fonds Eurimages du Conseil de l'Europe
179144,11248,Programme MEDIA de la Communauté Européenne
179144,11795,France Télévisions
179144,20416,Regione Lazio
179144,20418,Banca Popolare di Vicenza
179144,20419,Lazio Film Commission
179144,20420,Biscottificio Verona
86825,43,Fox Searchlight Pictures
86825,1645,Scott Free Productions
86825,9350,Indian Paintbrush
844,255,Paradis Films
844,354,Orly Films
844,19858,Shanghai Film Group Corporation
844,26492,Jet Tone Films
38448,1266,Octagon Films
38448,5267,Irish Film Board
38448,5703,Wayfare Entertainment
38448,5704,Little Wave Productions
38448,19961,Start Motion Pictures
38448,40605,Radio Telefís Éireann (RTÉ)
327,528,Bandai Visual Company
327,567,Office Kitano
327,6516,Tokyo FM Broadcasting Co.
327,11561,Recorded Picture Company (RPC)
327,11562,Fuzzy Bunny Films (I)
327,11563,Little Brother Inc.
21345,5552,Media Asia Films
21345,14714,China Film Group Corporation (CFGC)
21345,26240,Stellar Megamedia
21345,26241,Jiangsu Broadcasting System
21345,26242,Chuan Production Film Studio
61984,1393,Tokyo Broadcasting System (TBS)
61984,3363,Mainichi Broadcasting System (MBS)
61984,4649,Sedic
61984,6516,Tokyo FM Broadcasting Co.
61984,7093,Hokkaido Broadcasting Co.
61984,7912,Sedic International
61984,9149,Shogakukan
61984,11846,Hakuhodo DY Media Partners
61984,12383,Abe Shuji
61984,12384,Chubu-nippon Broadcasting Company (CBC)
61984,12385,RKB Mainichi Broadcasting Corporation
61984,12386,Robot Communications
61984,12387,Tohokushinsha Film
50601,17887,Midnight Sun Pictures
50601,24262,Dispictures
50601,24264,Georgia International Films
50601,24266,Rex Media
236751,559,TriStar Pictures
236751,3287,Screen Gems
236751,16314,Roth Films
107,441,Columbia Pictures Corporation
107,3287,Screen Gems
107,13419,SKA Films
8913,4,Paramount Pictures
927,56,Amblin Entertainment
927,6194,Warner Bros.
11,1,Lucasfilm
11,306,Twentieth Century Fox Film Corporation
291870,1632,Lionsgate
291870,1894,Josephson Entertainment
291870,11029,QED International
291870,28200,Ninjas Runnin' Wild Productions
291870,73666,Covert Media
291870,90185,BillBlock Media
907,8411,Metro-Goldwyn-Mayer (MGM)
45317,4,Paramount Pictures
12094,4,Paramount Pictures
10377,306,Twentieth Century Fox Film Corporation
10377,89303,Palo Vista Productions
10377,89304,Peter V. Miller Investment Corp.
249164,12,New Line Cinema
249164,8411,Metro-Goldwyn-Mayer (MGM)
9942,4,Paramount Pictures
9942,932,Mirage Enterprises
1817,711,Fox 2000 Pictures
10229,813,DiNovi Pictures
10229,5329,Pandora Pictures
10229,5367,Gaylord Films
10229,6194,Warner Bros.
687,406,Havoc
687,1382,PolyGram Filmed Entertainment
687,10163,Working Title Films
796,5,Columbia Pictures
796,505,Cruel Productions
796,506,Newmarket Capital Group
22804,1632,Lionsgate
22804,2061,Twisted Pictures
10156,306,Twentieth Century Fox Film Corporation
10156,5612,Brooksfilms
12837,43,Fox Searchlight Pictures
12837,431,Donners' Company
12837,6332,Dune Entertainment III
12837,12485,Overbrook Entertainment
17708,3929,Robert Simonds Productions
17708,9195,Touchstone Pictures
13937,33,Universal Pictures
13937,1280,Pacific Western
28932,60,United Artists
28932,4880,chateau productions
31909,16337,Cannon Pictures
167073,1508,Wildgaze Films
167073,5267,Irish Film Board
167073,7177,Item 7
167073,16486,Parallel Film Productions
3175,88,Hawk Films
3175,6194,Warner Bros.
3175,11272,Peregrine
14369,158,Spyglass Entertainment
14369,431,Donners' Company
14369,1171,Epsilon Motion Pictures
14369,9195,Touchstone Pictures
16888,2822,SNL Studios
121826,288,BBC Films
121826,13151,Headline Pictures
10646,5,Columbia Pictures
10646,497,Revolution Studios
12149,995,Cinerenta Medienbeteiligungs KG
12149,5264,American Entertainment Partners L.P.
12149,11050,David Kirschner Productions
304357,288,BBC Films
304357,8088,Origin Pictures
20009,34,Sony Pictures
20009,3287,Screen Gems
1587,4,Paramount Pictures
30973,10167,Gospel of John Ltd.
30973,10168,Toronto Film Studios
30973,10169,Visual Bible International
63020,28205,"Samuel Goldwyn Company, The"
86829,694,StudioCanal
86829,5490,CBS Films
86829,20664,Anton Capital Entertainment (ACE)
13888,441,Columbia Pictures Corporation
42345,4,Paramount Pictures
42345,64771,Tamm Productions
11917,1632,Lionsgate
11917,2061,Twisted Pictures
14395,1569,Yash Raj Films
14395,19146,Dharma Productions
24137,14,Miramax Films
24137,186,Pyramide Productions
62,385,Stanley Kubrick Productions
62,8411,Metro-Goldwyn-Mayer (MGM)
601,33,Universal Pictures
601,56,Amblin Entertainment
13067,97,Castle Rock Entertainment
13067,3323,Land Films Inc.
13067,10039,Anonymous Content
88641,365,Nelson Entertainment
96399,41537,Dos Corazones
489,14,Miramax Films
489,2253,Lawrence Bender Productions
489,23201,Be Gentlemen Limited Partnership
214,35,Lions Gate Films
214,2061,Twisted Pictures
214,23019,Evolution Entertainment
10890,5848,Columbia Pictures Industries
1588,919,Beacon Communications
316727,33,Universal Pictures
316727,729,Why Not Productions
316727,2481,Platinum Dunes
316727,3172,Blumhouse Productions
10314,14,Miramax Films
10314,870,Tapestry Films
10314,1811,FilmColony
663,35,Lions Gate Films
663,2061,Twisted Pictures
11804,33,Universal Pictures
11804,1063,Brightlight Pictures
11804,1205,Endgame Entertainment
11804,3388,The Movie Network (TMN)
11804,8582,Canadian Film or Video Production Tax Credit (CPTC)
11804,11567,Province of British Columbia Film Incentive BC
11804,11573,Corus
11804,12026,Gold Circle Films
11804,55258,White Noise UK Ltd.
16781,35,Lions Gate Films
11873,514,Silver Screen Partners
11873,9195,Touchstone Pictures
9289,306,Twentieth Century Fox Film Corporation
9289,13630,Darryl F. Zanuck Productions
10414,5888,Walt Disney
1970,768,Ghost House Pictures
1970,829,Vertigo Entertainment
1970,830,Senator International
1970,4154,Colombia Pictures
1970,4710,Fellah Pictures
9614,33,Universal Pictures
9614,1606,Brillstein-Grey Entertainment
9614,3929,Robert Simonds Productions
8922,60,United Artists
8922,70,American Zoetrope
8922,995,Cinerenta Medienbeteiligungs KG
8922,21784,Cinerenta-Cinebeta
8922,21785,VCL Communications
1648,41,Orion Pictures
17917,441,Columbia Pictures Corporation
17917,1807,Warwick Film Productions
17917,3632,Romulus Films
74534,6735,Participant Media
74534,6736,Imagenation Abu Dhabi FZ
19405,3475,Walt Disney Television Animation
19405,4254,Disney Toon Studio
9355,2537,Kennedy Miller Productions
10999,306,Twentieth Century Fox Film Corporation
10999,396,SLM Production Group
10999,1885,Silver Pictures
321258,126,Lakeshore Entertainment
321258,829,Vertigo Entertainment
321258,2912,Diamond Films
321258,18880,Showtime Networks
321258,47729,STX Entertainment
44040,33,Universal Pictures
44040,2531,Media Rights Capital
44040,6006,Night Chronicles
44040,7295,Relativity Media
10426,12,New Line Cinema
280092,34,Sony Pictures
13938,559,TriStar Pictures
13938,2730,Motown Productions
13938,3088,Delphi III Productions
10163,12,New Line Cinema
10163,5570,Allied Vision
12182,5,Columbia Pictures
12182,771,Mandate Pictures
12182,1473,Depth of Field
12182,3287,Screen Gems
1832,6644,Lions Gate
1832,16934,View Askew Productions
15301,6194,Warner Bros.
10135,60,United Artists
10135,206,Star Partners II Ltd.
10135,1885,Silver Pictures
26352,175,Caravan Pictures
26352,915,Hollywood Pictures
20616,306,Twentieth Century Fox Film Corporation
20616,2150,Greenestreet Films
20616,18619,Cobalt Media Group
20616,33433,Furthur Films
20616,89630,Forrest Films
9794,1632,Lionsgate
15037,5,Columbia Pictures
227,70,American Zoetrope
227,6194,Warner Bros.
294272,2,Walt Disney Pictures
294272,3036,Walt Disney Studios Motion Pictures
11336,4,Paramount Pictures
11336,1176,Lorimar Film Entertainment
11336,10308,Dino De Laurentiis Company
283445,2514,Alliance Films
283445,3172,Blumhouse Productions
283445,7437,IM Global
283445,7625,Automatik Entertainment
283445,8147,Entertainment One
283445,69110,Tank Caterpillar
283445,69111,Steady Aim
88036,559,TriStar Pictures
88036,11317,Phoenix Pictures
88036,11341,Stage 6 Films
88036,11466,Akil Production Company
22824,33,Universal Pictures
22824,859,Saga Film
22824,1268,Focus Films
22824,12026,Gold Circle Films
22824,12234,Chambara Pictures
22824,26082,Dead Crow Productions
22824,63903,Fourth Kind Productions
11545,9195,Touchstone Pictures
42684,134,Rogue Pictures
42684,7295,Relativity Media
42684,10936,Hydraulx
42684,12007,Rat Entertainment
42684,12158,Transmission Pictures
268238,43,Fox Searchlight Pictures
268238,6735,Participant Media
268238,30037,Blueprint Pictures
41823,33,Universal Pictures
41823,4319,40 Acres & A Mule Filmworks
9362,33,Universal Pictures
9362,3851,No Frills Film Production
9902,491,Summit Entertainment
9902,506,Newmarket Capital Group
9902,508,Regency Enterprises
9902,5755,Constantin Film Produktion
9902,24211,Stan Winston Studio
9902,24212,Media Cooperation One
9902,53350,DCP Wrong Turn Productions
14729,60,United Artists
9455,12,New Line Cinema
9455,3480,Illusion Entertainment Group
103731,7493,FilmNation Entertainment
103731,10892,Everest Entertainment
10090,4,Paramount Pictures
10090,215,Double Feature Films
10090,216,Jersey Films
10090,306,Twentieth Century Fox Film Corporation
10090,7480,Comedy Central Films
10090,37845,Principato-Young Entertainment
10090,89635,High Sierra Carpeting
75900,288,BBC Films
75900,308,The Weinstein Company
75900,2452,UK Film Council
75900,10247,Lip Sync Post
75900,22153,Trademark Films
9515,14,Miramax Films
328425,3172,Blumhouse Productions
328425,32299,Blue-Tongue Films
328425,39649,Huayi Brothers Media
328425,47729,STX Entertainment
328425,69542,Ahimsa Films
1542,306,Twentieth Century Fox Film Corporation
1542,7458,Cubicle Inc.
10490,12,New Line Cinema
10490,594,Capella International
10490,596,KC Medien AG
87093,308,The Weinstein Company
87093,2293,Silverwood Films
87093,8600,Electric City Entertainment
87093,8601,Tim Burton Productions
10029,7380,Initial Entertainment Group (IEG)
10029,10201,Interscope Communications
10029,38085,VBT Productions
10029,38086,Ballpark Productions Partnership
11507,441,Columbia Pictures Corporation
11507,7585,Delphi II Productions
37931,7295,Relativity Media
87818,2150,Greenestreet Films
87818,7295,Relativity Media
87818,8852,Virgin Produced
87818,8890,Wessler Entertainment
87818,8891,Witness Protection Films
88005,771,Mandate Pictures
88005,9350,Indian Paintbrush
88005,10039,Anonymous Content
88005,10146,Focus Features
73,12,New Line Cinema
73,924,The Turman-Morrissey Company
73,11308,Savoy Pictures
14283,164,Rhombus Media
14283,181,Channel Four Films
209403,12622,Darko Entertainment
209403,25975,Aggregate Film
7942,2245,Entertainment Films
7942,2246,Material Entertainment
7942,6847,Beech Hill Films
73247,33,Universal Pictures
253331,14580,Treehouse Pictures
9952,8411,Metro-Goldwyn-Mayer (MGM)
256924,6831,Big Indie Pictures
256924,33603,ShivHans Pictures
82532,9350,Indian Paintbrush
2088,10163,Working Title Films
2088,31080,Polygram Filmed Entertainment
2088,36907,Hilary Henkin
10388,2188,Artisan Entertainment
1640,2087,Blackfriars Bridge Films
1640,2448,Yari Film Group
1640,12260,Bob Yari Productions
1640,19528,ApolloProScreen Filmproduktion
1640,25432,Bull's Eye Entertainment
1640,25433,DEJ Productions
1640,25434,Harris Company
25520,247,Granada Film Productions
25520,718,Arts Council of England
25520,744,Diaphana Films
25520,980,The Glasgow Film Fund
25520,1270,National Lottery
25520,4343,Showtime Networks
25520,6705,Filmfour
25520,8256,"Scottish Arts Council, The"
25520,65681,Three Rivers Production
25520,65682,Progres Film Distribution
25520,65683,Kinowelt Median
329440,32300,Lava Bear Films
329440,51860,AI-Film
329440,69579,Phantom Four Films
47890,41,Orion Pictures
47890,78905,S & L Films
252512,258,Scott Rudin Productions
252512,41077,A24
55720,491,Summit Entertainment
55720,1089,Witt/Thomas Productions
55720,1473,Depth of Field
55720,28707,McLaughlin Films
55720,28708,Lime Orchard Productions
29076,915,Hollywood Pictures
29076,4258,Fortis Films
68812,1872,Bleiberg Entertainment
68812,10254,Millennium Films
73567,6633,Voltage pictures
73567,9015,Worldview Entertainment
73567,21817,ANA Media
73567,37833,Picture Perfect (I)
41479,2147,Echo Lake Productions
41479,3870,Premiere Picture
1989,539,Block 2 Pictures
1989,540,Jet Tone Production
1989,694,StudioCanal
1989,839,Lou Yi Inc.
12779,3287,Screen Gems
12779,13419,SKA Films
12779,57736,Codi S.p.a.
101173,288,BBC Films
101173,1260,Synchronistic Pictures
101173,4564,Icon Entertainment International
101173,9987,Lipsync Productions
101173,22310,Atlantic Swiss Productions
101173,23558,Hermetof Pictures
101173,23559,Magna Films
101173,23560,Kalkronkie
101173,23561,Artemis Films
101173,23563,Lonely Dragon
101173,44091,Magnolia Mae Films
20178,1030,Magnolia Pictures
20178,7357,Jerkschool Productions
78149,915,Hollywood Pictures
78149,1504,Cinergi Pictures Entertainment
245846,9015,Worldview Entertainment
25186,2780,Cube Vision
25186,7405,Dimension Films
217708,68384,Filmhuset Gruppen
217708,68385,Leiknar Myndir
78383,6644,Lions Gate
78383,7035,Lions Gate Entertainments
16614,14,Miramax Films
16614,737,Sidney Kimmel Entertainment
16614,10059,This Is That Productions
9700,35,Lions Gate Films
10471,12,New Line Cinema
667,7576,Eon Productions
86837,223,Les Films du Losange
86837,224,Wega Film
86837,1972,X-Filme Creative Pool
10306,8411,Metro-Goldwyn-Mayer (MGM)
11576,60,United Artists
11576,8040,Casey Productions
219,49,El Deseo
62215,76,Zentropa Entertainments
62215,118,Det Danske Filminstitut
62215,119,Danmarks Radio (DR)
62215,321,Memfis Film
62215,850,Eurimages
62215,3221,Sveriges Television (SVT)
62215,5358,Canal+
62215,6301,CinéCinéma
62215,7777,Slot Machine
62215,8288,Zentropa International Sweden
62215,8289,Zentropa International Köln
62215,11239,Liberator Productions
62215,14804,Swedish Film Institute
62215,17298,Centre National du Cinéma et de L'image Animée (CNC)
62215,17513,Film i Väst
62215,27897,Filmstiftung Nordrhein-Westfalen
62215,38069,Legion Entertainment
62215,38071,Edition Video
62215,38072,Nordisk Film Distribution
348,306,Twentieth Century Fox Film Corporation
348,19747,Brandywine Productions
30497,12,New Line Cinema
30497,1197,Vortex
27586,1246,River Road Entertainment
27586,2648,Road Rebel
27586,4700,Linson Entertainment
14811,60,United Artists
14811,10154,Cartier Productions
14811,13219,"Mirisch Corporation, The"
660,7576,Eon Productions
660,8411,Metro-Goldwyn-Mayer (MGM)
40794,2441,Fandango
9400,12,New Line Cinema
16162,33,Universal Pictures
16162,4319,40 Acres & A Mule Filmworks
10585,60,United Artists
2359,308,The Weinstein Company
238636,33,Universal Pictures
238636,729,Why Not Productions
238636,2481,Platinum Dunes
238636,3172,Blumhouse Productions
238636,47354,5150 Action
11282,12,New Line Cinema
14181,12,New Line Cinema
1621,4,Paramount Pictures
1621,11142,Cinema Group Ventures
9656,7405,Dimension Films
9685,60,United Artists
14425,23596,Paul Schiff Productions
15568,1840,Elevation Filmworks
15568,87838,Ursa Major Films LLC
67675,306,Twentieth Century Fox Film Corporation
67675,19328,Ryan Murphy Productions
67675,24245,Twentieth Century Fox Television
250349,3823,TF1 Films Production
250349,4696,Same Player
250349,5870,Studio Canal
250349,31229,Cinéfrance 1888
39806,7274,Island Film Group
39806,7275,Trailblazer Films
39806,7276,Screen East
15699,3102,Renaissance Films
17926,126,Lakeshore Entertainment
17926,763,Intermedia Films
17926,995,Cinerenta Medienbeteiligungs KG
9671,4,Paramount Pictures
9671,15081,Rimfire Films
13483,308,The Weinstein Company
13483,547,Open City Films
13483,2152,GreeneStreet Films
1547,6194,Warner Bros.
25196,43,Fox Searchlight Pictures
25196,3864,Butcher's Run Films
25196,9325,Informant Media
16323,306,Twentieth Century Fox Film Corporation
175528,31835,Sneak Preview Productions
8069,4,Paramount Pictures
8069,1216,Dino de Laurentiis Cinematografica
8069,1497,Marianne Productions
16727,43,Fox Searchlight Pictures
16727,6235,Mirabai Films
272693,4022,Wonderland Sound and Vision
272693,5490,CBS Films
272693,42119,Vast Entertainment
10696,306,Twentieth Century Fox Film Corporation
10696,415,Laurence Mark Productions
10696,441,Columbia Pictures Corporation
10696,89627,Glitter Productions
10696,89628,Maroon Entertainment
29963,288,BBC Films
29963,866,Pathé Renn Productions
29963,2452,UK Film Council
29963,7584,Screen Australia
29963,8724,Australian Film Finance Corporation (AFFC)
29963,26716,Hopscotch Productions
29963,26717,Jan Chapman Pictures
26022,43,Fox Searchlight Pictures
26022,2343,Red Chillies Entertainment
26022,4450,Foxstar
152747,6742,Sudden Storm Productions
152747,7493,FilmNation Entertainment
152747,14580,Treehouse Pictures
152747,14861,Before the Door Pictures
152747,14862,Washington Square Films
152747,22146,Black Bear Pictures
1116,225,BIM Distribuzione
1116,707,Matador Pictures
1116,744,Diaphana Films
1116,1898,Bórd Scannán na hÉireann
1116,2274,Element Films
1116,2452,UK Film Council
1116,3012,Pathé Distribution
1116,5267,Irish Film Board
1116,7680,Tornasol Films
1116,12695,Sixteen Films
1116,12696,Regent Capital
1116,19929,EMC Produktion
1116,19930,Cinéart
1116,19931,TV3 Television Network Ireland
1116,19932,Filmcoopi Zürich
1116,19933,Oil Flick Films No.2
185008,19146,Dharma Productions
11620,8411,Metro-Goldwyn-Mayer (MGM)
680,14,Miramax Films
680,59,A Band Apart
680,216,Jersey Films
242582,2266,Bold Films
242582,24049,Sierra / Affinity
11217,43,Fox Searchlight Pictures
11217,2773,Broken Lizard Industries
11217,52949,Coconut Pete Productions
15121,306,Twentieth Century Fox Film Corporation
15121,6304,Robert Wise Productions
15121,6305,Argyle Enterprises
2619,9195,Touchstone Pictures
773,43,Fox Searchlight Pictures
773,2570,Bona Fide Productions
773,12808,Big Beach Films
235,5,Columbia Pictures
235,1153,Act III Communications
235,90896,The Body
235,90897,Act III
170,284,DNA Films
170,10889,British Film Council
10734,4,Paramount Pictures
10734,15298,Malpaso Company
40807,491,Summit Entertainment
40807,771,Mandate Pictures
225565,14580,Treehouse Pictures
668,60,United Artists
668,7576,Eon Productions
668,10761,Danjaq
11596,12,New Line Cinema
14429,306,Twentieth Century Fox Film Corporation
14429,81132,Grand March Productions
14429,81133,Amy Robinson Productions
13751,35,Lions Gate Films
13751,846,2929 Productions
13751,879,Out of the Blue... Entertainment
13751,1708,Starbucks Entertainment
13751,5227,Cinema Gypsy Productions
9490,33,Universal Pictures
14536,1632,Lionsgate
14536,2923,Edmonds Entertainment Group (EEG)
14536,2924,Epidemic Pictures
14536,11565,The Safran Company
14536,12026,Gold Circle Films
1359,35,Lions Gate Films
1359,6455,Edward R. Pressman Film
1359,15231,Muse Productions
9962,43,Fox Searchlight Pictures
9962,29602,Hungry Eye Lowland Pictures B.V.
9962,29603,Flan de Coco Films
15049,7169,Park Ex Pictures
15049,88298,Sortie 22
22821,2461,Chris Brinker Productions
22821,11341,Stage 6 Films
37735,3287,Screen Gems
37735,7291,Olive Bridge Entertainment
10873,831,Saturn Films
51588,2,Walt Disney Pictures
51588,2201,Rickshaw Productions
291270,32542,Starburns Industries
44009,9349,Film4
44009,10100,Thin Man Films
13154,4234,Original Pictures
13154,6194,Warner Bros.
43923,10146,Focus Features
26306,915,Hollywood Pictures
198277,1785,Likely Story
198277,10105,Apatow Productions
198277,11448,Exclusive Media Group
198277,14319,Sycamore Pictures
7870,2297,Class 5 Films
13072,136,City Light Films
10288,35,Lions Gate Films
10288,2743,Astral Media
10288,4251,Anagram Pictures Inc.
44147,707,Matador Pictures
44147,2268,Isle of Man Film
44147,5644,Magic Light Pictures
44147,5705,CinemaNX
44147,6984,Cinema Four
44147,12696,Regent Capital
44147,23164,Entertainment Film Distributors
13197,446,Thinkfilm
251321,7543,Arcadia Motion Pictures
251321,10046,Wanda Visión S.A.
251321,11517,Buffalo Gal Pictures
149,528,Bandai Visual Company
149,882,Toho Company
149,3363,Mainichi Broadcasting System (MBS)
149,6999,Kodansha
149,9155,Tokyo Movie Shinsha (TMS)
149,10919,TMS Entertainment
149,10920,Akira Committee Company Ltd.
149,10921,Sumitomo Corporation
10425,8056,Eclectic pictures
10425,10254,Millennium Films
302,83,France 2 Cinéma
302,104,Canal Plus
302,147,Fidélité Productions
302,148,Gimages
302,149,FOZ
302,150,Headforce Ltd.
403,80,The Zanuck Company
403,2630,Majestic Films International
33542,12,New Line Cinema
33542,2521,Golden Harvest Company
9388,43,Fox Searchlight Pictures
9388,3567,Room 9 Entertainment
1691,35,Lions Gate Films
1691,1633,Next Entertainment
1691,3287,Screen Gems
24684,288,BBC Films
2610,1171,Epsilon Motion Pictures
2610,1172,Hyde Park Films
2610,1173,Shopgirl
2610,9195,Touchstone Pictures
11022,4,Paramount Pictures
11022,35,Lions Gate Films
11022,44,Cruise/Wagner Productions
12569,14,Miramax Films
73873,8717,Chrysalis Films
7735,5755,Constantin Film Produktion
301365,2266,Bold Films
301365,20580,Amazon Studios
301365,50481,Vendian Entertainment
301365,67574,Space Rocket Nation
25941,2395,HanWay Films
25941,2452,UK Film Council
25941,5374,Marv Films
7326,43,Fox Searchlight Pictures
7326,771,Mandate Pictures
681,60,United Artists
681,7576,Eon Productions
681,10761,Danjaq
238,4,Paramount Pictures
238,10211,Alfran Productions
535,4,Paramount Pictures
19913,43,Fox Searchlight Pictures
19913,4364,Watermark
19913,6332,Dune Entertainment III
713,418,New South Wales Film & Television Office
713,5186,The Australian Film Commission
713,7832,CiBy 2000
713,14089,Jan Chapman Productions
77930,8850,Extension 765
77930,34981,Iron Horse Entertainment (II)
253,60,United Artists
253,7576,Eon Productions
253,10761,Danjaq
57119,559,TriStar Pictures
57119,11341,Stage 6 Films
57119,14577,Sony Pictures Worldwide Acquisitions (SPWA)
57119,71959,TDJ Enterprises / New Dimensions Entertainment
57119,71960,Our Stories Films
3291,846,2929 Productions
3291,2030,Participant Productions
3291,11509,Warner Independent Pictures (WIP)
3291,14175,Davis Films
3291,14315,Section Eight Productions
3291,20451,Redbus Pictures
3291,51850,Tohokushinsha
398,58,Sony Pictures Classics
398,213,Cooper's Town Productions
398,214,Eagle Vision Inc.
398,11715,Manitoba Film and Video Production Tax Credit
398,12200,Province of British Columbia Production Services Tax Credit
398,54280,Infinity Media
398,54281,A-Line Pictures
8068,5,Columbia Pictures
8068,11705,Los Hooligans Productions
10803,8411,Metro-Goldwyn-Mayer (MGM)
682,60,United Artists
682,7576,Eon Productions
682,10761,Danjaq
10117,1885,Silver Pictures
10117,1887,Lorimar Motion Pictures
79316,306,Twentieth Century Fox Film Corporation
79316,1302,Davis Entertainment
79316,22213,TSG Entertainment
2074,14,Miramax Films
308639,14638,Forest Whitaker's Significant Productions
308639,15495,Revolt Films
308639,58445,IamOTHER Entertainment
22314,4380,Suntaur Entertainment Company
2662,33,Universal Pictures
2662,10370,Spectacle Entertainment Group
12573,2092,Mike Zoss Productions
12573,5870,Studio Canal
12573,7295,Relativity Media
12573,10146,Focus Features
12573,10163,Working Title Films
241771,7295,Relativity Media
241771,8840,Homegrown Pictures
241771,42321,Black Entertainment Television (BET)
241771,86115,Relativity Sports
241771,86116,Undisputed Cinema
11051,33,Universal Pictures
11051,5231,Cineplex-Odeon Films
14578,14,Miramax Films
14578,8014,Eagle Beach Productions
13006,7676,Entertainment
13006,15231,Muse Productions
13006,75037,Challenge Film Corporation
13006,75038,XYZ Funding N.V.
16651,3208,3Mark Entertainment
4251,1569,Yash Raj Films
14112,58,Sony Pictures Classics
14112,278,Propaganda Films
14112,10565,Good Machine
71859,288,BBC Films
71859,4748,Oscilloscope Laboratories
33676,5337,Tijuana Productions
33676,5338,Tiberius Film Productions
44835,7507,DRO Entertainment
44835,8869,The Last Picture Company
44835,8870,CatchPlay
44835,8871,Corner Store Entertainment
44835,8872,Filmula
44835,8873,Handsomecharlie Films
44835,42325,American Work
44835,49731,Dreamagine Entertainment
306745,215,Double Feature Films
306745,1205,Endgame Entertainment
306745,52053,High Frequency Entertainment
47088,856,Wild Bunch
47088,1785,Likely Story
47088,3782,Tax Credit Finance
47088,36390,3 Arts Entertainment
110402,27593,Lenfilm Studio
110402,69586,Sever Studio
110402,69587,Kanal Russia 1
27004,4624,Immortal Thoughts
27004,22712,Three Good Men
8374,1403,Franchise Pictures
8374,11342,Brood Syndicate
8374,20088,B.D.S. Productions Inc.
164372,1038,Bazelevs Production
13001,8411,Metro-Goldwyn-Mayer (MGM)
13001,72565,Kawoosh! Productions DTV I
9571,37,Gramercy Pictures
9571,6556,Alphaville Productions
9571,10932,The Criterion Collection
82505,5855,A Bigger Boat
82505,7295,Relativity Media
82505,7493,FilmNation Entertainment
46738,313,TS Productions
46738,7272,Micro scope
46738,7273,Phi Group
250546,12,New Line Cinema
250546,11565,The Safran Company
250546,31375,Evergreen Media Group
250546,41624,RatPac-Dune Entertainment
650,441,Columbia Pictures Corporation
16620,441,Columbia Pictures Corporation
16620,15117,New Visions Pictures
11033,1138,Filmways Pictures
11033,10317,Cinema 77 Films
9430,5,Columbia Pictures
8998,34,Sony Pictures
10514,33,Universal Pictures
76025,2395,HanWay Films
76025,2452,UK Film Council
76025,2514,Alliance Films
76025,7217,See-Saw Films
76025,9349,Film4
76025,9987,Lipsync Productions
4836,58,Sony Pictures Classics
4836,5374,Marv Films
87499,1645,Scott Free Productions
18923,1422,Killer Films
18923,11351,Hart-Sharp Entertainment
28089,4748,Oscilloscope Laboratories
218,41,Orion Pictures
218,1280,Pacific Western
218,3952,Hemdale Film
218,4764,Cinema 84
218,7745,Euro Film Funding
338,46,WDR
338,201,Arte
338,1972,X-Filme Creative Pool
10925,469,Hemdale Film Corporation
10925,4763,Fox Films Ltd.
10925,4764,Cinema 84
2293,37,Gramercy Pictures
2293,11462,Alphaville Films
2293,16934,View Askew Productions
621,4,Paramount Pictures
621,3978,Robert Stigwood Organization (RSO)
792,41,Orion Pictures
792,469,Hemdale Film Corporation
1777,225,BIM Distribuzione
1777,8734,Fellowship Adventure Group
642,306,Twentieth Century Fox Film Corporation
642,381,Campanile Productions
642,382,Newman-Foreman Productions
433,3166,Walt Disney Productions
1725,60,United Artists
1725,8268,Seven Arts
1725,90571,Mirisch Pictures
11977,41,Orion Pictures
11977,6194,Warner Bros.
16158,746,MTV Films
629,361,Blue Parrot Productions
629,9168,Bad Hat Harry Productions
10160,12,New Line Cinema
11452,870,Tapestry Films
11452,2188,Artisan Entertainment
12163,831,Saturn Films
12163,856,Wild Bunch
12163,7503,Protozoa Pictures
12163,7504,Top Rope
32275,62,The Selznik Studio
32275,614,Vanguard Films
1103,494,AVCO Embassy Pictures
1103,500,Goldcrest Films International
1103,502,International Film Investors
1103,664,City Film
14144,497,Revolution Studios
14144,559,TriStar Pictures
10622,2521,Golden Harvest Company
13370,97,Castle Rock Entertainment
10215,4,Paramount Pictures
10215,14,Miramax Films
10215,763,Intermedia Films
10215,932,Mirage Enterprises
25066,4319,40 Acres & A Mule Filmworks
25066,11308,Savoy Pictures
1523,43,Fox Searchlight Pictures
1523,245,Cowboy Films
1523,284,DNA Films
1523,698,Scottish Screen
1523,2452,UK Film Council
1523,6705,Filmfour
1523,20369,Slate Films
1523,20370,Tatfilm
11361,4351,Trans Pacific Films
92591,97,Castle Rock Entertainment
92591,6352,Horsethief Pictures
92591,6667,Mandalay Vision
92591,8116,Wind Dancer Productions
92591,11510,Detour Filmproduction
57612,5313,3D Entertainment
57612,5314,Gavin McKinney Underwater Productions
15256,4,Paramount Pictures
83686,5490,CBS Films
83686,12545,Also Known As Pictures
28053,11093,Lucky Monkey Pictures
28053,16647,CineSon Entertainment
28053,61416,Filmsmith Productions
28053,61417,Medici Entertainment
28053,61418,Gremi Film Production
67913,2452,UK Film Council
67913,3314,Crescendo Productions
67913,3353,Element Pictures
67913,5267,Irish Film Board
67913,6901,Prescience
67913,7308,Reprisal Films
67913,7309,Aegis Film Fund
13991,8411,Metro-Goldwyn-Mayer (MGM)
1443,70,American Zoetrope
231576,215,Double Feature Films
231576,856,Wild Bunch
231576,9015,Worldview Entertainment
16172,10104,New Regency Pictures
16172,20555,Taurus Film
16172,62072,Polar Entertainment Corporation
15797,14175,Davis Films
15797,89388,Freestone Pictures
13537,35,Lions Gate Films
13537,44,Cruise/Wagner Productions
13537,14652,Baumgarten Merims Productions
20794,3840,Numb Gums Production Inc.
576,4051,Warner Brothers/Seven Arts
13990,11665,SBK Pictures
13990,25838,Occupant Entertainment
27549,1113,Les Films 21
27549,1432,Republic Pictures
59728,79538,McCreary Entertainment
59728,79539,Angel City Pictures
58882,37041,IDG China Media
97614,694,StudioCanal
97614,762,Mutual Film Company
97614,846,2929 Productions
97614,1030,Magnolia Pictures
97614,12199,Madhouse Entertainment
837,33,Universal Pictures
837,541,Famous Players Ltd
837,542,Guardian Trust Company
837,543,Filmplan International II
1555,732,Mate Producciones S.A.
244783,9015,Worldview Entertainment
16564,11301,Max TV
16564,11931,Prime Time
16564,12045,Isabella Films B.V.
16564,12046,Fu Works
16564,12047,Isabella Films
3482,64,Les Productions Artistes Associés
3482,7110,Les Films Ariane
3482,11929,Dear Film Produzione
8982,308,The Weinstein Company
8982,6018,Sahamongkol Film International
8982,8211,Vivendi
455,43,Fox Searchlight Pictures
455,1490,Kintop Pictures
455,2406,Filmförderung Hamburg
455,2452,UK Film Council
14351,2894,360 Pictures
14351,2895,Dribble Productions
14351,2896,Platinum Equity
10664,3631,Filmax
9277,33,Universal Pictures
9443,306,Twentieth Century Fox Film Corporation
9443,6194,Warner Bros.
9443,7049,Enigma Productions
9443,7965,The Ladd Company
9443,8770,"Allied Stars, Ltd."
11901,33,Universal Pictures
11901,171,Malpaso Productions
33155,1010,Marimark Productions
321,4096,icon
4997,35,Lions Gate Films
925,33,Universal Pictures
925,4319,40 Acres & A Mule Filmworks
7913,2319,Flicks Motion Pictures
7913,2320,UTV Motion Pictures
230266,2009,Maipo Film- og TV Produksjon
215,35,Lions Gate Films
215,1053,Got Films
215,2061,Twisted Pictures
215,23019,Evolution Entertainment
215,64651,Saw 2 Productions
333371,4,Paramount Pictures
333371,11461,Bad Robot
333371,78177,Spectrum Effects
9012,4,Paramount Pictures
9012,746,MTV Films
9012,6328,Dickhouse Productions
9012,90661,Lynch Siderow Productions
345911,8781,New Line Productions
345911,13554,Matter Productions
345911,76907,Atomic Monster
72571,4,Paramount Pictures
72571,3172,Blumhouse Productions
72571,6302,Room 101
72571,21223,Solana Films
242512,33,Universal Pictures
242512,1778,Dentsu Inc.
242512,2481,Platinum Dunes
242512,2531,Media Rights Capital
242512,3172,Blumhouse Productions
242512,3341,Fuji Television Network
242512,22826,Hasbro Studios
242512,47354,5150 Action
242512,88762,White Noise Factory
10072,12,New Line Cinema
10072,1531,Smart Egg Pictures
211954,3631,Filmax
211954,23770,Signature Entertainment
211954,47231,Pinema
211954,58399,Pantelion Films
82990,4,Paramount Pictures
82990,3172,Blumhouse Productions
82990,6302,Room 101
82990,21223,Solana Films
29912,306,Twentieth Century Fox Film Corporation
11843,60,United Artists
11843,10257,Jewel Productions
11843,10258,Pimlico Films
11843,15980,Incorporated Television Company (ITC)
11284,12,New Line Cinema
504,28,Newmarket Films
173,3166,Walt Disney Productions
227348,3172,Blumhouse Productions
227348,6302,Room 101
227348,21223,Solana Films
1955,5612,Brooksfilms
152532,13,Universal Studios
152532,33,Universal Pictures
152532,10255,Voltage Pictures
152532,19631,Truth Entertainment
243940,1632,Lionsgate
243940,3172,Blumhouse Productions
243940,55265,Chapter One Films
77,491,Summit Entertainment
77,506,Newmarket Capital Group
77,598,Team Todd
77,34446,I Remember Productions
157547,1224,Intrepid Pictures
157547,3172,Blumhouse Productions
157547,7295,Relativity Media
157547,10339,WWE Studios
157547,24510,MICA Entertainment
2295,308,The Weinstein Company
2295,16934,View Askew Productions
71,288,BBC Films
71,686,Tiger Aspect Productions
71,694,StudioCanal
71,718,Arts Council of England
71,10163,Working Title Films
71,10462,WT2 Productions
147773,43,Fox Searchlight Pictures
147773,3263,Odd Lot Entertainment
147773,14319,Sycamore Pictures
24266,4293,Cambridge Productions
59968,308,The Weinstein Company
59968,1785,Likely Story
59968,12808,Big Beach Films
59968,19749,Yuk Films
323677,12686,Forecast Pictures
323677,50083,Solofilms
323677,50084,JoBro Productions & Film Finance
323677,78218,Trinity Race
256274,33,Universal Pictures
256274,923,Legendary Pictures
256274,66930,Brothers Dowdle Productions
284293,1422,Killer Films
284293,6831,Big Indie Pictures
284293,26590,Backup Media
284293,28361,BSM Studio
24973,306,Twentieth Century Fox Film Corporation
21610,33,Universal Pictures
21610,3986,Martin Poll Productions
21610,3987,The Production Company
10283,4,Paramount Pictures
10283,17611,Sean S. Cunningham Films
10283,62948,Horror Inc.
8346,3268,Home Box Office (HBO)
8346,4171,Playtone
8346,12026,Gold Circle Films
8346,22210,Ontario Film Development Corporation
8346,95018,MPH Entertainment Productions
122081,8924,RabbitBandini Productions
122081,14036,Division Films
122081,14531,Pop Films
122081,14718,Radar Pictures
122081,15231,Muse Productions
122081,17719,MJZ
122081,26676,O' Salvation
122081,78780,Iconoclast
10987,14,Miramax Films
1391,1101,Bésame Mucho Pictures
1391,1102,Producciones Anhelo
1391,10932,The Criterion Collection
747,33,Universal Pictures
747,443,Big Talk Productions
747,694,StudioCanal
747,9349,Film4
747,10163,Working Title Films
747,10462,WT2 Productions
747,53047,De Wolfe Music
747,53048,Inside Track 2
26748,97,Castle Rock Entertainment
26748,441,Columbia Pictures Corporation
26748,11948,Rio Dulce
11357,7405,Dimension Films
14854,21468,1818
14854,21469,Lone Wolf McQuade Associates
14854,21470,Topkick Productions
50357,1038,Bazelevs Production
50357,7405,Dimension Films
50357,24923,Bekmambetov Projects Ltd.
13090,7374,Back Lot Pictures
13090,12807,Overture Films
13090,12808,Big Beach Films
192141,2266,Bold Films
192141,2877,Living Films
192141,66930,Brothers Dowdle Productions
29996,13479,Edward Small Productions
351819,16313,Open Road Films (II)
22649,4,Paramount Pictures
11042,186,Pyramide Productions
11042,280,Cinémaginaire Inc.
11042,806,Téléfilm Canada
11042,807,The Harold Greenberg Fund
11042,4042,Astral Films
11042,5358,Canal+
11042,9115,Société Radio-Canada
11042,9116,Société de Développement des Entreprises Culturelles (SODEC)
11042,18367,Centre National de la Cinématographie (CNC)
17339,441,Columbia Pictures Corporation
335,4,Paramount Pictures
335,218,Rafran Cinematografica
335,11386,Finanzia San Marco
15745,2188,Artisan Entertainment
17431,3316,Liberty Films UK
17431,3317,Lunar Industries
17431,3318,Xingu Films
17431,12018,Limelight Fund
78394,29943,N3D Land Productions
78394,54610,Mantello Brothers Productions
10217,8,Fine Line Features
10217,579,Alliance Communications
46332,729,Why Not Productions
46332,7453,Armada Films
46332,7454,France Télévision
46332,7455,Cinémage 4
46332,7456,Cofinova 6
46332,7457,Soficinéma 6
13996,7653,Zininsa Film Production
13996,18524,Intellectual Properties Worldwide
1024,11,WingNut Films
1024,14,Miramax Films
1024,294,New Zealand Film Commission
1024,2306,Fontana Productions
343795,10405,Emmett/Furla Films
343795,68117,Giving Films
45658,7436,Birdsong Pictures
45658,7437,IM Global
16148,97,Castle Rock Entertainment
16148,441,Columbia Pictures Corporation
16148,20719,Manifest Film Company
4553,7302,Filmax Entertainment
4553,7956,Castelao Producciones
4553,9335,Canal+ España
4553,9974,Instituto de la Cinematografía y de las Artes Audiovisuales (ICAA)
4553,52107,ICF
245916,27450,The Combine
245916,27451,Bluegrass Films
27585,7400,Olympus Pictures
1415,1420,ContentFilm
313922,1976,Film Science
313922,49389,Broad Green Pictures
199933,67480,Atlas 3 Productions
13685,18,Gracie Films
13685,441,Columbia Pictures Corporation
46838,2273,Eden Rock Media
298312,3172,Blumhouse Productions
298312,12236,Blinding Edge Pictures
11600,3097,HDNet Films
11600,22884,The Film Farm
31175,200,Corazón International
31175,6419,Biograf Jan Svěrák
12498,14,Miramax Films
77949,288,BBC Films
77949,5870,Studio Canal
77949,8087,Creative Scotland
77949,8088,Origin Pictures
77949,9987,Lipsync Productions
1690,1507,International Production Company
1690,1631,Raw Nerve
1690,1632,Lionsgate
1690,1633,Next Entertainment
1690,3287,Screen Gems
1690,17793,Hostel LLC
64720,10936,Hydraulx
64720,21925,REI Capital
64720,21926,Grove Hill Productions
64720,21927,Strange Matter Films
16337,4110,Cannon Films
11577,8411,Metro-Goldwyn-Mayer (MGM)
77987,9,Gaumont
77987,856,Wild Bunch
77987,2266,Bold Films
77987,17513,Film i Väst
77987,19865,A Grand Elephant
9336,6194,Warner Bros.
9336,7965,The Ladd Company
5689,441,Columbia Pictures Corporation
712,181,Channel Four Films
712,1382,PolyGram Filmed Entertainment
712,10163,Working Title Films
13342,33,Universal Pictures
13342,8794,Refugee Films
10339,6194,Warner Bros.
10339,14373,Moulin Productions Inc.
1429,4319,40 Acres & A Mule Filmworks
1429,9195,Touchstone Pictures
9303,10308,Dino De Laurentiis Company
9303,10355,Spelling Films
641,2188,Artisan Entertainment
252680,559,TriStar Pictures
252680,3291,Provident Films
252680,6427,Pure Flix Entertainment
252680,10156,Affirm Films
252680,80078,FourBoys Entertainment
141,185,Pandora Cinema
141,2214,Flower Films
141,3334,Adam Fields Productions
39800,53303,Werc Werk Works
36419,2224,Plum Pictures
36419,6020,Harbor Light Entertainment
36419,12410,Lleju Productions
510,60,United Artists
510,286,Fantasy Films
510,6194,Warner Bros.
375290,3522,T-Series
375290,3942,Hari Om Entertainment Co.
375290,35063,Cape Of Good Films
116613,10393,Vertigo Films
116613,10896,Exponential Films
116613,22789,Embargo Films
1088,654,South Pacific Pictures
3040,1038,Bazelevs Production
3040,1039,Channel One Russia
3040,1040,TABBAK
3040,1272,The First Channel
11386,14,Miramax Films
11386,181,Channel Four Films
11386,927,Palace Pictures
11386,1202,Nippon Film Development and Finance Inc.
11386,8876,Eurotrustees
11386,12745,British Screen Productions
10246,2124,Melvin Simon Productions
10246,10313,Astral Bellevue Pathé
10331,638,Laurel Group
10331,3139,Off Color Films
10331,14121,Image Ten
10331,14122,Market Square Productions
153,70,American Zoetrope
703,60,United Artists
27191,4,Paramount Pictures
1365,35,Lions Gate Films
1365,695,Lee Daniels Entertainment
287424,1632,Lionsgate
287424,3604,Grindstone Entertainment Group
287424,12075,Silver Reel
287424,52924,Sly Predator
287424,52925,Matt Baer Films
287424,68506,Gold Star Films
287424,74208,Lotus Entertainment (I)
451,60,United Artists
451,15547,Intial Productions
241251,33,Universal Pictures
241251,1620,Nuyorican Productions
241251,3172,Blumhouse Productions
241251,44783,Smart Entertainment
40494,5799,Joanna Productions
39781,6667,Mandalay Vision
39781,6691,10th Hole Productions
39781,10146,Focus Features
39781,10161,Gilbert Films
39781,23910,Saint Aire Production
39781,23911,Artist International
39781,23912,Antidote Films (I)
39781,23913,Artist International Management
8337,33,Universal Pictures
8337,17823,Alive Films
8337,17824,Larry Franco Productions
5925,60,United Artists
5925,219,The Mirisch Corporation
146203,694,StudioCanal
146203,5490,CBS Films
85350,307,IFC Films
85350,11510,Detour Filmproduction
512,288,BBC Films
512,289,Ingenious Film Partners
512,290,Ingenious Media
512,291,Perdido Prod.
13408,1632,Lionsgate
11536,60,United Artists
11536,516,Seven Arts Productions
2370,33,Universal Pictures
9809,33,Universal Pictures
5,14,Miramax Films
5,59,A Band Apart
11013,4730,Slough Pond
11013,4731,double A Films
10132,5231,Cineplex-Odeon Films
10132,8814,Ten-Four Productions
8141,2147,Echo Lake Productions
8141,2332,Bi-polar Pictures
8141,14589,Code Entertainment
8141,35444,Independent Film Group
8141,35445,Carol Baum Productions
8141,35446,Dillinger Productions
8141,35447,Green Tulip Productions
48572,7784,The Harvey Boys
48572,7785,NVSH Productions
48572,9081,Phase 4 Films
14517,769,Destination Films
14517,6254,"Jim Henson Company, The"
157847,9015,Worldview Entertainment
157847,10989,Muskat Filmed Properties
157847,14037,Dreambridge Films
157847,20848,Rough House Pictures
25719,718,Arts Council of England
25719,1270,National Lottery
25719,4413,Gruber Bros.
25719,24356,Tomboy Films
25719,36978,Winchester Multimedia PLC
48309,1212,Empire Pictures
44945,925,Nu Image Films
44945,10254,Millennium Films
44945,65129,Dark Harbor Stories
111190,9,Gaumont
111190,2564,Ciné@
111190,5358,Canal+
111190,7584,Screen Australia
111190,10951,Screen NSW
111190,11795,France Télévisions
111190,15671,France 2 Cinéma
111190,21079,Hopscotch Features
111190,22983,Mon Voisin Productions
54580,357,Vía Digital
54580,850,Eurimages
54580,6279,Continental Producciones
54580,9974,Instituto de la Cinematografía y de las Artes Audiovisuales (ICAA)
54580,10050,Televisión de Galicia (TVG) S.A.
54580,11737,Antena 3 Televisión
54580,11955,Sogepaq
54580,12009,Elías Querejeta Producciones Cinematográficas S.L.
54580,12010,Mediapro
54580,12011,Quo Vadis Cinéma
54580,12012,Eyescreen S.r.l.
52015,1360,Glass Eye Pix
52015,2341,Belladonna Productions
52015,3768,Off Hollywood Pictures
60422,8872,Filmula
81390,4098,Carnaby International
81390,4250,Molinare Studios
81390,21937,Eigerwand Pictures
22301,13866,The Caddo Company
874,441,Columbia Pictures Corporation
874,571,Highland Films
10774,60,United Artists
10774,8411,Metro-Goldwyn-Mayer (MGM)
770,1553,Selznick International Pictures
770,8411,Metro-Goldwyn-Mayer (MGM)
29715,441,Columbia Pictures Corporation
29715,11971,Jerry Bresler Productions
25209,8411,Metro-Goldwyn-Mayer (MGM)
37495,9349,Film4
37495,10485,Drafthouse Films
37495,12180,Warp Films
37495,15308,Wild Bunch Distribution
34769,2514,Alliance Films
34769,5486,Darius Films
34769,64753,Insight Film Releasing
35032,8411,Metro-Goldwyn-Mayer (MGM)
8618,284,DNA Films
8618,288,BBC Films
8618,2452,UK Film Council
3116,60,United Artists
3116,1323,Florin Productions
3116,1324,Jerome Hellman Productions
9427,181,Channel Four Films
9427,306,Twentieth Century Fox Film Corporation
9427,8764,Redwave Films
813,4,Paramount Pictures
10634,12,New Line Cinema
9516,12,New Line Cinema
16288,1950,New World Pictures
16288,14180,Laurel Entertainment Inc.
23330,6194,Warner Bros.
18900,441,Columbia Pictures Corporation
18900,29364,Pax Enterprises
27029,6194,Warner Bros.
26268,6194,Warner Bros.
573,33,Universal Pictures
310131,6531,Parts and Labor
310131,30666,RT Features
310131,34456,Rooks Nest Entertainment
310131,41641,Maiden Voyage Pictures
310131,57430,Pulse Films
310131,61011,Scythia Films
310131,79434,Code Red Productions
310131,79435,Mott Street Pictures
310131,79436,Very Special Projects
11363,43,Fox Searchlight Pictures
3033,35,Lions Gate Films
3033,13495,Flashpoint (I)
3033,18880,Showtime Networks
25376,5517,100 Bares
25376,5623,Haddock Films S.R.L.
25376,6458,Instituto Nacional de Cine y Artes Audiovisuales (INCAA)
25376,6639,Televisión Española (TVE)
25376,7680,Tornasol Films
25376,9335,Canal+ España
25376,11408,Ministerio de Cultura
25376,11427,Instituto de Crédito Oficial (ICO)
25376,21915,Televisión Federal (Telefe)
765,3102,Renaissance Films
765,47380,Rosebud Productions
46146,1003,Filmkameratene A/S
46146,5241,Film Fund FUZZ
46146,56050,SF Norge A/S
14256,2448,Yari Film Group
14256,11027,Stratus Film Co.
12535,306,Twentieth Century Fox Film Corporation
12535,1296,Crossbow Productions
1667,856,Wild Bunch
1667,5358,Canal+
1667,7658,Buena Vista International Film Production France
1667,8661,Alliance de Production Cinematographique (APC)
1667,66329,L'Institut Polare Français Paul-Émile Victor
1667,66330,National Geographic Films
1667,66331,Bonne Pioche
50839,6692,Benaroya Pictures
50839,14861,Before the Door Pictures
50839,14862,Washington Square Films
50839,46225,Untitled Entertainment
13973,43,Fox Searchlight Pictures
13973,1836,Contrafilm
13973,1962,ATO Pictures
13973,3272,Aramid Entertainment Fund
13973,6332,Dune Entertainment III
13973,52896,Choke Film
244786,2266,Bold Films
244786,3172,Blumhouse Productions
244786,32157,Right of Way Films
598,345,O2 Filmes
598,346,VideoFilmes
598,856,Wild Bunch
598,10954,Globo filmes
598,11444,Lumiere
598,11445,Hank Levine Film
598,11446,Lereby Productions
11129,2920,Irish Screen
103663,76,Zentropa Entertainments
103663,118,Det Danske Filminstitut
103663,119,Danmarks Radio (DR)
103663,850,Eurimages
103663,851,MEDIA Programme of the European Union
103663,3221,Sveriges Television (SVT)
103663,7446,Svenska Filminstitutet (SFI)
103663,8555,Nordisk Film- & TV-Fond
103663,74636,Film Väst
301748,29646,Magna Global Entertainment
301748,37765,Verdi Productions
108346,85721,Fox Entertainment Group
805,4,Paramount Pictures
805,10324,William Castle Productions
11697,4,Paramount Pictures
11697,10698,John Ford Productions
55347,6531,Parts and Labor
55347,7400,Olympus Pictures
55347,10146,Focus Features
8469,33,Universal Pictures
8469,13298,Oregon Film Factory
8469,13300,Stage III Productions
658,60,United Artists
658,7576,Eon Productions
658,10761,Danjaq
1585,6,RKO Radio Pictures
1585,11770,Liberty Films (II)
627,14,Miramax Films
627,181,Channel Four Films
627,358,Noel Gay Motion Picture Company
627,359,Figment Films
627,9349,Film4
41436,4,Paramount Pictures
41436,3172,Blumhouse Productions
41436,21223,Solana Films
1430,803,Alliance Atlantis Communications
1430,11104,TiMe Film- und TV-Produktions GmbH
1430,26136,Vif Babelsberger Filmproduktion GmbH & Co. Zweite KG
1430,26137,Dog Eat Dog Films
1430,26138,Iconolatry Productions Inc.
1430,26139,Salter Street Films International
1430,26140,United Broadcasting Inc.
10014,12,New Line Cinema
10014,1531,Smart Egg Pictures
11257,500,Goldcrest Films International
11257,11493,National Film Finance Corporation (NFFC)
11257,11494,Curzon Film Distributors
158015,33,Universal Pictures
158015,729,Why Not Productions
158015,2481,Platinum Dunes
158015,3172,Blumhouse Productions
158015,18065,20th Century Fox Russia
82507,2514,Alliance Films
82507,3172,Blumhouse Productions
82507,7437,IM Global
82507,7625,Automatik Entertainment
82507,23277,Possessed Pictures
261,100,Avon Production
261,8411,Metro-Goldwyn-Mayer (MGM)
1685,306,Twentieth Century Fox Film Corporation
1685,12943,APJAC Productions
20737,2,Walt Disney Pictures
10991,3034,TV Tokyo
10991,3035,4 Kids Entertainment
10991,12288,Nintendo
10991,12653,Pikachu Project
10991,66289,Oriental Light and Magic (OLM)
10991,89163,Kids' WB
10991,89164,Pikachu Project 2001
10991,89165,Shoakuken
10225,4,Paramount Pictures
826,441,Columbia Pictures Corporation
826,11356,Horizon Pictures (II)
34086,9195,Touchstone Pictures
34086,10282,Silver Screen Partners IV
5854,33,Universal Pictures
284,60,United Artists
284,11241,The Mirisch Company
10285,12,New Line Cinema
10285,17611,Sean S. Cunningham Films
5780,33,Universal Pictures
292,2448,Yari Film Group
22013,60,United Artists
821,60,United Artists
821,526,Roxlom Films
3089,60,United Artists
3089,1316,Monterey Productions
3089,1317,Charles K. Feldman Group
132344,97,Castle Rock Entertainment
132344,11510,Detour Filmproduction
132344,19246,Faliro House Productions
132344,20313,Venture Forth
15158,33,Universal Pictures
15158,3046,Spacegate Productions
15158,3146,Starway International Inc.
10557,5996,BBC
10557,7151,Assassin Films
10557,9349,Film4
28005,6235,Mirabai Films
28005,6236,NDF International
252,4,Paramount Pictures
252,3434,David L. Wolper Productions
18892,559,TriStar Pictures
18892,3058,Crossroads Films
18892,67035,Kramer-Tornell Productions
549,53009,Miramax
549,93380,Eleventh Street Production
549,93381,Jon Kilik
868,563,Movieworld Productions
868,564,Industrial Development Corporation of South Africa
868,565,UK Film & TV Production Company
868,566,National Film & Video Foundation of South Africa
10683,1422,Killer Films
10683,10565,Good Machine
246403,9081,Phase 4 Films
246403,13241,Demarest Films
246403,13642,SModcast Pictures
246403,41077,A24
670,398,Egg Films
670,399,Show East
49010,164,Rhombus Media
49010,6869,Yer Dead Productions
49010,7320,Telefilm Canada
49010,17457,Whizbang Films
24469,288,BBC Films
24469,1049,Kasander Film Company
24469,1420,ContentFilm
24469,2452,UK Film Council
84174,4740,Gary Sanchez Productions
84174,10290,BCDF Pictures
38541,4306,Instinctive Film
38541,11715,Manitoba Film and Video Production Tax Credit
38541,13362,Preferred Content
38541,34994,Julijette
38541,46135,Ink Connection
38541,46136,BR Group
38541,46137,Manitoba Film & Music
234212,4564,Icon Entertainment International
234212,7405,Dimension Films
234212,7424,First Point Entertainment
234212,7437,IM Global
26039,8411,Metro-Goldwyn-Mayer (MGM)
26039,8880,Winkler Films
666,393,MACT Productions
666,394,Videofilms
666,395,Riofilm
248,1044,Franton Production
43942,7367,Chad Troutwine Films
43942,7368,Green Film Company
43942,7369,Human Worldwide
43942,7370,Loki Films
10476,746,MTV Films
239,219,The Mirisch Corporation
239,11982,Ashton Productions
10281,4,Paramount Pictures
630,31892,Loew's Incorporated
3034,306,Twentieth Century Fox Film Corporation
3034,1296,Crossbow Productions
3034,1297,Gruskoff/Venture Films
3034,1298,Jouer Limited
13025,3240,Artfire Films
17264,60,United Artists
15875,4,Paramount Pictures
43306,8411,Metro-Goldwyn-Mayer (MGM)
11072,1296,Crossbow Productions
11072,6194,Warner Bros.
9730,4,Paramount Pictures
9730,93280,"Friday Four, Inc."
209274,125,Danish Film Institute
209274,486,Portobello Pictures
209274,850,Eurimages
209274,6476,Canal+ Polska
209274,6477,Opus Film
209274,11240,Polski Instytut Sztuki Filmowej
209274,44171,Phoenix Film Investments
209274,72682,City of Lodz
209274,72683,Phoenix Film Poland
14139,10086,Arsénico Producciones
14139,12955,Zip Films
14139,23501,Fine Productions
14139,23502,Karbo Vantas Entertainment
872,8411,Metro-Goldwyn-Mayer (MGM)
139038,1205,Endgame Entertainment
139038,1608,Wayans Bros. Entertainment
139038,7437,IM Global
139038,10427,Open Road Films
10676,33,Universal Pictures
1687,306,Twentieth Century Fox Film Corporation
1687,12943,APJAC Productions
24748,4,Paramount Pictures
401,43,Fox Searchlight Pictures
401,215,Double Feature Films
401,216,Jersey Films
401,11728,Camelot Pictures
401,11729,Large's Ark Productions
76,98,Detour Film Production
84329,9118,Samuel Goldwyn Films
84329,11341,Stage 6 Films
84329,13466,Park Pictures
84329,13467,TBB
84329,13468,Dog Run Pictures
84329,13469,White Hat
157386,2575,21 Laps Entertainment
157386,19194,Andrew Lauren Productions (ALP)
157386,30133,Global Produce
157386,41077,A24
46849,1607,Gold/Miller Productions
46849,5113,120dB Films
46849,38616,Paradise Productions
46849,38617,Quantum Entertainment
46849,38618,MovieBank
46849,38619,Galaxy Productions
20764,1785,Likely Story
45132,10059,This Is That Productions
45132,14406,Ambush Entertainment
45132,14407,Crimson Bolt
49471,5,Columbia Pictures
49471,4319,40 Acres & A Mule Filmworks
7512,306,Twentieth Century Fox Film Corporation
7512,20992,Ternion Pictures
11798,1917,EM Media
11798,2452,UK Film Council
11798,2690,Screen Yorkshire
11798,3519,Big Arty Productions
43546,8411,Metro-Goldwyn-Mayer (MGM)
17820,8411,Metro-Goldwyn-Mayer (MGM)
756,2,Walt Disney Pictures
9728,4,Paramount Pictures
9728,7513,Jason Productions
9731,4,Paramount Pictures
9731,16779,Georgetown Productions Inc.
43610,8411,Metro-Goldwyn-Mayer (MGM)
887,28205,"Samuel Goldwyn Company, The"
8329,3631,Filmax
657,60,United Artists
657,7576,Eon Productions
657,10761,Danjaq
11561,13954,Rollins-Joffe Productions
270303,8714,Northern Lights Films
270303,26995,Animal Kingdom
270303,52739,Two Flints
11624,60,United Artists
595,33,Universal Pictures
8810,2537,Kennedy Miller Productions
226,43,Fox Searchlight Pictures
226,54,The Independent Film Channel Productions
226,307,IFC Films
226,1422,Killer Films
226,11351,Hart-Sharp Entertainment
92182,6930,Elle Driver
92182,25904,Tazora Films
582,201,Arte
582,336,Wiedemann & Berg Filmproduktion
582,337,Creado Film
582,7333,Bayerischer Rundfunk (BR)
72213,559,TriStar Pictures
72213,3291,Provident Films
72213,10156,Affirm Films
72213,41967,Sherwood Pictures
72213,63902,Alabama Production Group
990,306,Twentieth Century Fox Film Corporation
990,22820,Rossen Films
55604,8411,Metro-Goldwyn-Mayer (MGM)
9662,58,Sony Pictures Classics
9662,7488,Production Champion
9662,7489,Vivi Film
80,97,Castle Rock Entertainment
80,98,Detour Film Production
80,11509,Warner Independent Pictures (WIP)
55,5084,Altavista Films
55,11230,Zeta Film
11023,43,Fox Searchlight Pictures
11023,1143,Sound for Film
11023,10163,Working Title Films
11023,23912,Antidote Films (I)
33667,306,Twentieth Century Fox Film Corporation
39013,10039,Anonymous Content
39013,19778,Winter's Bone Productions
43839,306,Twentieth Century Fox Film Corporation
44639,58,Sony Pictures Classics
44639,5388,Sony Pictures Home Entertainment
301351,10163,Working Title Films
7873,308,The Weinstein Company
331190,16322,Itaca Films
331190,30531,BN Films
331190,56735,Brightside Entertainment
331190,56736,1019 Entertainment
331190,65927,Yoruba Saxon Productions
15186,14,Miramax Films
15186,14729,Populist Pictures
15186,69989,Monophonic Inc.
1378,1615,Fortissimo Films
1378,1616,Process Productions
1378,1617,Q Television
8885,1848,Les Films d'Ici
8885,17931,Bridgit Folman Film Gang
8885,17932,Razor Film Produktion
250124,2699,Caviar Films
250124,3916,Cold Iron Pictures
250124,41640,Archer Gray
42889,4740,Gary Sanchez Productions
42889,37845,Principato-Young Entertainment
10656,9,Gaumont
24746,4714,HSX Films
273899,347,Centropolis Entertainment
273899,54502,Mel's Cite du Cinema
20653,2,Walt Disney Pictures
20653,1569,Yash Raj Films
20653,3036,Walt Disney Studios Motion Pictures
20653,89347,Disney World Cinema
28260,4777,Ozla Productions
13075,4732,Red Envelope Entertainment
115210,1898,Bórd Scannán na hÉireann
115210,5267,Irish Film Board
115210,18078,Fantastic Films
115210,23457,MPI Media Group
115210,23459,Tailored Films
115210,23460,Solid Entertainment
11302,60,United Artists
11302,13309,Jack Rollins & Charles H. Joffe Productions
26388,2577,Studio 37
26388,11564,Versus Entertainment
26388,11565,The Safran Company
26388,11566,Dark Trick Films
38358,655,Strike Entertainment
38358,694,StudioCanal
38358,11112,Arcade Pictures
702,1317,Charles K. Feldman Group
702,6194,Warner Bros.
935,88,Hawk Films
935,441,Columbia Pictures Corporation
84175,2291,Journeyman Pictures
84175,6714,Court 13 Pictures
84175,12219,Cinereach
1705,306,Twentieth Century Fox Film Corporation
1705,22542,Apjac International
4929,60,United Artists
104,1972,X-Filme Creative Pool
104,7025,Westdeutscher Rundfunk (WDR)
10894,29693,A Loopy Production LLC
10894,29694,2 Loop Films
1688,306,Twentieth Century Fox Film Corporation
1688,12943,APJAC Productions
43947,5860,Anchor Bay Films
43947,10399,Cinetel Films
43947,21624,Family of the Year Productions
24066,14,Miramax Films
24066,16833,Marked Entertainment
191714,2320,UTV Motion Pictures
34106,5,Columbia Pictures
11426,441,Columbia Pictures Corporation
13909,6,RKO Radio Pictures
592,4,Paramount Pictures
592,536,The Coppola Company
592,14120,The Directors Company
10758,24133,Night and Day Pictures
11690,4110,Cannon Films
3083,5,Columbia Pictures
9344,14,Miramax Films
10707,769,Destination Films
10707,9118,Samuel Goldwyn Films
10707,63520,Sony Pictures International
15647,43,Fox Searchlight Pictures
15647,4143,Eden Wurmfeld Films
15647,11078,Cineric
15647,84889,Michael Alden Productions
15647,84890,Brad Zions Films
4174,1553,Selznick International Pictures
49018,2514,Alliance Films
49018,7437,IM Global
49018,11341,Stage 6 Films
49018,21742,Haunted Movies
13820,11463,Edge City
17113,1840,Elevation Filmworks
17113,7380,Initial Entertainment Group (IEG)
17113,26468,IFC Productions
17113,37334,Jack and Rose Productions
129139,787,3 Arts Entertainment
129139,1557,The Mark Gordon Company
507,285,Live Entertainment
4012,1539,Fuller Films
4012,14159,Seven Arts Pictures
10972,236,October Films
10972,987,USA Films
10972,2065,Scout Productions
3082,60,United Artists
3082,1315,Charles Chaplin Productions
1961,552,Dark Horse Entertainment
1961,3086,Image Entertainment
23963,12975,Ponty Up Pictures
23963,12976,Shadow Shows
104755,2514,Alliance Films
104755,3172,Blumhouse Productions
104755,7437,IM Global
104755,7625,Automatik Entertainment
104755,21742,Haunted Movies
408,3166,Walt Disney Productions
39209,1787,Central Cinema Company Film
39209,12146,Palomar Pictures International
39209,12147,Kingston Film Productions Ltd.
100,146,Handmade Films Ltd.
100,491,Summit Entertainment
100,1382,PolyGram Filmed Entertainment
100,13419,SKA Films
100,21920,The Steve Tisch Company
223,1553,Selznick International Pictures
9725,4,Paramount Pictures
9725,7512,"Georgetown Productions, Inc."
28580,6033,Paramount
23730,1950,New World Pictures
23730,85889,C.H.U.D. Productions
19997,306,Twentieth Century Fox Film Corporation
43266,306,Twentieth Century Fox Film Corporation
176,35,Lions Gate Films
176,2061,Twisted Pictures
176,23019,Evolution Entertainment
176,55405,Saw Productions Inc.
39939,43,Fox Searchlight Pictures
39939,2773,Broken Lizard Industries
11219,4,Paramount Pictures
11219,10715,Alfred J. Hitchcock Productions
176124,261,Samuel Goldwyn
176124,3291,Provident Films
500,285,Live Entertainment
500,1632,Lionsgate
500,26198,Dog Eat Dog Productions Inc.
429,60,United Artists
429,5755,Constantin Film Produktion
429,7508,Produzioni Europee Associati (PEA)
429,42498,Arturo González Producciones Cinematográficas S.A.
89750,17027,National Film Board of Canada (NFB)
43884,6194,Warner Bros.
7553,1305,L.I.F.T. Production
7553,2273,Eden Rock Media
39895,6087,Conquest Productions
94329,860,Celluloid Dreams
94329,12141,Pt. Merantau Films
94329,12142,XYZ Films
289,6194,Warner Bros.
1366,60,United Artists
5769,1980,Woodfall Film Productions
277685,1038,Bazelevs Production
277685,3172,Blumhouse Productions
103,441,Columbia Pictures Corporation
103,46059,Italo/Judeo Productions
103,46060,Bill/Phillips
11298,494,AVCO Embassy Pictures
11298,502,International Film Investors
11298,10312,Wescom Productions
646,60,United Artists
646,7576,Eon Productions
9003,1950,New World Pictures
9003,15338,Cinemarque Entertainment BV
9003,15339,Film Futures
9003,15340,Rivdel Films
347126,79986,Pure Flix Productions
10092,33,Universal Pictures
10643,622,Toho Film (Eiga) Co. Ltd.
46705,2290,Hunting Lane Films
46705,2293,Silverwood Films
46705,7215,Incentive Filmed Entertainment
46705,11335,Chrysler Corporation
46705,11336,Shade Pictures
46705,11337,Motel Movies
46705,11338,Cottage Industries
546,307,IFC Films
546,308,The Weinstein Company
76487,6302,Room 101
76487,24048,Prototype
5722,306,Twentieth Century Fox Film Corporation
39833,306,Twentieth Century Fox Film Corporation
1781,2253,Lawrence Bender Productions
1781,2315,Paramount Classics
1781,6735,Participant Media
18712,14317,Republic Pictures (I)
171424,9015,Worldview Entertainment
171424,18142,Dragonfly Entertainment
171424,55497,Sobras International Pictures
171424,73624,Top Hat Releasing
171424,73625,BH Tilt
113947,1591,Rhino Films
113947,13195,Such Much Films
32456,43,Fox Searchlight Pictures
13508,3241,Electric Entertainment
13508,4925,Plinyminor
13508,8746,Papercut Films
26791,6337,Main Street Movie Company
123678,9158,Spring Films
123678,29062,Final Cut for Real
123678,29063,Piraya Film A/S
123678,29064,Novaya Zemlya
13362,2740,Jigsaw Productions
18206,308,The Weinstein Company
18206,13358,Pin Hole Productions LLC
13856,2830,Rival Pictures
29146,634,ABC Pictures
29146,88161,Cinerama Releasing Corporation
654,5,Columbia Pictures
654,388,Horizon Pictures
91070,34951,Stardust Pictures
91070,47330,Dot Dot Dot Productions
2009,859,Saga Film
2009,5545,Mobra Films
2009,35020,Mindshare Media
2009,69462,Centrul National al Cinematografiei (CNC)
2009,73925,McCann-Erickson
2009,73926,Televiziunea Romana (TVR1)
2009,73927,"Hubert Bals Fund of the Rotterdam Festival, The"
2652,12355,Vulcan Productions Inc.
9813,769,Destination Films
3170,3166,Walt Disney Productions
15708,328,TLA Releasing
84200,52241,AdScott Pictures
47889,75712,Ruby in Paradise
47889,75713,Full Crew/Say Yea
14451,3553,Euforia Film
14451,23682,FilmCamp
14451,44992,Miho Film
14451,44993,Barentsfilm
14451,44995,Yellow Bastard Production
14451,44996,News On Request (NOR)
14451,44997,Zwart Arbeid
838,1,Lucasfilm
838,33,Universal Pictures
838,536,The Coppola Company
84332,1974,Duplass Brothers Productions
84332,12808,Big Beach Films
74725,16853,Rook Films
74725,17817,Warp X
58428,1360,Glass Eye Pix
58428,4592,Dark Sky Films
288,60,United Artists
288,893,Stanley Kramer Productions
14275,8,Fine Line Features
14275,13042,Kartemquin Films
7859,446,Thinkfilm
7859,2290,Hunting Lane Films
7859,2291,Journeyman Pictures
7859,2292,Original Media
7859,2293,Silverwood Films
7859,2294,Traction Media
3080,6,RKO Radio Pictures
2667,2188,Artisan Entertainment
2667,15160,Haxan Films
9459,3816,Wadleigh-Maurice
9459,6194,Warner Bros.
704,413,Proscenium Films
704,3462,Walter Shenson Films
704,11506,Maljack Productions
14438,3290,Carmel Entertainment
14438,3291,Provident Films
14438,9118,Samuel Goldwyn Films
14438,10156,Affirm Films
14438,41967,Sherwood Pictures
83,22376,Plunge Pictures LLC
30315,56482,Arachnid Productions Ltd.
2056,921,Next Wednesday Productions
2056,922,SenArt Films
14271,23,Imagine Entertainment
14271,33,Universal Pictures
14271,1632,Lionsgate
12281,3095,Whitewater Films
346,882,Toho Company
45649,5358,Canal+
45649,5381,Backup Films
45649,6111,Arte France
45649,6916,Arte France Cinéma
45649,6930,Elle Driver
45649,12856,1.85 Films
45649,20856,Realitism Films
45649,23002,Sindika Dokolo
43933,829,Vertigo Entertainment
15624,41047,Prophecy Pictures Ltd.
15624,60473,Gordonstreet Pictures
3062,6194,Warner Bros.
8193,4,Paramount Pictures
8193,43,Fox Searchlight Pictures
8193,746,MTV Films
8193,2339,Access Films
8193,2340,Napoleon Pictures Limited
8193,6196,Carnival Films
23827,3172,Blumhouse Productions
23827,21223,Solana Films
762,416,Python (Monty) Pictures Limited
762,463,Michael White Productions
762,464,National Film Trustee Company
762,465,Twickenham Film Studios
9029,306,Twentieth Century Fox Film Corporation
9029,508,Regency Enterprises
9029,748,Mosaic Media Group
9029,2575,21 Laps Entertainment
9029,4916,Penn Station Entertainment
9029,6332,Dune Entertainment III
11240,181,Channel Four Films
11240,10163,Working Title Films
11240,73964,SAF Productions
3059,1307,Triangle Film Corporation
3059,1308,Wark Producing Corp.
65203,8411,Metro-Goldwyn-Mayer (MGM)
764,467,Renaissance Pictures
103620,1992,La Petite Reine
103620,2577,Studio 37
103620,5358,Canal+
103620,10611,Ciné+
14278,446,Thinkfilm
389,60,United Artists
389,10212,Orion-Nova Productions
3078,441,Columbia Pictures Corporation
21525,4,Paramount Pictures
21525,746,MTV Films
55123,8,Fine Line Features
11980,7405,Dimension Films
73981,254,Pandora Filmproduktion
73981,13198,Monsoon Films Private Limited
73981,13199,Pan Nalin Pictures
73981,13200,Sunrise Filmvertriebs AG
118452,2813,Forensic Films
118452,40126,Toast Films
13282,1950,New World Pictures
2255,14,Miramax Films
2255,16934,View Askew Productions
431,806,Téléfilm Canada
431,21953,Feature Film Project
431,22207,Cube Libre
431,22208,Harold Greenberg Fund
431,22209,Odeon Films
431,22210,Ontario Film Development Corporation
431,22211,Viacom Canada
51942,41680,Bill Plympton Studios
60420,838,Paramount Vantage
60420,2313,Andrea Sperling Productions
60420,9350,Indian Paintbrush
60420,13369,Super Crispy Entertainment
60420,21892,Ascension Productions
109729,40796,Filmworks/FX
109729,40797,Prettybird
109729,40798,Post Empire Films
109729,40799,Sodium Fox
3060,8411,Metro-Goldwyn-Mayer (MGM)
18533,1917,EM Media
18533,3272,Aramid Entertainment Fund
18533,10393,Vertigo Films
18533,11366,Str8jacket Creations
18533,11367,4DH Films
18533,11368,Perfume Films
139948,23648,Apostle Productions
35073,19558,Jack Dietz Productions
9659,2537,Kennedy Miller Productions
9659,8831,Mad Max Films
9659,11962,Crossroads
10218,14,Miramax Films
10218,2833,Independent Pictures (II)
10218,8824,The Alfred Shay Company Inc.
391,60,United Artists
391,5755,Constantin Film Produktion
391,10481,Jolly Film
391,19498,Ocean Films
43595,4,Paramount Pictures
54897,33632,GraceWorks Pictures
21334,11460,The Institute for the Intellectual Development of Children & Young Adults
79120,1917,EM Media
79120,10441,The Bureau
79120,10442,Glendale Picture Company
79120,10443,Synchronicity Films
55420,8145,Artists Public Domain
5822,2404,Yeah
39141,26468,IFC Productions
39141,26469,InDigEnt (Independent Digital Entertainment)
39141,53009,Miramax
39141,86089,Dolly Hall Productions
5723,491,Summit Entertainment
5723,11571,Samson Films
5723,25489,RTE
1779,6194,Warner Bros.
1779,26137,Dog Eat Dog Films
84355,1424,Ada Films
339408,423,Phantom Four
339408,551,Mandalay Pictures
339408,13240,Bron Studios
339408,53155,Tiny Giant Entertainment
18925,769,Destination Films
299245,12,New Line Cinema
299245,3172,Blumhouse Productions
299245,4220,Management 360
299245,69581,Tremendum Pictures
985,12226,American Film Institute (AFI)
985,17877,Libra Films
473,379,Truth and Soul Pictures Inc
473,7503,Protozoa Pictures
473,22566,Harvest Filmworks
473,22567,Plantain Films
9372,8735,Kathbur Pictures
47607,65873,Tiny Ponies
242095,28163,Automatik Entertainment
242095,28286,Low Spark Films
242095,87213,Signal Film Group
2292,14,Miramax Films
2292,16934,View Askew Productions
692,407,Dreamland Productions
36095,881,Daiei Studios
14337,446,Thinkfilm
9367,5,Columbia Pictures
